,news
0,A ‘lifeline’ restored in Rayalaseema: Andhra minister hails FCRA nod for Rural Development Trust
1,"Strengthen security, monitoring of LPG supply chain: Centre to states, UTs"
2,"He killed comrade for wanting to surrender. Month later, Odisha’s top Maoist lays down arms himself"
3,"Jharkhand to Greater Noida via Ahmedabad – journey of a teenage girl ‘trafficked, confined by couple’"
4,West Asia conflict: PM Modi says India has adequate crude storage and arrangements for supplies despite ‘serious crisis’
5,"PM’s foreign policy a ‘universal joke’, says Rahul; Kharge seeks answers on energy crisis"
6,"Opposition demands all-party meet on Women’s Reservation Act amendment, seeks govt note"
7,Bihar’s heroin menace: Rs 69 lakh seizure exposes interstate network
8,"Papa Rao, Bastar’s last standing Naxal leader, set to surrender"
9,"Keeping seeds, feeding families: The quiet labour of women farmers"
10,How the Middle East war has brought MP’s basmati exports to a standstill
11,No refund if tickets cancelled less than 8 hours before scheduled journey: Railways revises seat booking rules
12,Kerala Weather Update: IMD issues yellow alert; Kerala braces for ‘hot and humid’ week
13,"Gold, Silver Rate Today, 24 March 2026 Live Updates: Gold jumps Rs 1,200 in Delhi after recent fall, silver flat"
14,"Gold Rate Today, March 24: Check 18, 22 and 24 carat gold prices in Chennai, Mumbai, Delhi, Kolkata and other cities"
15,‘Days of Royalty are Over’: Behind the explosive fallout between Tripura CM and the royal scion ahead of April polls
16,Rajasthan villagers spend night at collectorate as protest against cement plant intensifies
17,"After 48 years, Puri Jagannath temple’s Ratna Bhandar inventory starts: How ‘secret chambers’ will be audited"
18,"Fresh arrest in Bihar paper leak case, accused ‘transported 30 candidates’ in SUVs to Hazaribagh hotel"
19,Non-tribals can no longer contest polls for Garo hills council
20,"BJP seal on Election Commission letter in Kerala: ‘It is no secret,’ quips CPM; CEO calls it clerical error"
21,"They wanted to teach father, son ‘how to behave with police’: Behind brutal 2020 custodial killings in Tamil Nadu"
22,"Over half a dozen Navy warships in Gulf region, will escort Indian-flagged vessels when needed"
23,"Held by Iran last December, eight Indian sailors on way home"
24,Jaishankar speaks to Marco Rubio on ‘energy security concerns’
25,"Speedboat accident: Gautam Singhania back in India, families of two missing reach Maldives"
26,"Govt introduces Bill to amend Companies, LLP laws, refers it House panel amid Opp objections"
27,"People going back to firewood, every sector under pressure: Opposition"
28,Jharkhand Mukti Morcha releases list of 21 for Assam polls
29,"In letter to Sitharaman, Anil Ambani expresses willingness to repay dues, seeks panel to crystallise amount, timeline"
30,"Rs 8,585 crore in dues pending recovery in Chhattisgarh: CAG"
31,"PM silent about assault on Iran, his LS speech dialogue-baazi: Congress"
32,"BJP leader, J-K minister slam bid to drop topics on Sir Syed, Iqbal from Jammu University syllabus: ‘Intellectual vandalism’"
33,Tamil Nadu polls: BJP emerges with more tickets than last time as AIADMK walks a tightrope after 2024 disaster
34,"West Asia conflict dominates LS debate, Opp flags financial stress on households, govt defends growth-oriented policies"
35,Red Fort blast probe: Raids across J-K as NIA continues ‘efforts to unravel larger conspiracy’
36,"West Asia conflict: No contact from Kerala interns on ship anchored at Iran port for 24 days, families demand clarity"
37,"Manipur woman, CAPF personnel injured in separate firing incidents"
38,"Goa municipal councillor’s son accused of filming and circulating videos of minor girls, arrested"
39,"India’s first fully digitised Met observatory launched in Pune; paradigm shift, says IMD chief"
40,‘We are orphans’: BJP legislator hits out at party’s govt in Madhya Pradesh over ‘neglect’
41,Indian Railways clears final location survey for 191 km new line connecting Rajasthan and Haryana
42,"Crackdown on cattle smuggling intensifies in Odisha under BJP rule; cases, arrests spike"
43,"Will the war in the Gulf impact MRI services in India? No immediate panic, but if the conflict drags on, a crisis could emerge, say experts"
44,What first-ever analysis of Parliament questions on disability issues revealed
45,"Justice Ujjal Bhuyan calls for more tolerance for dissent, says some in judiciary ‘more loyal than the king’"
46,From Strait of Hormuz to dialogue and diplomacy: 5 takeaways from PM Modi’s Lok Sabha speech on West Asia conflict
47,No safe haven for terrorists in J&K anymore: LG Manoj Sinha
48,"Railways fences 16,398 km tracks for safe train operations; check zone-wise data"
49,Blast outside sarpanch residence in Jammu border village
50,"Gold Rate Today, March 23: Check 18, 22 and 24 carat gold prices in Chennai, Mumbai, Delhi, Kolkata and other cities"
51,Assam twist: BJP minister Nandita Garlosa jumps ship to Congress
52,Kerala polls: ‘Hindu MLA’ remarks by BJP’s Guruvayur candidate land him in trouble with election officials
53,Assam election: Rumblings of discontent among BJP leaders dropped for recent recruits from Congress
54,"How surprise field visits by Madhya Pradesh CM proved costly for top admin, police officers"
55,"Drop Jinnah, Sir Syed, Iqbal from Political Science syllabus: Jammu University panel after ABVP protest"
56,"On Bihar Diwas, PM Modi praises Nitish for state’s development"
57,"West Asia conflict: PM reviews mitigating measures planned, sets up team of key ministers"
58,"8,931 days: Union ministers, BJP chief hail Modi for becoming longest-serving head of elected govt"
59,28-year-old woman killed after ropeway cable snaps in Chhattisgarh
60,‘Criminalising lived realities’: Protests across India against Transgender Persons Amendment Bill
61,"Video of teacher caning student at Vedic school in Ujjain goes viral, police register case"
62,"Railways revises allowance rates for Loco Pilots, Guards and Firemen"
63,"‘No longer luxury, necessity for middle class’: Kejriwal urges Centre to regulate airfares amid West Asia conflict"
64,"Titagarh Rail Systems, BHEL to form JV for maintenance of Vande Bharat Sleeper trains"
65,"4 cops injured in RPG attack on commando post in Assam, ULFA(I) claims responsibility"
66,RITES secures LoA for maintenance of Indian Railways’ 1st high-speed test track
67,"Air India and Air India Express to operate 50 flights, Indigo issues travel advisory for passengers"
68,"‘It all happened in a minute’: An ‘illegal’ contract, a Rs 7,000 risk and 3 dead men in Raipur"
69,‘We wouldn’t have agreed if Biren was in power’: Kuki-Zo leaders come to the table as new Manipur CM extends olive branch
70,The private CCTV that helped Jammu police catch ‘Badaa Prince’ and gang sabotaging city surveillance
71,Beyond pilot projects: How Madhya Pradesh is turning AI into a governance powerhouse
72,Jinnah as a ‘leader of minorities’? Jammu University launches probe after protests over new syllabus
73,"Exclusive | Eight Indians, one war, a long way home: Survivors of the Skylight missile attack speak on life after the fire"
74,"PM Modi speaks with Iran President, flags attacks on energy infra, shipping lanes"
75,"Woman killed by partner, his associates in Bihar for refusing to engage in sexual acts with others"
76,Iran war: Flight operations in West Asia remain disrupted; Air India group to run 42 flights today
77,"Railways renovates 73-year-old bridge in Uttar Pradesh; to enhance train speed, cut travel time"
78,"Extends Eid, Nowruz greetings: PM speaks with Iran President, flags attacks on energy infra, shipping lanes"
79,Odisha seafarer stuck in Persian Gulf amid West Asia tensions; family appeals for safe return
80,Four bananas and a police complaint: Teacher and cook come to blows over mid-day meal dispute
81,Railways begins feasibility study to develop Talgaria station of Jharkhand as satellite terminal
82,"US eases Iran oil sale sanctions, Brent holds steady at $112; Check petrol, diesel prices in India today"
83,"BJP releases 3rd list of candidates for Kerala polls, announces 9 names for Puducherry election"
84,"Sadhu’s death triggers violence in Mathura; highway blocked, policemen attacked"
85,Govt to scrutinise all Jal Jeevan projects costing Rs 100 crore plus to prevent cost escalation seen in Phase 1
86,Man assaulted by ‘gau sevaks’ in Haridwar; 5 detained after video emerges
87,"Delhi-NCR wakes up to unusual fog, cool spell likely to continue; IMD forecasts rain, thunderstorms across North India"
88,"Year after stampede, Goa steps up Jatra safety with watchtowers, control room, multiple entry points"
89,How J-K Police helped 75-year-old UP woman find her family after 11 years
90,‘Block device IDs used in digital arrest .. detect and block harmful APKs’ Govt tells WhatsApp as it moves to tackle menace of digital arrest
91,"Another Indian killed in missile attack on Riyadh, toll up to six"
92,CAPF Bill set to be introduced in RS on March 23; mandates IPS dominance in leadership roles
93,Election Commission sets up 19 appellate tribunals for Bengal SIR appeals
94,Raymond Group Chairman Gautam Singhania injured in boat mishap in Maldives
95,EC sets up 19 appellate tribunals for Bengal SIR appeals
96,"‘We just want him back’: Ranchi man dies on ship near Dubai amid Strait of Hormuz closure, kin seek help to repatriate body"
97,"Days after Pak strike in Kabul, India sends medical aid to Afghanistan"
98,Why Shias in Rajasthan have decided to forgo Eid celebrations
99,Tooth extraction ‘leads’ to 35-year-old’s death: Jharkhand ‘dentist’ on the run as officials seal clinic
100,Why Shias in Rajasthan have decided to forgo Eid celebrations
101,Tooth extraction ‘leads’ to 35-year-old’s death: Jharkhand ‘dentist’ on the run as officials seal clinic
102,"Insta friendship, instant death, and lingering questions in a Bihar village"
103,"Indian national killed in Saudi Arabia due to ‘recent events of March 18’, says embassy"
104,"Indian Railways’ RailOne App to integrate with Bharat Taxi, to provide last-mile connectivity from New Delhi station"
105,"No child will study hungry: Telangana budget promises free breakfast in schools, ₹5 lakh universal insurance"
106,"New Delhi railway station to get AI cameras, QR code-based entry system to enhance safety, ease rush"
107,"Udaipur-Asarva Vande Bharat train gets new stoppage – check station, timings"
108,Shivraj Singh Chouhan reviews crop situation amid fears of unseasonal rain affecting wheat target
109,No shortage: Govt says domestic LPG production up 40% amid Iran war
110,"No Detailed Project Report received on Kerala’s Thiruvananthapuram-Kasaragod Rapid Rail project, says Centre"
111,"Brent crude prices dips to $109: Check city-wise petrol, diesel, LPG prices in India"
112,Mumbai-Ahmedabad bullet train stations to get Multi-Modal connectivity
113,US EXIM announces USD 10 billion support to Essar’s Mesabi Metallics
114,‘Will work to make Gaurav CM’: A broken alliance is back on track in Assam as two Gogois team up
115,‘It feels like a second birth’: Sky Light’s Indian survivors return home with only the clothes on their backs
116,From Congress veteran to BJP candidate in 2 days: Pradyut Bordoloi makes BJP’s list of 88 candidates for Assam polls
117,"Family heist: How former teacher, wife and son ‘manipulated pension records to siphon crores into their accounts’"
118,"Life term for ‘mass’ conversion, displaying details of those who want to convert: What’s in Chhattisgarh’s new Bill?"
119,"‘EV was not being charged’: After deadly fire at Indore businessman’s house, his son raises some questions"
120,Inter-state sex racket busted; three arrested
121,Fast-track sessions court appointed for Zubeen Garg’s death case trial: CM Himanta Biswa Sarma
122,7 foreign nationals arrested by NIA | Possibly orchestrated: Ukraine on terror plot charge; India says legal processes being followed
123,Opposition’s ‘rare view’: Tharoor says Parliament should be used more for discussions than disruptions
124,"PM Modi speaks to West Asia leaders & Macron, condemns strikes on energy hubs"
125,"‘Snake venom didn’t fall in psychotropic drugs category under NDPS Act’: SC quashes FIR, proceedings against YouTuber Elvish Yadav in 2023 case"
126,Railways begins DPR survey for Gauge Conversion of Kangra Valley line
127,Covert ‘call centre’ busted in Srinagar cyber fraud crackdown; 7 held
128,Railways plans new terminals to ease rush at 151-year-old Jaipur Junction station
129,Kummanam Rajasekharan to contest from Aranmula as BJP releases second list for Kerala Assembly polls
130,India to extend Myanmar pulse deal for 5 years to secure ‘dal’ supplies amid global supply chain shocks
131,"Assam Assembly Elections 2026: BJP fields CM Himanta in Jalukbari, Pradyut Bordoloi in Dispur | Full list"
132,In his father’s footsteps: Now Pradyut Bordoloi’s son steps down as Assam Congress candidate
133,"‘In Rajasthan’s Shekhawati haveli towns, the race to save fading frescoes’"
134,"Gold Rate Today, March 19: Check 18, 22 and 24 carat gold prices in Chennai, Mumbai, Delhi, Kolkata and other cities"
135,"BJP announces candidates for bypolls in Goa, Karnataka, Nagaland, Tripura"
136,"Top News Headlines of March 19, 2026 | ‘Can’t feed even 20 people’: Catering services come to standstill with LPG shortage"
137,"Nagpur riots, one year on: Chargesheets filed in all FIRs except one naming VHP, Bajrang Dal members"
138,"Why are more locals entering Goa’s drug trade? Quick cash, peer pressure, and more"
139,"One fell unconscious, 2 went looking: Workers killed cleaning Chhattisgarh hospital’s septic tank"
140,"A decade on the run, undone by one digital slip: How a 2016 murder unravelled in Kerala, with AI help"
141,Choice of food to phone ownership: 33 questions Odisha residents will be asked from April 16
142,Nitish Kumar set for unopposed return as JD(U) chief
143,60% jump in NH-related complaints this fiscal: Gadkari in RS
144,"LS clears Demands for Grants for various ministries, Rs 53-lakh crore approved"
145,‘We could see the missiles coming’: A captain’s call that ended 2 weeks of fear
146,"American held by NIA for terror plot fought in Libya, Ukraine"
147,Former diplomat Navdeep Suri is guest at Explained.Live today
148,House panel recommends comprehensive performance review of all designated IoEs
149,"Cabinet approves 4-lane Barabanki-Bahraich highway in UP at a cost of Rs 6,969 crore"
150,"Gold Rate Today, March 19: Check 18, 22 and 24 carat gold prices in Chennai, Mumbai, Delhi, Kolkata and other cities"
151,"BJP announces candidates for bypolls in Goa, Karnataka, Nagaland, Tripura"
152,"Top News Headlines of March 19, 2026 | ‘Can’t feed even 20 people’: Catering services come to standstill with LPG shortage"
153,"Nagpur riots, one year on: Chargesheets filed in all FIRs except one naming VHP, Bajrang Dal members"
154,"Why are more locals entering Goa’s drug trade? Quick cash, peer pressure, and more"
155,"One fell unconscious, 2 went looking: Workers killed cleaning Chhattisgarh hospital’s septic tank"
156,"A decade on the run, undone by one digital slip: How a 2016 murder unravelled in Kerala, with AI help"
157,Choice of food to phone ownership: 33 questions Odisha residents will be asked from April 16
158,Nitish Kumar set for unopposed return as JD(U) chief
159,60% jump in NH-related complaints this fiscal: Gadkari in RS
160,"LS clears Demands for Grants for various ministries, Rs 53-lakh crore approved"
161,‘We could see the missiles coming’: A captain’s call that ended 2 weeks of fear
162,"American held by NIA for terror plot fought in Libya, Ukraine"
163,Former diplomat Navdeep Suri is guest at Explained.Live today
164,House panel recommends comprehensive performance review of all designated IoEs
165,"Cabinet approves 4-lane Barabanki-Bahraich highway in UP at a cost of Rs 6,969 crore"
166,"Rain, hail, and a 6°C dip: IMD issues 48-hour thunderstorm alert for Delhi-NCR and Haryana"
167,"Vijay rules out alliance speculation at Ramzan Iftar, signals TVK will go it alone"
168,X down for several users as site fails to load
169,"Provide breakfast too under PM-POSHAN, extend scheme to cover students up to Class 10: Panel"
170,Mirwaiz condemns killing of top Iran security official – ‘resilience reflects spirit of a true Muslim nation’
171,"Days after hospital fire, Odisha suspends four junior officials"
172,"Ahead of Navratras, security, searches stepped up around Vaishno Devi shrine"
173,"‘Mohabbat humare saath, shaadi Modi sahab ke saath’, Kharge on Deve Gowda as Rajya Sabha bids farewell to retiring members"
174,"Cabinet approves Rs 33,000 crore BHAVYA scheme to develop ‘100 plug-and-play industrial parks’"
175,"‘If Kejriwal is to be finished, there is only one way…’: In Goa after ‘agnipariksha’, AAP convener takes aim at Modi"
176,"Swift YouTube rise and a brutal end: Pregnant woman stabbed and strangled, husband is prime suspect"
177,On the table: Global media outreach proposal with IIS officers in foreign missions
178,Odisha Congress suspends 3 MLAs for cross-voting in Rajya Sabha polls
179,"PM Modi condemns attack on UAE, discusses navigation via Strait with President Al Nahyan"
180,"Ensuring steady flow, ramping up local production: Sitharaman on LPG in RS"
181,House panel urges Petroleum ministry to maintain 90-day crude oil stock
182,"Govts of Bengal, Tamil Nadu, Kerala govts stalling projects: Ashwini Vaishnaw"
183,"25 yrs, 5 billion meals: At Akshay Patra milestone, President Murmu says nourishment and education key to Viksit Bharat"
184,"Congress on verge of losing one of its tallest leaders in Assam, Pradyut Bordoloi shoots resignation letter to Kharge"
185,"Assam assembly election 2026 schedule: Polling on April 9, results on May 4; check details"
186,"‘Relentless pressure, repeated letters’: Stalin hits out at Centre as ASI approves excavation at 8 sites in Tamil Nadu"
187,"Kerala polls: Congress releases first list of 55, but no decision yet on MPs keen to join state Assembly"
188,"2 women in Muslim League list for Kerala polls — one a Hindu, other a campaigner for greater gender representation"
189,"After Lok Sabha setback, Badruddin Ajmal to contest Assam Assembly polls"
190,"Kerala Election Date 2026 Announced: Check Kerala Assembly Election Schedule, Polling Dates, Result Date"
191,"Tamil Nadu Assembly Election dates 2026: Voting and result dates, and other key details | Full schedule"
192,"Ukraine protests arrest of 6 nationals; seeks consular access, release"
193,"Released from 6-month NSA detention, Sonam Wangchuk opens door to compromise on Ladakh demands"
194,Former CJI Ranjan Gogoi’s Rajya Sabha term ends: A look back at his 6 years in Parliament
195,"Left in the cold, a BJP ally in Assam decides it has had enough"
196,"Parliamentary panel recommends overworked bureaucrats get mental health support, ‘seva bhav’ training"
197,"Odisha ICU fire toll rises to 12, Opposition demands Health Minister’s resignation"
198,"‘I can shoot with both hands’: Encounter after Bihar gangster’s threat to police goes viral; constable, 2 suspects killed"
199,"400 killed in Pak strike on Kabul hospital, India slams ‘massacre being dressed up as military op’"
200,"Congress on verge of losing one of its tallest leaders in Assam, Pradyut Bordoloi shoots resignation letter to Kharge"
201,"Assam assembly election 2026 schedule: Polling on April 9, results on May 4; check details"
202,"‘Relentless pressure, repeated letters’: Stalin hits out at Centre as ASI approves excavation at 8 sites in Tamil Nadu"
203,"Kerala polls: Congress releases first list of 55, but no decision yet on MPs keen to join state Assembly"
204,"2 women in Muslim League list for Kerala polls — one a Hindu, other a campaigner for greater gender representation"
205,"After Lok Sabha setback, Badruddin Ajmal to contest Assam Assembly polls"
206,"Kerala Election Date 2026 Announced: Check Kerala Assembly Election Schedule, Polling Dates, Result Date"
207,"Tamil Nadu Assembly Election dates 2026: Voting and result dates, and other key details | Full schedule"
208,"Ukraine protests arrest of 6 nationals; seeks consular access, release"
209,"Released from 6-month NSA detention, Sonam Wangchuk opens door to compromise on Ladakh demands"
210,Former CJI Ranjan Gogoi’s Rajya Sabha term ends: A look back at his 6 years in Parliament
211,"Left in the cold, a BJP ally in Assam decides it has had enough"
212,"Parliamentary panel recommends overworked bureaucrats get mental health support, ‘seva bhav’ training"
213,"Odisha ICU fire toll rises to 12, Opposition demands Health Minister’s resignation"
214,"‘I can shoot with both hands’: Encounter after Bihar gangster’s threat to police goes viral; constable, 2 suspects killed"
215,"400 killed in Pak strike on Kabul hospital, India slams ‘massacre being dressed up as military op’"
216,"Suspension of 8 Lok Sabha MPs revoked, Congress says: ‘Lakshman Rekha must include dignity of LoP’"
217,India slams Pakistan over air-bombings against Afghanistan in UNGA
218,"Indian student killed in Canada was ‘assaulted by 10-12 boys, run over by vehicle’"
219,"Gold Rate Today, March 17: Check 18, 22 and 24 carat gold prices in Chennai, Mumbai, Delhi, Kolkata and other cities"
220,"Theft at Kerala’s Kowdiar Palace: Royal family thought jewellery would be found within palace, say police"
221,"Litigant brings ‘miscarried foetus’ to High Court, judges warn against bid to ‘secure undue sympathy’"
222,Two Uttarakhand IPS officers move High Court over ‘mala fide’ forced deputation to lower rank
223,Suspension of all 8 Opposition MPs to be revoked today
224,‘State secy sidelined me to ensure his wife gets seat’: Stir in CPM’s Kannur bastion as senior leader quits party
225,"Kerala churn begins: Denied ticket, CPI MLA joins BJP, claims seats being ‘sold’"
226,No blanket arrangement with Iran on ship movement: Jaishankar
227,TMC walks out of Rajya Sabha to protest against transfer of top Bengal officers hours after poll announcement
228,"‘He was to be discharged today’: Mourning, panic and chaos at Cuttack hospital as smoke clears after ICU fire"
229,India LPG Gas Cylinder Shortage News Live Updates: LPG carrier Nanda Devi returns to India via Strait of Hormuz
230,Odisha Hospital Fire Live Updates: PM Modi announces Rs 2 lakh ex gratia for kin of deceased after 10 killed in blaze at SCB Medical College
231,E-KYC now mandatory for all domestic LPG consumers amid supply shortage
232,"Strong winds, heavy rain as Nor’wester wreaks havoc in Odisha districts, 2 dead"
233,"Snowed in at 14,000 feet: Schoolchildren among 100 stranded at J-K mountain passes, rescued"
234,"With 2-vote win in local polls, grandson of iconic Goan Jack de Sequeira makes a splash on electoral debut"
235,"High honour, deep divide: When Tamil poet Vairamuthu won the Jnanpith Award"
236,‘He wasn’t meant to sail that day’: Last-minute voyage ends in Mumbai seafarer’s death in Iraq tanker attack
237,"Dodging tigers and the law: In rural Madhya Pradesh, LPG shortage drives many into forests"
238,At least 10 killed as fire breaks out at Odisha’s SCB Medical College
239,34 crore LPG consumers: Average household use half cylinder per month
240,Speaker Om Birla urges floor leaders to ensure dignity of House is upheld
241,"Jaishankar speaks with his Saudi Arabia, UAE counterparts to discuss situation"
242,‘They are young’: J-K’s ruling party seeks release of those held during protest against Khamenei killing
243,"‘Will search out and remove infiltrators’: In Assam, Amit Shah reiterates pitch against ‘illegal immigration’"
244,"Rajya Sabha polls: Odisha Cong MLAs ‘offered bribe, blank cheque’ to cross-vote, 2 held"
245,Pinarayi Vijayan to seek 3rd CM term as CPM fields 56 sitting MLAs for April 9 Kerala election
246,Teacher suspended for ‘mimicking’ PM Modi says he ‘just wanted to make people laugh’
247,"Bihar man uses AI to create ‘objectionable’ images of Nitish Kumar’s son and MLA Maithili Thakur, arrested"
248,"RSS says nothing wrong with expression of grief over Khamenei’s death, reposes faith in govt to overcome West Asia crisis"
249,BJD steps up efforts to keep its flock united ahead of crucial Rajya Sabha polls in Odisha
250,"With 2-vote win in local polls, grandson of iconic Goan Jack de Sequeira makes a splash on electoral debut"
251,"High honour, deep divide: When Tamil poet Vairamuthu won the Jnanpith Award"
252,‘He wasn’t meant to sail that day’: Last-minute voyage ends in Mumbai seafarer’s death in Iraq tanker attack
253,"Dodging tigers and the law: In rural Madhya Pradesh, LPG shortage drives many into forests"
254,At least 10 killed as fire breaks out at Odisha’s SCB Medical College
255,34 crore LPG consumers: Average household use half cylinder per month
256,Speaker Om Birla urges floor leaders to ensure dignity of House is upheld
257,"Jaishankar speaks with his Saudi Arabia, UAE counterparts to discuss situation"
258,‘They are young’: J-K’s ruling party seeks release of those held during protest against Khamenei killing
259,"‘Will search out and remove infiltrators’: In Assam, Amit Shah reiterates pitch against ‘illegal immigration’"
260,"Rajya Sabha polls: Odisha Cong MLAs ‘offered bribe, blank cheque’ to cross-vote, 2 held"
261,Pinarayi Vijayan to seek 3rd CM term as CPM fields 56 sitting MLAs for April 9 Kerala election
262,Teacher suspended for ‘mimicking’ PM Modi says he ‘just wanted to make people laugh’
263,"Bihar man uses AI to create ‘objectionable’ images of Nitish Kumar’s son and MLA Maithili Thakur, arrested"
264,"RSS says nothing wrong with expression of grief over Khamenei’s death, reposes faith in govt to overcome West Asia crisis"
265,BJD steps up efforts to keep its flock united ahead of crucial Rajya Sabha polls in Odisha
266,"Four states and 1 UT to go for polls: Check West Bengal, Kerala, Tamil Nadu, Assam, Puducherry Assembly election dates here"
267,"In Bihar’s Saran, teen girl ‘pushed into a well’ by man she befriended on Instagram"
268,"Election Date 2026 Announcement Today Live Updates: CPI(M), CPI release first list of candidates for Kerala Assembly polls"
269,Pakistani terrorist killed as army foils infiltration bid in J&K
270,Congress continues balancing act with allies in second list for Assam polls
271,The right to pray: Why HC had to step in for a group in UP village to offer namaz
272,SIT formed to probe attempt on Farooq Abdullah’s life
273,"Sonam Wangchuk freed, but Ladakh’s March 16 shutdown will go ahead as planned. Here’s why"
274,Long queues lead to scuffle as LPG anxiety continues in Punjab
275,"BRICS members involved in conflict, difficult to forge consensus: MEA"
276,Security expert’s book traces roots of terror in South Asia
277,India condemns Pakistan air strikes against Afghanistan: ‘Kabul’s sovereignty must be respected’
278,"Congress, BJP slam Left govt’s ‘U-turn’ on Sabarimala: Election gimmick to ‘deceive the faithful’"
279,Chhattisgarh man died by suicide after ‘threatening call from police’ — then came a twist
280,Jharkhand reviews VIP flight contract after fatal air ambulance crash
281,Dharali floods: Uttarakhand govt initiates rehabilitation of 115 affected families
282,"Iran war: Amid gas shortage, India seeks safe passage for 22 vessels stranded near Strait of Hormuz"
283,"Adequate stock of fertilisers for kharif season, says Ashwini Vaishnaw"
284,"Why Panun Kashmir, prominent Kashmiri Pandit organisation, expelled its chairman"
285,Mass copying through a microphone? Video leads to lecturer’s suspension and shifting of HP board exam centre in Kangra
286,Activist Sonam Wangchuk freed as Centre revokes detention after 6 months
287,India’s navigation satellite system suffers major setback: 1 of 4 operational IRNSS satellites fails
288,‘Benefit of doubt’: Court acquits three in 2020 killing of J&K BJP leader Waseem Bari
289,A silent world shattered: How scuffle during T20 World Cup final led to death of hearing-impaired teen in Bihar
290,"LPG crisis fuels uproar in Lok Sabha, adjourned twice"
291,"BAC meet: Opp seeks discussion on West Asia crisis, govt  says it may consider"
292,"El Niño likely to emerge post-July, say international weather models"
293,"As BRICS chair, condemn attacks on Iran: Tehran’s message to Delhi"
294,Will try our best: Iran envoy on safe passage for India-bound fuel ships
295,"‘I’m repaying a debt’: Modi hands over land rights to 28,000 tea workers in historic Assam move"
296,BJP-backed panel sweeps Panaji civic polls; Utpal Parrikar’s ‘Ami Panjekar’ falls short
297,Centre sets conditions for states to receive Jal Jeevan Mission funds
298,"2 Indians killed, 10 injured as downed drone falls in Oman city"
299,"A Bihar youth became toast of the town for clearing UPSC. Now, the truth is out – and he is missing"
300,"West Asia conflict: Lakhs of workers in Gulf, how Odisha govt is stepping up efforts to bring them back"
301,Hostels and canteens brace for LPG shortage at some of India’s higher education hubs
302,"Centre orders probe into Farooq Abdullah attack, questions raised over ‘lapses’, before and after"
303,"LPG shortage hits eateries, vendors across India as West Asia conflict disrupts supply"
304,Fuel crisis & US ‘influence’: Govt-Opposition lock horns again in Lok Sabha
305,"Eight decades after Netaji disappeared, his daughter backs plea in SC for return of ashes"
306,NCTE wants school education dept’s presence in key panel
307,Bid on Farooq Abdullah life a matter of great concern: Nadda in Rajya Sabha
308,Will urge Centre to increase limit of non-domestic LPG cylinders allocated to state: Kerala govt
309,India co-sponsors resolution at UNSC condemning Iran’s attacks on Gulf nations
310,"Some people trying to create panic, spread rumours over LPG: PM"
311,"Modi speaks with Iran’s Pezeshkian: ‘Deep concern over escalation, loss of lives’"
312,"IGL assures uninterrupted PNG, CNG supply via SMS, WhatsApp amid Middle East conflict"
313,‘Burden on states’: Congress slams VB-G RAM G
314,"Rules apply to every MP, no one has privilege to speak any time on any thing: Birla returns to LS"
315,"‘I am not afraid’: After arson and vandalism in Garo Hills town, Meghalaya CM Sangma, his wife visit residents"
316,"‘At end of our tether’: Groups call for shutdown, protest in Ladakh amid impasse in talks with Centre"
317,Neighbours of Farooq Abdullah attacker talk of a man struggling with business setbacks
318,ED attaches assets worth Rs 581 cr belonging to Anil Ambani-led Reliance firms
319,Delhi in talks with Tehran to let India-bound fuel ships pass
320,"LPG shortage: In Kota, where hostels and messes cater to 1 lakh students, some switch to firewood"
321,"‘No shortage of petrol, diesel’: Petroleum Minister Hardeep Puri says panic on LPG driven by consumer anxiety"
322,"Amid gunfights and abductions, tensions spike in Manipur’s Ukhrul as release of 21 is followed by discovery of 2 bodies"
323,Parliamentary panel sounds alarm as urban development budget hits five-year low
324,"Raghav Chadha questions ‘loot’ on prepaid recharge plans, says ‘mobile no longer a luxury’"
325,India co-sponsors resolution at UNSC condemning Iran’s attacks on Gulf nations
326,"Some people trying to create panic, spread rumours over LPG: PM"
327,"Modi speaks with Iran’s Pezeshkian: ‘Deep concern over escalation, loss of lives’"
328,"IGL assures uninterrupted PNG, CNG supply via SMS, WhatsApp amid Middle East conflict"
329,‘Burden on states’: Congress slams VB-G RAM G
330,"Rules apply to every MP, no one has privilege to speak any time on any thing: Birla returns to LS"
331,"‘I am not afraid’: After arson and vandalism in Garo Hills town, Meghalaya CM Sangma, his wife visit residents"
332,"‘At end of our tether’: Groups call for shutdown, protest in Ladakh amid impasse in talks with Centre"
333,Neighbours of Farooq Abdullah attacker talk of a man struggling with business setbacks
334,ED attaches assets worth Rs 581 cr belonging to Anil Ambani-led Reliance firms
335,Delhi in talks with Tehran to let India-bound fuel ships pass
336,"LPG shortage: In Kota, where hostels and messes cater to 1 lakh students, some switch to firewood"
337,"‘No shortage of petrol, diesel’: Petroleum Minister Hardeep Puri says panic on LPG driven by consumer anxiety"
338,"Amid gunfights and abductions, tensions spike in Manipur’s Ukhrul as release of 21 is followed by discovery of 2 bodies"
339,Parliamentary panel sounds alarm as urban development budget hits five-year low
340,"Raghav Chadha questions ‘loot’ on prepaid recharge plans, says ‘mobile no longer a luxury’"
341,"As concerns over LPG shortages grow rapidly, Govt declares war on ‘misinformation’"
342,Jharkhand HC orders transfer of Ranchi ‘assault’ case against ED officials to CBI
343,"‘Minister will decide when I speak’: Denied chance in Lok Sabha, Rahul Gandhi says ‘energy security compromised’"
344,India joins 135 nations at UN to denounce Iran’s ‘egregious’ attacks on Gulf countries
345,IIT Gandhinagar to decide on Michel Danino’s position after SC calls for dissociating from his NCERT book team
346,"Petrol, diesel Prices Today, March 12: Rates in Delhi, Bengaluru, Chennai, Mumbai, Kolkata, and other cities"
347,3-day exhibition on natural resources of Ajmer–Merwara opens in Ajmer
348,Man who ‘wanted to kill Farooq Abdullah for 20 years’: Who is Kamal Singh Jamwal
349,"In Assam, a medical college is renamed, a political storm brews"
350,‘Is our son’s life worth so little?’: Family after Supreme Court order in BIT Mesra student’s death
351,Odisha CM flags ‘ill-treatment’ of President Murmu during West Bengal visit
352,Meet the 2 families that took fight to Supreme Court after losing daughters to ‘Covid vaccine side-effects’
353,Strait of Hormuz incident | Deplorable: India after ship bound for Kandla attacked
354,"Euthanasia for man in vegetative state for 13 years: ‘House will feel empty, so will heart… placing our son in God’s lap’"
355,"I&B ministry asks Telegram to remove, disable access to 3,142 URL links"
356,Bharat Taxi to be expanded to all big cities in 2-3 years: Govt
357,"Shot fired at Farooq Abdullah from point-blank range, he escapes unhurt; assassination bid: Omar"
358,"LPG crisis: MHA directs states, UTs to tighten security around LPG bottling plants and distribution network, crackdown on black marketing"
359,BJD block chairperson attacked in office chamber; Naveen Patnaik blames ‘BJP goondas’
360,Reports of ‘captive’ civilians spark fresh Naga-Kuki tensions in Manipur’s Ukhrul
361,‘How will he speak from Germany?’: Amit Shah attacks Rahul Gandhi over foreign trips during House sessions
362,"A Padma Shri, a fading art: The untold story of Kurumba artist Krishnan and a 3,000-year-old tradition"
363,"West Asia crisis a reminder for self-reliance, energy growth: PM Modi"
364,"NCERT book row: Who are the 3 whom SC wants Centre, states to disassociate from"
365,"Amid LPG worries, note of caution from Goa hotels body: ‘F&B businesses could be hit’"
366,‘We don’t abandon our own’: PM Modi cites rescue of nurses and Father Tom to slam Congress in Kerala
367,"I was silenced: Rahul; Opposition motion against Speaker unfounded, provocative: Prasad"
368,"IDFC First Bank fraud case: ED conducts searches across 19 locations in Chandigarh, Haryana, NCR"
369,"Two Indians killed, one missing in merchant vessels attack amid Israel-US Iran war: MEA"
370,"108 Maoists, Rs 3.6 crore cash, 1 kg gold – surrenders mark days leading up to Home Ministry deadline"
371,BJP MP demands action against Bengal government for President’s ‘protocol breach’
372,"India LPG Gas Shortage News Live Updates: ‘Conflict has affected stainless steel manufacturing,’ Abhyuday Jindal says"
373,CBI arrests own inspector for seeking Rs 2 crore to ‘settle’ complaint from South Delhi resident
374,"As Panaji votes for municipal polls today, what do voters most care about?"
375,"Fields of opium landed Chhattisgarh BJP leader in police net, he now blames domestic help"
376,"Darwin Labs co-founder intercepted at Mumbai airport, arrested by CBI in GainBitcoin cryptocurrency fraud case"
377,"Gold Rate Today, March 11: Check 18, 22 and 24 carat gold prices in Chennai, Mumbai, Delhi, Kolkata and other cities"
378,"Tribal vs non-tribal faultlines deepen in Meghalaya, Garo Hills polls are postponed"
379,"Air India Express flight to Thailand suffers nose wheel issue, hard lands at Phuket airport: VIDEO"
380,Protocol war in Kerala: Why CM Pinarayi Vijayan is boycotting PM Modi’s Kochi event
381,"Defence Ministry to shift soon, clearing the way for South Block’s retrofitting as a museum"
382,"Parliament Budget Session 2026 Highlights: Petroleum Minister Hardeep Puri says ‘no shortage’, have enough supplies of fuel"
383,Benefits to boarded out officer cadets — ‘We will have to summon secretaries now’: SC warns Centre over delay in decision
384,"‘Pre-soak grains, cook in batches, rationalise menu’: National restaurant body issues advisory as LPG shortage hits kitchens"
385,32-fold increase in coliform bacteria: CAG flags untreated sewage discharge into Ganga in Uttarakhand
386,‘Total non-application by detaining authority’: J-K High Court raps official over drug trafficking action
387,Chhattisgarh Cabinet approves new Bill to curb forced conversion
388,"Ancient hub of religious activity unearthed in Rajasthan: Excavations reveal 1,000-year-old idols, architectural secrets"
389,"Prof Hermann Kulke, renowned Indologist who became global voice of Odisha history, passes away"
390,"Why over 1,000 Revenue officials in Bihar are going on strike for a second time"
391,Why induction stove sales are suddenly surging: LPG shortage linked to West Asia conflict sparks rush to alternatives
392,"Shortened menus at restaurants, days-long wait for laundry: How LPG shortage amid West Asia conflict is affecting Indians"
393,"Soon after Tarique Rahman became PM, Bangladesh spy chief met top Indian intel officials"
394,"Most Chinese ‘Xiaokang’ villages in contested areas, ‘uncertain trajectory’ of ties with Bangladesh impacting Siliguri Corridor: Lt Gen Ghai"
395,"Jaishankar, Iran’s Araghchi hold third call as war rages"
396,"Govt is responsible for weakening the institution of Speaker, says Opposition"
397,"Bihar Assembly elections: BJP spent Rs 146 crore, Congress Rs 35 crore"
398,Alexander Alexandrovich Dynkin: ‘Trump is an extravaganza person; his tariff war is like gun stop in American movies’
399,‘Anarchy disguised as principle’: Rahul Gandhi in NDA crosshairs as Parliament battle over Speaker Om Birla intensifies
400,"Birla presided over liquidation of Parliamentary democracy, says Moitra"
401,Tension in Meghalaya: Why Garo Hills council elections have triggered 2 deaths and a curfew
402,‘Of paramount importance’: SC to examine Bombay HC verdict on Centre’s fact check units under IT Rules
403,"‘Anti-national, subversive activities’: 3 J-K Jal Shakti workers dismissed from service"
404,"Uproar in Rajya Sabha over Bengal SIR: As Opposition MPs stage walkout, Nadda says their only aim is to incite ‘anarchy’"
405,"Wangchuk to Kejriwal, Modi govt normalising jailing people on bogus charges: Sisodia in Jammu"
406,Exclusive: Union Cabinet clears Rs 1.51 lakh crore for Jal Jeevan with digital mapping
407,"In his swan song yatra, Nitish strikes optimistic note for Bihar; deputy says he’s not going anywhere"
408,‘Speaker is not voice of Govt’: Gaurav Gogoi leads Opposition attack as Lok Sabha takes up resolution seeking Om Birla’s removal
409,Opposition moves no-confidence motion against Om Birla: How hard is it to remove a Lok Sabha Speaker?
410,1.5 lakh kg Amul products destroyed after Jaipur firm found ‘changing date on expired items’
411,"Weather forecast: Mercury likely to rise in Delhi, Mumbai and UP; no rain in sight for now"
412,"Gold Rate Today, March 10: Check 18, 22 and 24 carat gold prices Chennai, Mumbai, Delhi, Kolkata and other cities"
413,‘Sincerely regret the inconvenience’: NCERT issues unconditional apology over Class 8 textbook
414,"‘I can arrest you’: Row after Giridih DC’s ‘Women’s Day’ warning to protesting water workers goes viral, BJP demands action"
415,Why some cheetahs from Madhya Pradesh are making their way to Rajasthan
416,"Kerala minister Ganesh Kumar’s wife alleges infidelity, he calls it election stunt"
417,Disabled teen dies after scuffle during India–New Zealand World Cup final viewing in Bihar village
418,"Uttarakhand Budget puts focus on Kumbh Mela, elevated corridor"
419,"From a carved table gifted by Putin to PM Modi to selection of Chola bronzes, over 100 artefacts find place of pride in new PMO"
420,"Home ministry bars NCW, NHRC, NCPCR, NCLT from directly seeking issuance of Look Out Circulars"
421,Forest Survey of India stops its AI-based fortnightly alerts to states on deforestation
422,No protest over sinking of Iran ship: Congress slams EAM’s statement
423,"Kharge seeks discussion on West Asia; irresponsible behaviour, says Nadda"
424,"One Nation, One Election meeting: Opp would benefit from simultaneous polls, says Ghulam Nabi"
425,Commercial space stations the next big thing in space
426,1 constituency and a question of ‘respect’: Raijor Dal on why alliance with Congress collapsed in Assam
427,"Exclusive: Academic stress linked to 3 suicides on BITS Pilani Goa campus, police probe indicates"
428,"Modi, Mamata exchange barbs again over President’s ‘protocol violation’"
429,"Andreas Motzfeldt Kravik, Norway’s Deputy Foreign Minister: India ascending, we believe no problem can be resolved without its participation"
430,"173-year-old Howrah railway station set for upgrade, to run more trains by 2030"
431,"‘Mahilaon mei dam hai’: On Women’s Day, President calls for end to gender discrimination, change in mindset at home"
432,"Nasir-Junaid murder: Victims’ families ‘worried’ as Monu Manesar released from jail, return home to drum beats, garlands"
433,Iran-Israel war: Jaishankar to speak on West Asia conflict in Parliament today
434,‘Corruption is security snatched from a family’: Lt Governor Manoj Sinha opens new high-tech ACB hubs in Jammu
435,"Sanitary pads, biogas and yoga: How women Mukhiyas are quietly reshaping rural Bihar"
436,Railways revises schedule of Coimbatore-Bengaluru Vande Bharat train
437,Iran-Israel war 2026: Air India to operate 78 additional international flights on 9 routes from March 10 – Full list
438,"Nagercoil-Charlapalli Amrit Bharat Express: Check launch date, route, stoppages, frequency"
439,"Assaulted by driver during taxi ride to Nainital, Delhi woman forced to hide near village for hours: police"
440,"Father carries newborn’s body from hospital in cardboard box, Jharkhand to probe why no ambulance provided"
441,"Over 52,000 Indian nationals brought back from Gulf to India in a week, says MEA"
442,"Exclusive: Vaishno Devi medical college, which lost MBBS nod amid protests against Muslim students, seeks fresh approval"
443,BJP Nagaland ally and ruling NPF opposes Vande Mataram: ‘Alien… threatens our rights’
444,Self-taught Jharkhand developer builds dictionary app to keep Ho language alive – ‘Language is one of the biggest markers of our identity
445,"BJP leader ‘arrested for growing opium on 5-acre farm’ in Chhattisgarh, suspended from party"
446,Rs 54k out-of-pocket expenditure per hospitalisation in pvt facilities under PMJAY: Study commissioned by Niti Aayog
447,"Daily wage worker’s daughter, IFS dream written on her wall, Kerala’s Sreeja gets UPSC rank 57 in her first attempt"
448,"Heatwave alert for Vidarbha, Andhra, TN, Gujarat until March 11"
449,"Iran-Israel war: Air India, Air India Express to operate 50+ flights to six Middle East cities on March 8 – Full list"
450,‘Corruption is security snatched from a family’: Lt Governor Manoj Sinha opens new high-tech ACB hubs in Jammu
451,"Sanitary pads, biogas and yoga: How women Mukhiyas are quietly reshaping rural Bihar"
452,Railways revises schedule of Coimbatore-Bengaluru Vande Bharat train
453,Iran-Israel war 2026: Air India to operate 78 additional international flights on 9 routes from March 10 – Full list
454,"Nagercoil-Charlapalli Amrit Bharat Express: Check launch date, route, stoppages, frequency"
455,"Assaulted by driver during taxi ride to Nainital, Delhi woman forced to hide near village for hours: police"
456,"Father carries newborn’s body from hospital in cardboard box, Jharkhand to probe why no ambulance provided"
457,"Over 52,000 Indian nationals brought back from Gulf to India in a week, says MEA"
458,"Exclusive: Vaishno Devi medical college, which lost MBBS nod amid protests against Muslim students, seeks fresh approval"
459,BJP Nagaland ally and ruling NPF opposes Vande Mataram: ‘Alien… threatens our rights’
460,Self-taught Jharkhand developer builds dictionary app to keep Ho language alive – ‘Language is one of the biggest markers of our identity
461,"BJP leader ‘arrested for growing opium on 5-acre farm’ in Chhattisgarh, suspended from party"
462,Rs 54k out-of-pocket expenditure per hospitalisation in pvt facilities under PMJAY: Study commissioned by Niti Aayog
463,"Daily wage worker’s daughter, IFS dream written on her wall, Kerala’s Sreeja gets UPSC rank 57 in her first attempt"
464,"Heatwave alert for Vidarbha, Andhra, TN, Gujarat until March 11"
465,"Iran-Israel war: Air India, Air India Express to operate 50+ flights to six Middle East cities on March 8 – Full list"
466,"Many who protested after Khamenei’s killing arrested in Kashmir, Mehbooba says"
467,"Indians make ‘good ambassadors’, integrate easily abroad: Chandrababu Naidu at Raisina Dialogue"
468,"Kedarnath to Kanyakumari, infiltrators will be driven out: Amit Shah in Uttarakhand"
469,"My experience made me strong’: Cancer survivor cracks UPSC after 8-year-battle, secures AIR 946"
470,‘Shameful and unprecedented’: PM Modi slams Mamata govt for ‘insulting’ President Murmu in Bengal
471,"Iran-Israel War Update: IndiGo to resume Europe operations, increases flights to Middle East on March 8 – Full list"
472,Ballot over bullet: 130 Maoists surrender in Telangana as Revanth appeals to last key underground leader
473,Rajasthan: House passes Bill to regulate property transfers in ‘disturbed’ areas
474,Indian Railways to launch Nagercoil-Charlapalli Amrit Bharat Express train soon
475,"Exclusive: Before it was sunk by US, Iranian ship IRIS Dena was offered shelter by India"
476,"Panel led by MoEF Secretary ‘suppressed’ FSI view on Aravalli, amicus informs SC"
477,"Iran-Israel war: Air India, Air India Express to operate around 50 flights to six Middle East cities on March 7 – Full list"
478,Iran-Israel war update: IndiGo to operate flights to 5 destinations in Middle East on March 7 – Full list
479,"Days before IRIS Dena sinking, India approved urgent docking for Iranian ship in Kochi"
480,Setback for ED in JKCA ‘scam’ case as Srinagar court blocks move to add charges
481,"Two years after launch, Railways upgrades India’s 42nd Vande Bharat train to 20 coaches – check route"
482,"Karnataka, Andhra move to ban social media use by children"
483,"Bihar man missing since vessel strike off Oman coast, kin await call for DNA test"
484,Jharkhand headmaster suspended over ‘obscene’ dance video with minors
485,"‘When thousands seek guidance, pulpit remains silent’: Mirwaiz slams restrictions during Ramzan after Khamenei killing"
486,"Iran-Israel war update: IndiGo cancels 144 international flights on March 7, extends waivers till March 31"
487,Rajnath Singh on Middle-East tensions: ‘Abnormality becoming the new normal…situation quite complex’
488,US F-1 visas for Indian students drop 69% in June-July 2025: Data
489,"Amit Shah unveils ‘Pragati’ and ‘Vikas’ mascots, launches 4 digital tools for Census 2027"
490,"‘My brothers are in Tehran, my mother’s family in Afghanistan’: Iranian trader in Tripura watches two homelands at war"
491,‘How long will American blackmail continue’: Congress after US’ 30-day waiver to India on Russian oil imports
492,"ED raids locations linked to Anil Ambani in money laundering probe, Reliance Power dismisses reports"
493,2 IAF officers killed as Sukhoi on training mission crashes in Assam
494,"Medical student tells counsellor about sexual abuse she suffered 11 years ago, leads to 18-year jail for tuition teacher"
495,‘Hope our children can be brought back’: Families worry in Dehradun as strikes on Iran continue
496,"Parental control on apps, curbs on phones in school: Goa panel discusses social media restrictions for children"
497,"Indore water crisis: Old pipeline no longer being used, new supply line now covers 70% of Bhagirathpura, corporation tells court"
498,"Amit Shah unveils ‘Pragati’, ‘Vikas’ — mascots for Census 2027"
499,"12,000 Indians in Gulf seek help to return home"
500,Jharkhand headmaster suspended over ‘obscene’ dance video with minors
501,"‘When thousands seek guidance, pulpit remains silent’: Mirwaiz slams restrictions during Ramzan after Khamenei killing"
502,"Iran-Israel war update: IndiGo cancels 144 international flights on March 7, extends waivers till March 31"
503,Rajnath Singh on Middle-East tensions: ‘Abnormality becoming the new normal…situation quite complex’
504,US F-1 visas for Indian students drop 69% in June-July 2025: Data
505,"Amit Shah unveils ‘Pragati’ and ‘Vikas’ mascots, launches 4 digital tools for Census 2027"
506,"‘My brothers are in Tehran, my mother’s family in Afghanistan’: Iranian trader in Tripura watches two homelands at war"
507,‘How long will American blackmail continue’: Congress after US’ 30-day waiver to India on Russian oil imports
508,"ED raids locations linked to Anil Ambani in money laundering probe, Reliance Power dismisses reports"
509,2 IAF officers killed as Sukhoi on training mission crashes in Assam
510,"Medical student tells counsellor about sexual abuse she suffered 11 years ago, leads to 18-year jail for tuition teacher"
511,‘Hope our children can be brought back’: Families worry in Dehradun as strikes on Iran continue
512,"Parental control on apps, curbs on phones in school: Goa panel discusses social media restrictions for children"
513,"Indore water crisis: Old pipeline no longer being used, new supply line now covers 70% of Bhagirathpura, corporation tells court"
514,"Amit Shah unveils ‘Pragati’, ‘Vikas’ — mascots for Census 2027"
515,"12,000 Indians in Gulf seek help to return home"
516,‘Custodial torture’: UP admits ‘laxity’ by cops; SOP for fixing faulty CCTVs at police stations
517,"Diplomatic battle in Delhi: US Dy Secretary of State talks about ‘endgame’, Iranian envoy says ‘duration of war in our hands’"
518,Opposition leaders slam govt ‘silence’ on Iran ship attack
519,"With digitalisation and sustainability in focus, India, Finland elevate bilateral ties to strategic partnership"
520,"Iran-Israel war update: Air India, Air India Express resume flight services to Jeddah, Muscat – check schedule"
521,Taranjit Singh Sandhu is Delhi’s new Lt Governor; TN guv Ravi transferred to Bengal
522,Nitish ‘would not have seen this day if he was with us’: Tejashwi reacts to Bihar CM’s Rajya Sabha nomination
523,Iran-Israel war update: Indian airlines cancel 281 international flights on March 5
524,IAF Sukhoi on training flight crashes in Assam’s Karbi Anglong; search operations launched
525,"Day after Iranian frigate was torpedoed, Sri Lanka allows crew from another ship to disembark in Colombo"
526,"India is for rule of law & dialogue, military conflict no solution: PM Modi"
527,‘Guests of India’: Omar condemns US sinking of Iranian warship after multilateral naval drills
528,"‘Dubai city functioning normally, but flights keep getting cancelled’: Jharkhand couple stuck on honeymoon"
529,Iran-Israel war 2026: IndiGo cancels 112 international flights on March 6 – Full list
530,"Andhra Pradesh to give Rs 25,000 for second, third child as Chandrababu Naidu pushes ‘population boost’"
531,"India offers condolences over Khamenei’s death, Foreign Secretary Misri reaches Iran embassy"
532,Army foils terror infiltration attempt along LoC in J&K’s Rajouri
533,Three suspended Congress MLAs join BJP in Assam ahead of Assembly polls
534,"Strait of Hormuz disruption: Amid West Asian oil supply concerns, a few tankers with Russian crude divert to India"
535,Downing of Iranian ship ‘sad for India … there is no restriction on war zone in the maritime domain’ says Retd Vice Admiral G Ashok Kumar
536,"‘Selfies, sightseeing, shopping’: Before Iran warship was torpedoed, what the country’s sailors did in India"
537,"‘No issue can be resolved through military conflict alone’: PM Modi stresses rule of law, dialogue, and diplomacy amid West Asia tensions"
538,"Iran FM Seyed Abbas Araghchi slams US, calls sunken warship ‘guest of India’s Navy’"
539,"Gold Today Rate, March 5: Check 18, 22 and 24 carat gold prices Chennai, Mumbai, Delhi, Kolkata and other cities"
540,"‘Baseless, fabricated’: India rejects reports of its ports being used by US in war on Iran"
541,Raijor Dal fields candidates on seats claimed by Congress as seat-sharing talks hits roadblock
542,54 Bihar institutions to turn into Centres of Excellence under Nitish Kumar’s ‘Saat Nischay-3’
543,Omar meets religious leaders amid J&K unrest; MP Ruhullah questions ‘instrument of establishment’ role
544,"Amid Middle East crisis, Mehbooba questions Centre’s ‘silence’ — ‘Iran supported India over Kashmir, gave oil on loan’"
545,Assam seat-sharing tangle: Raijor Dal’s first list has candidate from Margherita also claimed by Congress
546,Amit Shah likely to visit Bihar amid buzz of Nitish Kumar heading to Rajya Sabha
547,"US-Israel-Iran war: Saudi, Oman resume select flights to India; multiple flights cancelled in Bengaluru"
548,"‘He knew how to call a spade a spade’: Veteran journalist H K Dua dies at 88; Tharoor, Tewari, Badal pay tribute"
549,"Manipur Cabinet portfolios distributed: CM holds 8 departments, deputy CMs get 2 each"
550,"BJP announces candidates for 4 of 7 Rajya Sabha seats from Maharashtra; Ramdas Athawale, Vinod Tawde on list"
551,Iran-Israel war update: India issues helpline numbers for its citizens in Gulf nations | Check country-wise details
552,"National Safety Day in India 2026: Date, Theme, History, Celebrations, and Significance"
553,Basant Utsav: How Tripura’s royal court helped shape Santiniketan’s spring festival
554,"2 Jodhpur sisters found dead before marriage, grooms wed others within hours: ‘They never said anything… We are not monsters to forcibly marry them off’"
555,"NIA says GoPro connected to Pahalgam attack was ‘activated’ in China, court seeks assistance from Chinese authorities"
556,Minor boy beaten to death by mob in Odisha on ‘suspicion of goat theft’
557,"Srinagar MP, ex-mayor claim security downgraded; police register case for ‘circulating misleading online content’"
558,Holi Without Them: Sixteen women who did not return from a morning factory shift in Nagpur
559,25-yr-old from Diu among 3 Indians killed in attacks on vessels off Oman coast
560,"Contracts worth Rs 5,083 crore signed to procure 6 helicopters for Coast Guard, missiles for Navy"
561,Exclusive | Jeffrey Epstein shadow: MEA told Commerce it didn’t recommend ‘ministerial meeting’ with Bill Gates
562,"US-Israel-Iran War | On Govt table: Diaspora safety, fuel price cushion for middle class at home"
563,"High chances of El Niño after July, says World Meteorological Organization"
564,"Speaker picks 15 MPs for Privileges Committee, Ravi Shankar to lead"
565,"Gaurav Gogoi, several sitting MLAs in the fray as Congress releases first list for Assam polls amid alliance talks"
566,3 Indians feared dead in attacks off Oman coast
567,"Khamenei killing: As protests continue in Kashmir, police file FIR over ‘fake news’"
568,How Israel hacked into Tehran traffic cameras and mobile phone towers to kill Khamenei
569,"Iran-Israel War: Air India deploys widebody aircraft to Jeddah, Dubai to repatriate stranded passengers"
570,"‘How can one not feel angry?’: Omar Abdullah condemns killing of Khamenei, appeals to J-K protesters to ‘keep law in mind’"
571,"The visit of an officer: As BSNL feels the heat, what do govt rules say about protocol"
572,"Grief over lives lost, says Govt; Indian students moved out of Tehran"
573,The rise and rise of Balendra Shah: Ex-Kathmandu mayor who backed Gen Z protest
574,Over 250 flights cancelled across Indian airports today amid Gulf crisis
575,"West Asia conflict: PM Modi speaks to Sultan of Oman, Crown Prince of Kuwait"
576,Dubai to India flights: 6 things to know as limited services resume amid Iran-Israel War
577,"Iran situation evoking ‘great anxiety’: Govt says some Indians dead, missing amid Iran conflict"
578,"Chandra Grahan 2026 Timings in India: City-wise lunar eclipse start and end time in Delhi, Bengaluru, Mumbai, Hyderabad and More"
579,"Iran conflict: What can NRIs do if stuck in Middle East countries? Special flights, advisories, helplines and more"
580,‘Operational opportunity came up only after PM Modi left’: Israel envoy Reuven Azar on ‘right moment’ for strike on Iran
581,‘Does PM Modi support assassination of a head of state…’: Rahul Gandhi questions govt’s silence on West Asia conflict
582,"Gold Today Rate, March 3: Check 18, 22 and 24 carat gold prices Chennai, Mumbai, Delhi, Kolkata and other cities"
583,"West Asia conflict: Amid cancelled flights, safety concerns, Andhra takes steps to coordinate relief for its people abroad"
584,"Zubeen Garg death: Assam court orders unfreezing of accused’s accounts, flags ‘procedural lapses’"
585,"‘This time, it’s scarier’: Kashmiri students who returned after January unrest in Iran went back for exams. Now, they’re stuck again"
586,"From lapses in beneficiary verification to fund underutilisation, CAG flags issues in Ayushman Bharat and PMAY in Bihar"
587,"Bahrain, Saudi hit by Iran, PM Modi speaks to rulers, condemns attacks"
588,MHA forms 2 more panels to fast-track CAA applications in Bengal
589,"Char Dham project: MM Joshi, Karan Singh urge Cabinet ministers to cancel road widening clearances in Uttarkashi"
590,"Iran-Israel war update: Air India extends suspension of Middle East flights, resumes services to 4 destinations"
591,Iran-Israel conflict: Indian airlines cancel over 350 international flights for 2nd straight day
592,Indian crew member killed in drone boat attack on oil tanker off Oman coast
593,"Iran conflict: Prepared to evacuate citizens stuck in Gulf, says Centre; state govts set up helplines, control rooms"
594,"PM Modi speaks to Saudi Crown Prince, Bahrain King"
595,"NGT finds Ratle hydro project contractor dumped muck in Chenab, orders assessment of damage and restoration costs"
596,Soumya Pillai selected as Journalist of the Year at 10th IIMCAA awards
597,‘Mandated to protect traditions’: Kerala’s state-run temple board to oppose entry of young women in Sabarimala
598,"In poll-bound Kerala, CM Vijayan targets Congress over Telangana demolition – ‘Proving to be replicas of BJP governments in the north’"
599,Iran-Israel war 2026: IndiGo cancels over 150 international flights on March 3 – Full list
600,"Pacts on uranium, critical minerals signed after Modi, Carney talks"
601,"India and Canada sign Uranium deal in bilateral ties reset, target $50bn trade by 2030"
602,"Amid Iran-Israel conflict, PM Modi says India will continue to work with nations in Middle East to ensure safety of its citizens"
603,"Stone-pelting in Srinagar, police fire teargas shells as protests against Khamenei killing lead to clashes"
604,Situation in West Asia is a matter of grave concern for us: PM Modi
605,ED attaches Rs 18-crore assets in 1xBet illegal betting case; seizures hit Rs 37 crore
606,Manjummel Boys director Chidambaram booked in sexual harassment case by Kochi police
607,Identify ‘pro-Iran radical preachers’: MHA warns states of possible unrest after Israel-US strikes
608,"Gold Today Rate, March 2: Check 18, 22 and 24 carat gold prices Chennai, Mumbai, Delhi, Kolkata and other cities"
609,"Top News Headlines of March 2, 2026 | US warns of more casualties as Iran conflict widens; Trump says won’t rule out ground ops"
610,"Stock Market Holiday Alert: NSE, BSE to stay closed on key dates in March 2026 — Check full list"
611,"‘I tried running to her, But I was held back’: Families wait for a glimpse — or a body — after Nagpur blast"
612,Bank Holidays in March 2026: Banks to remain closed for 18 days across India — Full city-wise list
613,"Village rocked by sexual assault, murder of 4-year-old; accused tries to pin blame on ‘mysterious gangs’"
614,"Srinagar Lal Chowk sealed, curbs on inter-district movement amid J-K protests against killing of Iran’s Khamenei"
615,"From shattered villages to new township: In Kerala, Wayanad landslide survivors get homes under Rs 299-crore project"
616,"Missiles in sky, fear on phone: 10-million Indian diaspora faces war"
617,First signal from Delhi: PM Modi tells MBZ ‘strongly condemn’ attack on UAE
618,"To hit back, Iran draws from its massive, diverse arsenal of missiles and drones"
619,"Nitish Kumar turns 75: Working tirelessly for Bihar, says PM"
620,"PM Modi dials Israel PM Netanyahu amid Middle East turmoil, reiterates ‘early cessation of hostilities’"
621,"Carney lands in Delhi, to meet Modi today; 10-year uranium deal, agreements on fuel, AI, education likely"
622,‘Shirtless protest’ at India AI Impact Summit: Nine IYC workers granted bail
623,"‘India stands in solidarity’: PM Modi condemns attack on UAE, dials President"
624,Guru Tegh Bahadur Shaheedi Diwas: PM Modi stresses social unity as Shah flags religious conversions
625,Travel advisory for March 2: Air India cancels several international flights for 2nd straight day amid Iran-Israel war
626,"‘Tamil Nadu has made up its mind’: In Madurai, PM Modi slams DMK over ‘dynasty’, ‘scams’"
627,"Up to 10,000 Indian students, pilgrims, business persons and seafarers in Iran: Jaishankar told Parliament last month"
628,"Iran-Israel war update: Indian airlines cancel 350 international flights on March 1, Civil Aviation Ministry issues advisory"
629,Iran-Israel war latest news: IndiGo cancels 160 international flights on March 2 – Full list
630,CBSE postpones March 2 board exams across 7 Middle East nations as Iran-Israel conflict escalates
631,Pak drone incursion along LoC in J-K’s Poonch; Army opens fire
632,"‘Despicable’: Priyanka Gandhi slams ‘targeted assassination’ of Iran’s Khamenei, urges PM Modi to rescue Indians"
633,"Iran conflict: Airspace closures force Air India to cancel 50 Europe, North America flights; IndiGo cancels Europe flights"
634,Iran Supreme Leader’s killing: Protests across Kashmir as people take to streets to mourn Ayatollah Khamenei
635,Indian-origin curator Diya Vij appointed New York City’s next Commissioner of Cultural Affairs
636,"India advises foreign nationals to contact nearest FRRO to extend visa amid crisis in Iran, Middle East"
637,"Prayers, plastic bats and pride: A village’s stake in J&K’s Ranji triumph"
638,‘Watershed moment’: How J&K’s Ranji win united politicians – and the two regions
639,Iran-Israel tensions disrupt air travel: 444 flights likely to be cancelled across India today
640,Three-time ex-MLA expelled from BJD hours after challenging Rajya Sabha picks
641,"What happened in 3 days leading to a farmer’s death? A family seeks answers, Odisha govt says probe ‘absolves’ it"
642,From Botswana to India: Kuno Park adds 9 more cheetahs to an expanding coalition
643,"We have right to self-defence, will use all options, says Iranian envoy"
644,‘Boost to women empowerment’: PM Modi launches HPV vaccination drive for 14-yr-old girls
645,Travel advisory: Air India cancels several international flights on March 1 amid Iran-Israel war | Full list
646,"Six decades of waiting, one night of joy: Inside Jammu & Kashmir’s Ranji fairytale"
647,‘Deeply concerned’: India urges restraint after Israel-US strikes on Iran
648,RBI Holiday List 2026: Banks to remain closed for 11 days in March – Check dates & city-wise closure list
649,‘Muslim League Maoist Congress’: Modi slams ‘anti-national’ slogans at AI summit
650,Amrit Bharat Station Scheme: PM Modi to inaugurate 8 redeveloped railway stations in Tamil Nadu on March 1
651,"Railways revises schedule of Ranchi-Varanasi Vande Bharat train: check new stops, timings"
652,"‘Remain near shelters, avoid non-essential travel’: India warns citizens in Israel after Tehran attack"
653,"Ahead of Attukal Ponkala, Kerala imam asks mosques to open doors to Hindu devotees — ‘Only through love and fraternity can hatred be resisted’"
654,"PM Modi launches nationwide HPV vaccination drive, inaugurates projects worth Rs 16,680 crore in Rajasthan"
655,8 cheetahs on 10-hour flight: India set to get new batch from Botswana
656,From bombmaker to Assembly guest: 120 ex-Maoists step into Chhattisgarh’s ‘temple of democracy’
657,"Jain to Kejriwal, aggregate jail time of AAP’s five top leaders — 82 months"
658,Six key faces in Delhi liquor scam case: Charges and clean chit
659,"Uranium to AI on table, Canada’s Carney begins India visit"
660,Amit Shah chairs high-level meet to review security in Bihar border districts
661,"Dharmendra Pradhan at Express Adda: ‘If we want to be a developed economy by 2047, we must focus on knowledge, research’"
662,"IAF showcases combat prowess, gives peek into Operation Sindoor missions at Exercise Vayu Shakti"
663,‘Economic regulations by State have profound effects on editorial independence’: SC judge warns of indirect censorship
664,Indian Railways’ UTS App to discontinue from March 1: What happens to your R-Wallet balance?
665,No more forced recovery: Bihar’s new law limits borrowers to two MFIs and bans unauthorised loans
666,"J-K court issues warrants against Hizbul chief Syed Salahuddin, other members of terror group"
667,"Bihar too ‘Maoist free’, how the wheel came full circle"
668,Relief for Kerala Story 2: High Court’s Division Bench lifts stay on release
669,J-K now without grassroots representation as District Development Councils’ term ends
670,ICF to roll out two more 16-coach Vande Bharat Sleeper rakes by March-end
671,‘Bid to protect guilty’: Uproar in Jharkhand Assembly over children testing HIV positive in Chaibasa
672,"Ministers, academics to take forward PM Modi’s ‘decolonisation’ call through conferences, monographs"
673,"Ministers, academics to take forward PM Modi’s ‘decolonisation’ call through conferences, monographs"
674,Thiruvananthapuram to Kannur in just 200 minutes: All you need to know about E Sreedharan’s high-speed rail plan for Kerala
675,"Beyond Patna, Nalanda, Gaya: Bihar looks to map out major Shiva temples for its next big spiritual tourism circuit"
676,"Gold Today Rate, February 27: Check 18, 22 and 24 carat gold prices Chennai, Mumbai, Delhi, Kolkata and other cities"
677,Mark Carney India Visit Today Live Updates: Canadian PM checks out of Taj Mahal Palace in Mumbai
678,"Manipur inquiry committee head Justice Ajay Lamba resigns, former SC judge B S Chauhan to take over"
679,"‘Rs 35,000 loaned to British in 1917’: Madhya Pradesh family to formally pursue war-time loan given to colonial govt"
680,‘Never said I was unwell… was prioritising my health’: Jagdeep Dhankhar on his resignation as vice president
681,Gauhati Hight Court issues notice to CM Himanta Biswa Sarma over ‘Miya’ comments
682,Budget 2026-27: ‘Important to anchor  our fiscal policy in terms of debt’
683,"Rs 2,220 cr Bank of Baroda loan ‘fraud’: Fresh CBI case against Anil Ambani"
684,Aircel-Maxis case: ED gets prosecution sanction against Chidambaram
685,‘Communication gap’: Bengal poll officials on SIR duty assaulted in Odisha after ‘mistakenly’ entering village
686,"‘Extraordinarily productive’: India, Israel elevate ties, sign 17 pacts"
687,Goa nightclub fire: Club owner Luthras among 13 chargesheeted
688,"Someone has to be held accountable, says PM Modi on NCERT textbook row"
689,"‘Though I’m a vegetarian, when J-K students came…’: Vice President recalls his time as Jharkhand Governor"
690,Broken electrical circuit behind ISRO’s failed launch of NVS-02 in January 2025: Committee
691,"Ashwini Vaishnaw warns digital platforms on deepfakes, calls for mandatory consent in AI content"
692,"Indian Railways sanctions Rs 872 crore infra projects in Rajasthan, Kerala and West Bengal"
693,Air ticket refund rules: No extra charge for cancelling ticket within 48 hours of booking
694,‘Action will be taken against those involved in preparing it’: Pradhan on NCERT book chapter on ‘corruption in judiciary’
695,Chhattisgarh encounter: 2 Maoists with Rs 10 lakh bounty killed as March 31 deadline looms
696,Railways reform plan 2026: RailTech Portal launched; Railway Claims Tribunal goes online
697,Internal rift turns deadly in Odisha’s last Maoist bastion: Why a commander was executed by his own leader
698,Indore family duped of Rs 1 lakh in ‘deepfake kidnapping’ video call scam
699,"PM Kisan 22nd Installment Date: Centre’s welfare scheme benefit to be disbursed soon, but reverification could axe some names"
700,India slams Pakistan at UNHRC over its J&K claims: ‘Living in a La La Land’
701,"Isro NVS-02 failure: Broken electrical circuit likely prevented orbit injection, says committee"
702,"Gold Today Rate, February 26: Check 18, 22 and 24 carat gold prices Chennai, Mumbai, Delhi, Kolkata and other cities"
703,Meet Rado and Rana: Cyberabad’s newest K9 recruits joining fight against drugs and explosives
704,Rajasthan tables Disturbed Areas Bill to curb ‘improper clustering’; offences non-bailable with up to 5-year jail term
705,"Not poaching, but ‘illegal wires’: MP govt submits report on 8 tiger deaths in Bandhavgarh since November"
706,"Rajasthan overturns 30-year two-child limit for local polls, removes leprosy bar"
707,Expressway versus farmland: Why hundreds of farmers in tractor-trolleys just marched into Ujjain
708,Wedding horror in Bihar: Groom looks on as neighbour shoots bride during rituals in Buxar
709,"NGT has space for experts, most of them now are former Govt officers"
710,Cops vs cops in Himachal after Delhi Police pick up 3 Indian Youth Congress men
711,House of J&K Dy CM Surinder Choudhary’s brother among places searched by ACB
712,Clash at Kannur station: Kerala health minister hospitalised following scuffle with protesting students
713,"Linked by blood and sacrifice, back Gaza peace: PM Modi to Israel Parliament"
714,"Anil Agarwal Dialogue 2026: Courts giving more importance to procedure over environmental damage, says ex-SC judge"
715,"Congress compromised, Rahul Gandhi puppet in hands of foreign power: BJP"
716,"Bilateral talks today: Pacts on table, PM Modi in Israel to strengthen ties"
717,"Gold smuggling: ED chargesheet against Kannada actor Ranya Rao, 2 others"
718,Surrendered Maoist leader Devuji’s emotional family reunion — ‘There were only hugs and tears’
719,"‘Attempt to malign his family’, says J&K Deputy CM Surinder Choudhary after ACB raids at brother’s residence"
720,"ED attaches Anil Ambani’s Rs 3,716-crore Mumbai residence in Pali Hill"
721,"‘Yeh kayar log hain, kuch nahin karenge’: What Rahul told Uttarakhand gym trainer ‘Mohammad Deepak’"
722,"Who is B Sumathi, the intelligence officer behind Maoist commander Devuji’s surrender"
723,FIR after video shows man assaulted for offering namaz in Uttarakhand
724,Exclusive: NCERT pulls out new Class 8 Social Science textbook after row over section on ‘corruption in judiciary’
725,‘Why give it to companies?’: Agriculture Minister Shivraj Chouhan moots direct benefit transfer for fertiliser subsidy
726,"From Rs 8,000 salary to Rs 4 crore in trolley bags: Raids at Odisha mining official’s house leads to ‘massive recoveries’"
727,Not only be a good cop but also publicise it: MHA now wants all police stations to post their success stories on social media
728,"Gold Today Rate, February 25: Check 18, 22 and 24 carat gold prices Chennai, Mumbai, Delhi, Kolkata and other cities"
729,"Kerala relaxes age limits for PSC jobs, moves to publish report on Christian community’s issues"
730,From Maoist bastion to ‘modern education city’: What Chhattisgarh Budget has in store for Bastar region
731,"65-year-old tourist dies in Goa, Delhi teen booked after speeding Thar crashes into another car"
732,"Lives lost in Jharkhand plane crash: 2 young pilots, a family that scrambled to arrange air ambulance"
733,House panel condemns ‘unfortunate incident’ at AI Impact Summit
734,Govt blocks five OTT platforms for streaming obscene content
735,"PM Modi on Israel visit from today, strategic ties upgrade on table"
736,"ECI, SECs adopt declaration to synergise poll processes"
737,"Youth Congress chief arrested; stand firmly with my Babbar Sher colleagues, says Rahul Gandhi"
738,"At AI Summit, Congress youth wing acted at Rahul’s behest: BJP"
739,"Government should make road safety top priority, says UN special envoy"
740,"‘They threatened to finish us’: Assault of students at Madhya Pradesh university leads to outcry, FIR"
741,Rahul Gandhi links India-US trade deal to Epstein files and Adani case – ‘Sold the country’
742,"As forests shrink and herds grow, central India’s elephant crisis is primed to spiral"
743,Poll day randomisation of police to be done in presence of EC observers
744,Jammu to Srinagar in 5 Hours: Direct Vande Bharat service to launch March 1 with massive capacity upgrade
745,"ECI, State Election Commissions adopt declaration to synergise electoral processes"
746,"Ahead of panchayat polls, Patnaik takes on Odisha govt over farmer issues — ‘Not Jai Kisan but Bhago Kisan’"
747,"Metro Man Sreedharan ‘redraws’ Kerala’s high-speed map, unveils Rs 54,000 crore plan to slash K-rail costs"
748,"Cong’s youth wing chief, Uday Bhanu Chib, gives wings to party cause on the ground"
749,"Cabinet clears move to rename Kerala as Keralam, PM says ‘will of people of the state’"
750,"CAG flags lapses in Kerala MGNREGS: ‘Poor planning, low asset creation, and declining work demand’"
751,"Extension of Metro corridor at GIFT City in Gujarat approved; move aimed at benefiting MNCs, institutes"
752,"Manipur CM Yumnam Khemchand meets PM Modi, invites him to visit state"
753,Brother-in-law’s ‘friends’ gangrape woman at gunpoint in Uttarakhand: Police
754,"No further extension to NITI CEO BVR Subrahmanyam, IAS officer Nidhi Chhibber assigned additional charge"
755,"Rise in online searches for mental health support, Kolkata tops counselling and therapy centre category: Report"
756,"AIADMK’s Palaniswami promises Rs 10,000 for every household if voted back to power"
757,"The Kerala Story 2: Filmmakers present 33 alleged conversion survivors at Delhi event, none from the state"
758,"Explained: What is ‘Prahaar’, India’s first counter-terrorism policy?"
759,Pawan Hans helicopter carrying 7 crashes into Andaman sea
760,"After 27 years, EC to host meet with state election commissioners today: Here is what’s on agenda"
761,NCRTC announces fresh parking fees at stations as 82-km Namo Bharat corridor fully opens
762,"Gold Today Rate, February 24: Check 18, 22 and 24 carat gold prices Chennai, Mumbai, Delhi, Kolkata and other cities"
763,Centre to fast-track deportation of foreign drug peddlers: Why MHA wants courts to drop ‘petty’ cases
764,"Drama in Patna as Andhra police arrive to arrest Bihar IG, denied transit remand by local court"
765,Seven killed after Ranchi-Delhi air ambulance crashes in Jharkhand’s Chatra: What we know so far
766,"Protesters gherao minister Vishwajit Rane’s house in Goa, demand scrapping of contentious land-use change law 39A"
767,‘New world’: How a digital initiative is transforming govt schools in district with Kashmir’s lowest literacy rate
768,"BJP leader distributes blankets in Rajasthan, then takes them back from Muslim women, later says: ‘Thought they were party workers’"
769,"I-T brings Rs 14,601-crore undisclosed offshore investments to tax"
770,Govt unveils country’s first counter-terrorism policy — Prahaar
771,IAF’s Tejas fleet undergoes extensive checks after ground incident
772,Leave Iran by all means available: India’s new advisory to its nationals
773,Rahul slams Modi: What’s shameful is how nation was sold as part of trade deal
774,"Canada PM Mark Carney, on 3-nation tour, to meet Modi on March 2"
775,LS Speaker Om Birla forms friendship groups with 64 nations; Opposition MPs to lead many of these
776,Ranchi-Delhi air ambulance with 7 on board crashes in Jharkhand’s Chatra
777,SIR: Nearly 70 lakh deletions from electoral roll as Tamil Nadu releases final voter list
778,Kishtwar encounter ends 2-year pursuit of 7 Jaish infiltrators from Pakistan: Officers
779,"‘Jailed a tantri for revenge’: BJP, Congress launch fresh offensive against Pinarayi Vijayan govt over Sabarimala"
780,President unveils Rajaji’s bust: ‘Set example of mental decolonisation’
781,"‘Couldn’t have imagined such heat’ — At Khelo India winter games, Omar flags concerns over rising temperatures"
782,Bihar Rajya Sabha polls: NDA set to clinch 4 seats but AIMIM and BSP hold key to fifth. Here’s why
783,Tamil Nadu SIR Final Voter List 2026: Tamil Nadu final electoral roll published. How to check your name? What to do if your name is deleted?
784,"Lanterns, legends and lost souls: Unearthing Fort Kochi’s haunted histories"
785,Meerut Metro inauguration: Uttar Pradesh’s operational metro rail network crosses 170 km – Check routes
786,"Two dead, several hospitalised in Andhra Pradesh’s Rajahmundry after suspected milk contamination"
787,"After lynching Dalit man for ‘trying to meet woman’, villagers try to frame him for stealing tractor battery: Jharkhand Police"
788,Vande Bharat Sleeper train production: Titagarh Rail Systems eyes car body completion of 1st rake by March 31 – check rollout plan
789,"IRCTC e-Pantry meal option: Here’s how to order breakfast, lunch or dinner on train | step-by-step guide"
790,"‘Mohammad’ Deepak, who defended Muslim shopkeeper, meets Rahul Gandhi: ‘Will take membership in my gym’"
791,"‘Preventing violent tendencies’: Bihar Deputy CM’s rationale for banning meat sales near educational institutes, public spaces"
792,"Denied Rs 100 to buy liquor, man kills his mother in Bihar’s Gopalganj"
793,Amit Shah’s ‘Devnagari’ push for Kokborok triggers fresh storm in Tripura
794,"Besides Lutyens’ statue, what else has changed at Rashtrapati Bhavan lately"
795,"Top News Headlines of February 23, 2026 | Medical charter plane crashes in Jharkhand with 7 people onboard"
796,"From Basavaraju to Hidma, Sonu to Devuji: Who are the top Maoist leaders killed or surrendered since last year?"
797,"Army sniffer dog Tyson suffered 1st bullet injury in Kishtwar encounter, but kept going, helping forces find 3 hiding terrorists"
798,IRS officer booked on charges of rape in Odisha
799,"‘Use summons judiciously, expedite probe, conclude long-pending investigations’: ED chief directs officers"
800,"PM Modi to travel to Israel on Feb 25; my dear friend’s historic visit, says Netanyahu"
801,Brazil President Lula: India does not have the mindset of a coloniser
802,"After 32 years with Congress, former Assam party chief Bhupen Borah joins BJP"
803,Congress turned AI Summit into a stage for its ‘gandi aur nangi’ politics: PM Modi
804,"After Uttarakhand Education official accuses BJP MLA of assault, a counter-complaint"
805,"Meerut South to Modipuram: India’s fastest metro train begins commercial run – check travel time, stops, fare"
806,"Clubbing at college, with govt nod: DU welcomes bhajan initiative"
807,"Panvel-Alipurduar Amrit Bharat Express starts today – check train number, travel time, stops, ticket price"
808,Congress turned AI summit into arena for its ‘gandi aur nangi’ politics: PM Modi on ‘shirtless’ protest
809,"‘World amazed at how we preserve ancient knowledge’: Modi talks about AI Summit, KYC, Kerala Kumbh in Mann Ki Baat"
810,3 Jaish terrorists killed in Kishtwar encounter as joint team of forces track them down following month-long chase
811,J-K: Encounter breaks out in Kishtwar
812,"Ripples from AI summit protest reach Indore: BJP, Congress workers clash, several injured"
813,5 policemen killed after truck crashes into PCR van in Odisha
814,"Top News Headlines of February 22, 2026 | After 32 years with Congress, former Assam party chief Bhupen Borah joins BJP"
815,Over 400 custodial deaths: Jharkhand High Court seeks clarity from govt
816,Class 7 girl ‘raped for over a year’: 4 private school teachers arrested in Odisha
817,"What’s behind the sharp decline in Class 10, 12 pass percentages in Ladakh after move from state board to CBSE"
818,Centre asks states to wrap up household survey by April-end
819,"Developed India will be built only when nation is self-reliant, says PM Modi"
820,SIR: 8.57 lakh deletions in Kerala as EC releases final voters list
821,Rajasthan: 31.36 lakh names removed in final rolls under SIR 2026
822,‘Presence of infiltrators was a big security threat’: Shah lays foundation stone of Assam Police campus at 2024 eviction site
823,Commercial insurance rates fall by up to 25% in India
824,"‘Sustained injuries to eye, face’: Uttarakhand official accuses BJP MLA, supporters of assaulting him in his office"
825,"Over a month after ‘technical pause’, Bangladesh set to resume full visa ops for Indian nationals"
826,AR Rahman’s acknowledgement of the Dagars after an almost three-year court battle is an important corrective step
827,"Trade to critical minerals: India, Brazil for a stronger Global South"
828,SIR: Goa’s final list with 10.57 lakh voters published
829,"Vungzagin Valte, Manipur MLA who never fully recovered from 2023 mob attack, dies"
830,IRCTC announces 20% discount on Buddhist Circuit Tourist train package
831,"India’s first private train Tejas Express: Latest passenger occupancy, revenue performance"
832,Maharajas’ Express revenue jumps 39% in Q3FY26: Check earnings of India’s luxury train
833,WATCH | Brazil President Lula gets ceremonial welcome at Rashtrapati Bhavan
834,‘He will surrender again’: Rahul Gandhi’s jibe at PM Modi after Trump cuts global tariffs to 10%
835,Baramati crash: Rohit Pawar says plane operator has links to ‘powerful’ people in ruling party; seeks Modi’s help
836,"BJP Protests Live Updates: Well thought out conspiracy by Cong to attack India, says Rijiju"
837,"‘No one came to share our pain’: A Chhattisgarh family seeks justice after all accused in murder of father, son acquitted"
838,"Focus on faith, infra, women empowerment: CM Majhi presents Odisha Budget"
839,"Gold Rate Today, February 21: Check 18, 22 and 24 carat gold prices Chennai, Mumbai, Delhi, Kolkata and other cities"
840,"Heavy police deployment, dozens of arrests after communal tensions flare up in Jabalpur"
841,"One dead, witnesses say SDM, men attacked them for no reason, officials admit conduct ‘suspicious’"
842,‘Brick by brick’: Behind the ‘conscious decision’ to demolish Maoist memorials in Bastar
843,Amit Shah at Assam border village: Will send back every infiltrator
844,Centre forms Empowered Committee for CAA implementation in West Bengal
845,"Trade, defence on table as PM Modi meets Lula today"
846,PM condoles Manipur BJP MLA Valte’s demise
847,"Mani Shankar Mukherjee (Sankar) 1933-2026 | The great chronicler of a world and people at work, in a universal language"
848,"Rishab Rikhiram, Anoushka Shankar and the question of lineage"
849,"Congress to hold ‘kisan sammelans’ against US trade deal, first in Bhopal on Feb 24"
850,"‘I take responsibility’: Kailash Vijayvargiya says water contamination incident a ‘stain’ on Indore, but it ‘will be washed away’"
851,CCPA notice to 6 e-commerce firms for selling wireless transmitting devices
852,‘Aukaat mein raho’: Vijayvargiya’s remark on senior Congressman forces an apology from CM
853,"Vibrant Villages 2: Rs 6,839 crore will be spent to upgrade 1,954 villages, Amit Shah says"
854,Kerala has 2.69 crore voters in final list
855,Northeast India’s 1st Vande Bharat Express train gets new stoppage – check route
856,"Odisha: Naveen Patnaik mourns after three-year-old, her mother die in firecracker blast near Cuttack"
857,Race Course Road slums: 717 households near PM’s home asked to vacate by March 6
858,Indian Railways boarding point rules may ease: Railway Board sends proposal to CRIS
859,"Gold Today Rate, February 20: Check 18, 22 and 24 carat gold prices Chennai, Mumbai, Delhi, Kolkata and other cities"
860,"‘Will not let your tears go in vain’: Manipur CM Yumnam Khemchand Singh holds outreach with displaced Kuki-Zo, Meitei communities"
861,"SIR of electoral rolls in the remaining 22 states, Union Territories to start in April, says EC"
862,Shillong MP Ricky Andrew J Syngkon dies at 54
863,"‘Real Kerala story’: 22 km from worst-hit village, township for Wayanad landslide survivors set for inauguration"
864,"Dalit families say water, power disconnected in colony; Telangana rights panel steps in"
865,"In Srinagar, Himachal CM Sukhu addresses attacks on Kashmiris, slams US trade deal: ‘We’re both apple producers’"
866,"Top News Headlines of February 20, 2026 | Citing ‘love jihad’, Gujarat moves to change marriage registration law, make parental consent compulsory"
867,Why are residents of Goa’s Panaji opposing casinos?
868,"CM Pushkar Singh Dhami sought probe on ad hoc appointments, terminated services: Uttarakhand govt"
869,‘Sanitation issues’ during Governor’s stay: Indore cancels housekeeping tender at historic Residency Kothi
870,"Bank Holiday Today: Are banks open or closed on Friday, February 20? Check city-wise operational status"
871,"Fortune and future in AI, not fear… it’s for global good: PM Modi at AI Impact Summit"
872,Fiasco at India AI Expo: Galgotias University bagged a booth bigger than what 4 IITs combined got
873,OpenAI CEO Sam Altman is guest at Express Adda today
874,India set to join US-led Pax Silica today on sidelines of AI summit
875,India attends Trump’s Gaza board meeting as observer
876,"To ensure focus remains on summit priorities, says Gates Foundation"
877,Priyanka Gandhi releases 20-point ‘people’s chargesheet’ against Himanta government ahead of Assam polls
878,Need naval forces to join hands to tackle maritime threats: Rajnath Singh
879,All tourist sites closed after Pahalgam will open by May 2026: Omar Abdullah announces full sector revival in J-K House
880,Right to life includes dignity: Gauhati High Court tells Assam govt to help 600 evicted families
881,"One million youth, a Quantum university, and AI labs: Chandrababu Naidu’s aggressive blueprint for Andhra Pradesh"
882,"Kota man threatens to shoot Rahul Gandhi at his home, arrested"
883,Indian Railways revises schedule of Firozpur Cantt-Delhi Vande Bharat Express train
884,‘Are they not Indians?’: Sajad Lone slams police verification of J&K residents
885,"‘I am not a flight risk’: Anil Ambani files undertaking in Supreme Court amid Rs 40,000 crore fraud probe"
886,IRCTC tightens rules: Aadhaar verification must for advance and Tatkal bookings
887,"As terrorists shift base to mountains and dense forests, a weekly security review to bring Jammu and Kashmir closer"
888,"Indian Railways revises schedule of 43rd Vande Bharat train – check route, travel time, stoppages, timings, ticket price"
889,"Rishikesh-Karnaprayag rail project likely to be completed by December 2028, says RVNL CMD"
890,"Top News Headlines of February 19, 2026 | How US military is deploying its arsenal to strike Iran: Full breakdown amid Trump’s fresh warning"
891,‘Western countries cutting assistance… using AI to anticipate crisis and intervene early and it is helping us save money and lives’ : WFP
892,"Veteran journalist Govindan Kutty, who survived 1977 plane crash with Morarji Desai, dies at 81"
893,"At Delhi AI Impact Summit 2026, PM Modi unveils ‘MANAV’ vision for artificial intelligence"
894,Bihar’s ‘last Naxal’: Surrender that ‘brought Maoist activity to end’ in the stats
895,"Kerala Story 2 trailer: CM Pinarayi Vijayan urges people to reject ‘hate campaign’, says ‘truth must prevail over lies’"
896,"‘Right-sizing’ federalism: Tamil Nadu panel headed by Justice Kurian Joseph calls for changes in language policy, Governor post"
897,"On the wrong train at age 6, home at 20: The 14-year journey of a lost boy from Jharkhand"
898,"India AI Impact Summit: Flood alerts, speech synthesis to waste segregation, IITs focus wide and deep"
899,"Indore MBA student’s gruesome murder: ‘Whatever happened, happened,’ says accused as police reveal circumstances that led to killing"
900,"With its strong presence, Europe gives India a vote of ‘AI confidence’"
901,Coming to New York’s iconic Carnegie Hall: Annual festival dedicated to Indian music
902,"Only 300 Maoists left: In final push, forces zero in on last pockets to meet 2026 deadline"
903,"Ignoring rules & red flags, 2 Uttarakhand CMs cleared 227 ad hoc appointments to Vidhan Sabha office"
904,Manohar Parrikar’s son Utpal launches panel against BJP-backed candidates for Panaji municipal polls
905,"International Fleet Review at Visakhapatnam: Indian Navy vigilant in safeguarding country’s maritime interests, promoting goodwill around globe, says Murmu"
906,RLM MLA calls for review of Bihar’s prohibition – ‘Time for review’
907,"Emphasis on school children’s nutrition, Simhastha Mahaparv prep: What Madhya Pradesh’s record Budget has in store"
908,Jal Jeevan Mission case: Rajasthan seeks LOC against retired IAS Subodh Agarwal
909,Bars to be open till midnight in Kerala: Govt cites complaints over restrictions despite heavy licensing fee
910,EU opens legal gateway office in Delhi; Jaishankar says ‘mobility with purpose’
911,"18 years later, J&K govt admits 4 Jammu University campuses exist only on paper"
912,"Assam election: ECI says will factor in Bihu, praises officials after only 500 appeals following final voter list"
913,"Made in China, unmade at summit: Galgotias exits after robot fiasco"
914,"Swiss President Interview: ‘We welcome summit focus, need to shield democracies, rule of law against AI threat’"
915,"‘Weaponised’ vs ‘terrorised’: Supreme Court adjourns hearing on ED plea against I-PAC, Mamata Banerjee"
916,"‘My future will be ruined,’ pleads man as Bihar woman constable ‘negotiates’ bribe inside police vehicle"
917,"Lawyer ‘drags TCS employee on car bonnet for over a kilometre’, says he feared being lynched"
918,"Singed by Bhupen Borah’s exit, Gaurav Gogoi now insinuates he was passing information to Himanta"
919,"Behind Odisha twins who scored identical marks in JEE Mains, a mother’s sacrifice"
920,Baby boom at Kuno: India’s cheetah population grows to 38 as ‘Gamini’ becomes mother for second time
921,Why a massive Arunachal power project got an 11-year green nod extension
922,"WATCH: Cheetah Gamini delivers 3 cubs at Kuno National Park, India’s count rises to 38"
923,"After Chinese robot debacle, govt asks Galgotias University to vacate India AI Expo"
924,"Gold Today Rate, February 18: Check 18, 22 and 24 carat gold prices Chennai, Mumbai, Delhi, Kolkata and other cities"
925,"Rajya Sabha elections on March 16: From Sharad Pawar to Priyanka Chaturvedi, here are the MPs whose terms end in April"
926,Taj Mahotsav 2026: Agra’s grand celebration of India’s cultural heritage returns with 35th edition
927,"Tamil Nadu’s election-year budget bets on welfare, growth – and a trillion-dollar promise"
928,‘Rajya mata’ status for cow and 7 adjournments: The storm inside Rajasthan Assembly
929,"Asked to explain Indore drinking water deaths, BJP’s Vijayvargiya reminds Congress of 1984 Bhopal gas tragedy"
930,17 accused of killing father and son during 2023 communal flare-up in Biranpur acquitted
931,A cadet’s disappearance at sea leaves a family searching for answers
932,"School evacuation before board exam lays bare Manipur faultlines, little clarity on when 51 Kuki students will return"
933,"Tarique Rahman takes charge in Dhaka, PM sends India invitation"
934,"In India-France defence dialogue, push for Rafale indigenous content, MRO facilities for aero engines"
935,India and France upgrade ties to Special Global Strategic Partnership
936,‘Not party stand’: Venugopal clears air over chatter in Congress over power sharing in Tamil Nadu
937,‘We are working on safe and trusted AI for the people’: IIT Madras Director Veezhinathan Kamakoti
938,"AI a force-multiplier, it would add more tech jobs to nation’s economy: PM Modi"
939,"Congress insisted they had convinced him to stay. Day later, party’s ex-Assam chief confirms switch to BJP"
940,"Two from Kashmir charged for ‘anti-national, secessionist, and pro-terrorist content’ on social media"
941,"Bihar’s Rs 468 crore AI leap: 10,000 new tech jobs and a landmark research park at IIT Patna"
942,"A mammoth cover-up: Odisha issues notice to divisional forest officer as dead elephant is ‘cut into 32 pieces, buried’"
943,‘World’s only helicopter to fly at Everest heights will be made in India’: Modi on India-France H125 project
944,9 senior engineers arrested after early-morning raids in ‘Rs 960-crore Jal Jeevan Mission corruption case’
945,"Another death in a pit: Kerala biker falls to his death, days before leaving for job abroad"
946,"Decision on J&K statehood soon, says Union Minister; Omar cautions: ‘Been waiting for a year and a half’"
947,In numbers: How wildlife conflict has dropped across J&K
948,Senior Bihar bureaucrat in eye of storm for taking chartered plane with family
949,"‘BJP budget like birth of a boy, Congress budget a girl child’: Rajasthan BJP MLA"
950,From ‘Tiger School’ to tragic end: Rewilded cub N7 dies weeks after release into the wild
951,"Top News Headlines of February 17, 2026 | Gujarat Confidential: Live-streaming ‘rights’"
952,"Emmanuel Macron India Visit Live Updates: AI development should serve humanity without overdependence on few global powers, says Macron"
953,"Gold Today Rate, February 17: Check 18, 22 and 24 carat gold prices Chennai, Mumbai, Delhi, Kolkata and other cities"
954,"At India AI Impact Summit, media leaders stress upon structured dialogue between technology and journalism"
955,Solar Eclipse (Surya Grahan) 2026: Year’s first annular solar eclipse ends
956,Former Goa minister Vinod Palyekar booked in sexual harassment case
957,Haryana’s ‘Dr Morphine’ at centre of Rs 209-crore cyber scam busted in J-K
958,"On day of high drama for Assam Congress, MLA Abdur Rashid Mandal switches over to Raijor Dal"
959,Fast for cow shelter in a journalism university — by Congress’s student wing
960,"A mining tragedy and a crackdown: Over 15,000 tonnes of illegal coal impounded in Meghalaya"
961,"Private car, ‘illegal mining’, and a fatal assault: Chhattisgarh SDM arrested in murder case"
962,From German Shepherds to local canines: Madhya Pradesh considers introducing Indian breeds into forest dog squads
963,"Kova bun seller was harassed by YouTubers over ‘food jihad’ claims. Then, Andhra minister Nara Lokesh rallied behind him"
964,United Goa firm on Dabolim airport’s fate: ‘Touching it will kill economy’
965,"ED slaps Rs 184-cr FEMA penalty on NewsClick, editor"
966,Domestic newsprint production meeting only 40% of demand: INS
967,Indian in Mali jail: MEA writes to employer for urgent hearing
968,"Tripura student murder case: Prime accused ‘still in Nepal’, Dehradun police file chargesheet against 6"
969,Terrorist posters in Kathua and new 5 km border restrictions: Why security forces are on high alert in Jammu
970,"Nitish govt transfers Rs 10,000 each to 25 lakh women; total number of beneficiaries now 1.81 crore"
971,"PM Modi likely to visit Israel on Feb 25, hold talks with Netanyahu"
972,"From Yousmarg to Peer Ki Gali: Shut after Pahalgam attack, 14 tourists spots in J-K reopened to public"
973,"Holi 2026: Central Railway announces 186 special train services – check routes, stops, timings"
974,"‘Centre and states should publicly reassure that minorities are safe’: Poola Anthony, India’s first Dalit Cardinal to lead CBCI"
975,"‘Fact, fiction and WhatsApp forwards’: Karti Chidambaram reacts to ‘cameo’ in Aditya Dhar’s Dhurandhar"
976,"Hot days this week over northwest and peninsular India, says IMD"
977,Indo-Russia partnership: RVNL targets June 2026 to roll out first Vande Bharat Sleeper prototype
978,"Bullet train: After Vande Bharat, Govt focuses on designing & manufacturing 280 kmph high-speed trains"
979,India AI Impact Summit 2026 begins: From nearest Delhi Metro station to parking facility – All you need to know
980,"After 3 month boycott over Dalit cook, residents of Odisha village finally send their children to anganwadi"
981,"Election Commission to showcase its all-in-one app to State Election Commissions, with offer of developing version for them"
982,7 workers killed as fire tears through Rajasthan chemical factory
983,‘Question of self-respect’: Former Assam Congress chief Bhupen Borah quits party ahead of polls
984,"Top News Headlines of February 16, 2026 | Deleted all social media apps on his smartphone, sacrificed time with friends: JEE Main topper’s single-minded focus on exam goal"
985,"NGT clears Rs 80,000-crore Great Nicobar project, cites ‘strategic’ role, no ‘good ground’ to interfere"
986,"Bill Gates arrives in Andhra Pradesh, to hold talks with CM Naidu on health and AI"
987,"Udaipur-Asarva Vande Bharat train to commence inaugural run today: check stoppages, timings"
988,‘Organised thrusting of smallness’: Amartya Sen warns of ‘weakening secularism’ in India
989,13-year-old Christian boy denied burial in Odisha village over church relocation row
990,"MBA student said she’ll return home after birthday party. 4 days later, her father identified body by her socks in a locked flat"
991,What are ‘hornbill restaurants’? Behind Chhattisgarh’s plan to make tiger reserve a haven for rare bird
992,"Filmmaker who accused ex-Kerala MLA and director of sexual assault speaks: ‘When survivor remains anonymous, accused gets all the space’"
993,"Skewed Jammu, Kashmir quota data set to sharpen debate"
994,"Bluetooth in shoes, answers on Google: How cheating ring targeted GATE exam in Raipur"
995,"India-US security ties on upward trajectory, says US Commander"
996,We invite world’s data to reside in India: PM Modi ahead of AI Impact Summit 2026
997,Rs 3 crore bail bond: Nagpur woman runs pillar to post to free husband held in Mali over firm dispute
998,"Pinarayi Vijayan will be CM again, predicts Congress’s Mani Shankar Aiyar as he hails Kerala’s CPM govt"
999,"Mumbai-Ahmedabad bullet train fares proposed to be competitive with existing Rail, Air travel: Ashwini Vaishnaw"
1000,"Betrayal of farmers, trade deal gives US long-term grip on our agri system: Rahul Gandhi"
1001,"Udaipur-Asarva Vande Bharat train: IRCTC opens ticket booking – check fare, stops and speed"
1002,Lok Sabha Speaker Om Birla to represent India as Tarique Rahman takes oath as Bangladesh PM
1003,"120 days after he died in Saudi shootout, migrant worker’s body back in India; but his family is not yet ready to accept the remains"
1004,Vande Bharat Express: A timeline of the train service as it turns 7 today
1005,Railways conducts 160 kmph Kavach trial on Dadri-Tundla section using Vande Bharat rake
1006,‘I only see losses’: Omar warns of threat to Kashmir’s fruit growers from new Indo-US trade deal
1007,"Top News Headlines of February 15, 2026 | Metro collapse victim’s family refuses to claim body, seeks compensation, job for daughter"
1008,Over 300 endangered turtles found hidden in AC First-Class coach of Patna-Indore Express
1009,Exclusive | Srinagar’s heritage renaissance: Inside Rs 210 crore plan to transform walled city
1010,"Madhya Pradesh vegetable vendor ‘burgled’ several police houses. Then, law caught up with him"
1011,"Every day she cycles to the anganwadi, cleans up, lays out the mats – and waits, for kids who never come"
1012,"Pannun plot: In Nikhil Gupta’s guilty plea, US Justice Dept names R&AW"
1013,He took blame on himself… wanted to end it: Nikhil Gupta’s family on Pannun murder plot
1014,Puducherry final SIR roll shows 7.5% drop in voters
1015,Former R&AW officer also named in Pannun Plot: Police preparing supplementary chargesheet against Vikash Yadav in extortion and kidnapping case
1016,S Jaishankar at Munich Security Conference: ‘Strategic autonomy  runs deep… across political spectrum’
1017,"Arunachal hydel project will impact 23.4 lakh trees, but compensatory plantations will happen in MP"
1018,"Anil Ambani talked funds, defence, ‘dessert’ with Epstein until months before his arrest"
1019,"Nadda visits Uttarakhand, praises Dhami, calls for unity amid reports of factionalism"
1020,"After outrage over Sadhvi’s death, Rajasthan Police report rules out foul play"
1021,Jharkhand elephant attacks: 12 deaths in 10 days force residents to flee village
1022,"In Assam, Modi questions Congress on national security: ‘Kept the country in danger’"
1023,‘Need modern office as nation moves ahead’: Cabinet resolution on PMO shift to Seva Teerth
1024,Green light to first road-cum-rail tunnel under Brahmaputra river
1025,Posters of JeM Commander Saifullah surface across Doda as security forces bust forest hideout
1026,From Clean trains to Gati Shakti Cargo terminals: Railways reform plan 2026 targets on-board service and freight growth
1027,Cabinet approves Rs 1 lakh crore Urban Challenge Fund to force cities to ‘earn’ their own growth
1028,"Ballari-Hosapete 3rd & 4th Railway line project in Karnataka: check cost, timeline, significance"
1029,‘It’s a trap’: Rahul Gandhi says new US trade deal will ‘destroy’ India’s textile industry
1030,"Kochi father-daughter death: Autopsy reveals 6-year-old sexually abused, poisoned"
1031,"Rs 10,154 crore investment: Kasara-Manmad 3rd and 4th railway lines project gets Cabinet nod"
1032,‘We paid for everything’ — 11 Jharkhand workers rescued from Dubai allege assault and unpaid wages
1033,Inter-caste couple in Bhopal get police protection after knocking on court’s doors
1034,PM Modi lands on Northeast’s first Emergency Landing Facility in Assam. Here’s why it is important
1035,India’s first underwater twin-tube Road-cum-Rail tunnel in Assam: Here’s how this project could transform Northeast connectivity
1036,Cabinet approves Rs 1 lakh crore for Urban Challenge Fund: Know what it is
1037,‘Malicious investigation’: Madhya Pradesh HC overturns life sentence in Panna murder case over ‘fabricated’ evidence
1038,‘Highly unjust’: Chhattisgarh High Court after mother of constable killed in Maoist encounter denied pension
1039,"BJP leader arrested after roadside argument with judge, property demolished in Madhya Pradesh"
1040,Ola two-wheeler given for repair not returned: Goa consumer forum issues bailable warrant against Bhavish Aggarwal
1041,"In Jammu, no salary for govt officials who haven’t paid their water bills"
1042,"Vaishnaw: Asked to revise DPR, Kerala wants K-Rail treated as standalone project"
1043,"2 weeks after Ajit Pawar’s death, crash site becomes an unlikely landmark"
1044,20 heads of states to attend AI Impact Summit next week
1045,"After 4 years, India allows wheat export"
1046,"Seva Teerth, Kartavya Bhavan built to fulfil the aspirations of India: PM Modi"
1047,Pannun Assassination Plot: ‘Gupta worked at the direction of an Indian govt employee to arrange the murder plot’
1048,Pannun murder plot: Accused Nikhil Gupta pleads guilty in US court
1049,"K-Rail in limbo: Railways seeks DPR revision, state presses for standalone project"
1050,J&K Assembly Speaker demands law change as Minister admits Food Safety Act ‘deficiencies’
1051,This 73-year-old Kerala woman just taught a viral lesson in civic sense—and authorities are taking notes
1052,"Udaipur-Asarva (Ahmedabad) Vande Bharat train to commence commercial run next week: check stops, timings"
1053,"Rahul Gandhi’s conduct this Budget Session was undemocratic, anarchic: BJP"
1054,RPF arrests Nashik resident for placing snake in Mumbai-Solapur Vande Bharat Express
1055,"Railways cracks down on Fake IDs: 3 crore IRCTC user IDs deactivated, 13k suspicious email domains blocked"
1056,Railway projects in Kerala: DPR survey for 7 high-speed projects sanctioned with 160 kmph speed potential
1057,"Parliament Day 13 Highlights: Kharge-Chairman standoff, Oppn protest over Puri’s ‘Epstein link’ — All that happened today"
1058,Kalka-Shimla rail line: Northern Railway rolls out air brake coaches on UNESCO World Heritage section
1059,11 Dead in 10 Days:  ‘Erratic’ elephant herd is now terrorising Jharkhand districts
1060,"Large portions of my speech expunged without reason, restore it: Kharge to Chairman"
1061,National Highways toll charges revised from Feb 15 – here’s what it means for commuters
1062,"Court hearing in missing girl’s case takes a turn: Mother says she was attacked at home, branded a witch"
1063,"Stalin’s poll bonanza: Rs 5,000 in accounts of 1.31 crore women"
1064,"Yuge Yugeen Bharat Museum project’s budget, timeline ‘currently being determined’: Govt to Rajya Sabha"
1065,"Gold Today Rate, February 13: Check 18, 22 and 24 carat gold prices Chennai, Mumbai, Delhi, Kolkata and other cities"
1066,"Fox-hole IED planted below main road in Bijapur detected, disposed"
1067,Puri Jagannath Temple’s secret 324-page Ratna Bhandar report to go public after 8 years
1068,Rajasthan university suspends 33 Kashmiri students over protest against lack of approval for nursing course
1069,"Himanta moves court: Gaurav Gogoi, Bhupesh Baghel restrained from making ‘defamatory statements’ against Assam CM"
1070,"Will Goa’s Dabolim Airport close? Amid rumours, Opposition MLAs turn up the heat"
1071,"Group disrupts Valentine’s Day ‘pre-event’ at Indore college, gets into heated argument with students"
1072,Epstein files fallout: Priyanka Gandhi Vadra demands Hardeep Puri’s resignation
1073,"Telangana Municipal Election Results 2026 HIGHLIGHTS: Congress registers decisive victory, wins 1537 wards"
1074,Vikram Misri meets Sergio Gor as India says joint statement is bedrock of US trade deal
1075,Education Minister Dharmendra Pradhan is guest at Adda today
1076,"Do what you can, not budging: Rahul Gandhi after BJP MP seeks his expulsion from Lok Sabha"
1077,Vande Mataram order attack on religious freedom: Muslim bodies
1078,"Committee hearing: Joint polls do not violate Constitution’s basic structure, says former CJI Gavai"
1079,"Brazilian President Luiz Inacio Lula da Silva in Delhi next week, will meet PM Modi"
1080,"Fed up with LDF & UDF, Kerala now looking to BJP-NDA with hope: PM Modi"
1081,"In a first, IAF instructors to train British pilots at Royal Air Force Valley"
1082,‘Reflects commitment to collaborative maritime security’: India assumes command of multinational training task force CTF 154
1083,"Dankuni-Surat freight corridor: Railway Board asks agency to update DPR, formalise optimum tech standards"
1084,"‘Every day, someone’s dignity is tarnished’ — J&K Assembly erupts over ‘fake news and doctored videos’"
1085,‘We don’t need this’: Rajasthan Health Minister remark over Right to Health law sparks outrage in Assembly
1086,How ritual prayer turned into a double murder in Madhya Pradesh’s Singrauli
1087,Top 10 busiest airports in India over the last three years
1088,"Defence Ministry signs Rs 2,312-crore deal with HAL for 8 Dornier 228 aircraft, equipment for Coast Guard"
1089,Fresh violence in Manipur: Two more houses set on fire in Ukhrul district
1090,"Indian Railways approves Rs 1,334 crore infra projects in UP, Rajasthan, MP and West Bengal"
1091,Telangana Municipal Election Results 2026: How to check ward-wise live vote counting on Telangana State Election Commission website
1092,"His gym membership plummeted for taking a stand. Now, ‘Mohammad’ Deepak gets some help from 15 Supreme Court Senior Advocates"
1093,"Railway Board asks DFCCIL to fast-track Dankuni–Surat Dedicated Freight Corridor, revise DPR"
1094,"From South Block to Seva Teerth: PM Modi to inaugurate new PMO complex, office buildings today"
1095,‘Unilateral and coercive decision’: Jamiat Ulama-i-Hind slams MHA for making all 6 stanzas of Vande Mataram mandatory
1096,‘You are not employed by BJP’: Rahul Gandhi hits out at media over ‘keyword’ coverage as Nishikant Dubey moves to cancel his Lok Sabha membership
1097,"DAC clears proposal to buy 114 Rafale jets from France, 90 to be manufactured in India with 50% indigenous content"
1098,‘Thuggery gang to destabilise India’: BJP moves substantive motion against Rahul Gandhi; demands life-long ban
1099,"‘You live in your India, we live in ours’: In sharp retort to Nirmala Sitharaman, Abhishek Banerjee says she doesn’t understand ‘a poor family’s grocery bill’"
1100,"In Rajya Sabha, Opposition says nothing in Budget for farmers, BJP calls it roadmap for the future"
1101,"AI in every classroom: BodhanAI will develop modules for teachers’ capacity building, says Dharmendra Pradhan"
1102,"In RS, Opp says nothing in Budget for farmers, BJP calls it roadmap for future"
1103,"Epstein emails show Puri meetings, visa help for aide"
1104,"From Braille to Bench: Meet 24-year-old lawyer Thanya, set to become Kerala’s first visually-impaired judge"
1105,"Gold Today Rate, February 12: Check 18, 22 and 24 carat gold prices Chennai, Mumbai, Delhi, Kolkata and other cities"
1106,Andhra’s AI-facial recognition is ending the era of ‘proxy attendance’ for MLAs
1107,"Bharat Bandh News Today Live Updates: Congress backs nationwide strike, MPs stage protest outside Parliament"
1108,"Rahul Gandhi’s claim on India-US trade deal ridiculously false, says BJP"
1109,Behind Assam’s contentious Special Revision: Why over 2.4 lakh names have been deleted from voter list
1110,"DC, tehsildar ‘misappropriated funds’ for crucial Bharatmala road project, arrested"
1111,‘Dubious’ transactions at Sabarimala: High Court informed of lakhs sent via money orders by temple staff
1112,"EXCLUSIVE: Behind Madhya Pradesh cough syrup deaths: Bad batch, compromised system, a phone call"
1113,"Buffoonery, smear campaign: Puri hits out at Rahul’s Epstein remark"
1114,"Rahul slams Govt over US deal; He is misleading House, will file privilege notice, says Rijiju"
1115,"Sitharaman counters LoP on farmers, food security & data"
1116,Number of students going abroad falls sharply by 31% in two years
1117,"Rafale, Su-30, Tejas to be part of ‘Vayu Shakti’ at Pokhran, will highlight Operation Sindoor success"
1118,"Except Trump, nobody else has declared that India will stop buying Russian oil: Lavrov"
1119,Bharat Bandh on February 12: What services could get hit amid support from workers nationwide
1120,‘Let us consider the last two years a nightmare’: New Manipur CM visits relief camp in Jiribam district
1121,"‘Bijli, sadak, paani’: Key takeaways from Rajasthan’s Rs 6 lakh crore budget"
1122,"A family feud, a court plea and a daylight shooting: The chilling murder of Dehradun businessman"
1123,"28 years after nod, Kerala’s Sabari Rail project gains momentum as state govt begins land acquisition process"
1124,"Red-faced over shooting video, Assam BJP now claims post was ‘unauthorised’, sacks social media man"
1125,Anganwadi in Odisha hired a Dalit cook. Then came boycott from parents
1126,‘Remembered as Birsa Munda?’: Rajasthan MP Rajkumar Roat’s remark on Madvi Hidma forces Lok Sabha chair to intervene
1127,Goa minister Atanasio ‘Babush’ Monserrate acquitted in rape case
1128,When Omar Abdullah suggested expunging his own ‘unparliamentary’ remarks in J&K Assembly
1129,‘I want to clarify’: Hardeep Puri fires back after Rahul Gandhi’s Epstein files charge in Lok Sabha
1130,Allow Indians to ‘fire a neta’: Raghav Chadha demands ‘Right to Recall’ law
1131,"Top News Headlines of February 11, 2026 | Bangladesh Elections 2026: Vote timings, key parties, candidates, results; What to know before polling"
1132,Suvendu Adhikari convoy attack: Supreme Court asks Calcutta HC to decide if NIA invoking UAPA is justified
1133,"Railway Board revises quota rules: Emergency Quota added in Vande Bharat Sleeper, Amrit Bharat-II trains"
1134,Rahul Gandhi alleges PM Modi signed ‘one-sided’ US trade deal
1135,"‘We can’t compete’: India-US trade deal raises stakes for Kashmir’s Rs 10,000 crore apple economy"
1136,6 stanzas and 3 minutes 10 seconds: MHA issues first-ever official protocol for Vande Mataram to precede National Anthem
1137,"India ‘buckled under pressure’ on tariffs, gave up data control in US deal, says Rahul Gandhi in Lok Sabha"
1138,"Historic, aligns with our Sabka Sath, Sabka Vikas objective, says BJP"
1139,"TMC opts out of motion: ‘Believe in being tolerant, don’t want to flex muscle’"
1140,All 6 stanzas of National Song must before National Anthem when played together: MHA guidelines on Vande Mataram
1141,"100 victims every hour: Amit Shah warns of ‘national crisis’, says cybercrime has become an industry"
1142,"Parliament Budget Session 2026: Nishikant Dubey moves motion against Rahul Gandhi, seeks termination of LoP’s membership"
1143,"White House quietly revises India-US trade deal fact sheet, drops ‘certain pulses’; tones down statement on purchase of US products worth $500 billion from India ‘commits’ to ‘intends’"
1144,"Will continue OPS, other welfare schemes despite RDG withdrawal: Sukhu, seeks PM’s appointment"
1145,"In RS, Oppn slams Centre on India-US trade deal; wilfully ignorant, says NDA"
1146,‘Defective processes’: Odisha rights panel calls for high-level probe into relocation of villages near tiger reserve
1147,Tension in Manipur’s Ukhrul: How a ‘drunken brawl’ triggered three days of arson and a district-wide internet ban
1148,Will India-US trade deal hurt J&K’s dry fruit industry? What Omar said in Assembly
1149,"Chaos in Bihar Legislature: From ‘ladki’ remark row to physical evictions, why Opposition was forced out of the House"
1150,"Rajnath-led council to discuss procurement of French Rafale jets this week, key nod likely"
1151,Hope US deal won’t mean Delhi-Moscow ties suffer: Russia
1152,"Vikram Misri meets China’s vice-minister; talks focus on border peace, trade"
1153,Move to procure six more P-8I submarine hunters before DAC this week
1154,"‘Cannot be insulated from Parliamentary scrutiny’: Brittas writes to Birla, Radhakrishnan on PM CARES fund"
1155,Only joint statement on US trade deal counts: Govt to House panel
1156,"In Himanta vs Gaurav, a Rs 500 crore defamation suit, a police complaint"
1157,Assam final voter list 2026: Is your name missing after Special Revision? Here’s what you can do
1158,"Railway Board approves new Vande Bharat train, discontinues two existing services – check routes"
1159,"Women collecting firewood trampled by wild elephant in Odisha, 3 killed"
1160,Crowd surge at temple inauguration event in Madhya Pradesh leaves 70-year-old woman dead
1161,"Final note alleges corruption, Madhya Pradesh cop dies after ‘consuming poison’ at police control room"
1162,Over 2.4 lakh more names dropped as Assam releases final voter list after Special Revision
1163,"‘…dil ko behlane ke liye…khayal accha hai’: Tharoor quotes Ghalib, slams Budget as ‘carefully created illusion’"
1164,"Social media rules notified: ‘Prominent’ AI labels, three hour timeline to block content"
1165,Bilateral ties on the table as French President Macron visits on February 17
1166,"Ahead of  civic polls in Telangana, BJP candidate kills self"
1167,"NGT takes suo moto cognizance of Meghalaya coal mine blast, issues notice to state govt, Centre"
1168,"118 Opposition MPs submit notice; TMC not a signatory, wanted to give Speaker more time to address concerns"
1169,"Hoping Centre loosens purse strings, why is Andhra CM Chandrababu Naidu in Delhi?"
1170,Two crucial water projects in Jammu and Kashmir to move forward after Indus treaty suspension
1171,"Fresh violence erupts in Manipur’s Ukhrul district, internet suspended for 5 days"
1172,Assam SR Electoral Roll LIVE Updates: Assam final voters’ list released; 2.43 lakh names deleted from draft roll
1173,"Gold Today Rate, February 10: Check 18, 22 and 24 carat gold prices Chennai, Mumbai, Delhi, Kolkata and other cities"
1174,"US releases fact sheet on trade deal, mentions ‘certain pulses’ among agricultural products to see tariffs cut"
1175,Birla urged PM not to come to LS due to unprecedented disorder: Officials
1176,"From Chhattisgarh stage, Shah’s warning to Naxals in Telangana, and a plea to women cadre"
1177,"Congress leader’s request to Amartya Sen, Romila Thapar: Don’t attend Kerala conference ‘aimed at legitimising authoritarian govt’"
1178,"J&K unemployment hits 6.7%, nearly double the national average – and job seekers have paid ₹48 crore in application fees"
1179,Cocaine seller flew under the radar till fake currency he deposited at PNB branch gave him away
1180,"Kashmir defies nature: Tulips bloom in December for first time, months ahead of spring"
1181,"Budget cautious, forgetful  of the past, reform express stuck: Chidambaram in Rajya Sabha"
1182,Congress slams govt over PMO note to Lok Sabha; BJP says UPA kept PM fund out of RTI
1183,"From maritime to digital: India, Seychelles give ties a shot in arm"
1184,"India, Greece sign joint declaration of intent to strengthen defence cooperation"
1185,National interest will guide how India sources its energy: Foreign Secretary Vikram Misri
1186,‘No harassment from I-T’ in CJ Roy death: Confident Group MD rejects claim by chairman’s brother
1187,"‘Next-generation system’: To strengthen tsunami monitoring, Andaman and Nicobar to get regional service centre"
1188,"Indian Railways infra push: Rs 2,414 crore projects approved across Kerala, Tamil Nadu, Jharkhand & Punjab"
1189,From royal courts to AI: How Tripura is reinventing its musical instruments
1190,Lok Sabha adjourned as Opp digs its heels on Rahul being allowed to speak before Budget discussion
1191,"Nearly 90 birds dead in 2 days, Andhra Pradesh steps up fight against bird flu"
1192,"‘Thought of himself as Chanakya, exposed his weakness’: Gaurav Gogoi takes the fight to Himanta"
1193,Bullet train project: Railway Board directs NHSRCL to revise DPRs for new high-speed rail corridors
1194,"Kerala BJP, Pinarayi on same page over paddy bonus cut"
1195,INDIA bloc united on no-confidence motion against Speaker over his remark on Oppn MPs: Congress’s Jothimani
1196,IRCTC launches E-Pantry service on 25 trains: Here’s how railway passengers can book online meal
1197,"‘Honesty might come at a price’: ‘Mohammad’ Deepak’s gym, with 150 members once, now down to 15"
1198,"Villagers flee, houses and govt quarters burnt down as violence rocks Manipur’s Ukhrul district"
1199,Lok Sabha adjourned as Opposition insists Rahul Gandhi should be allowed to speak first
1200,"Wedding rituals for free, ear piercing for Rs 50: Tirupati priests make their services available to public"
1201,‘This has become a one-sided Parliament’: Oppn to move no confidence motion against Lok Sabha Speaker Birla
1202,Indian Railways: Luggage theft in train? Whom should passengers contact for help
1203,Parliament Budget Session 2026 Highlights: Lok Sabha Speaker Om Birla steps aside after Oppn’s no-confidence motion
1204,"Gold Today Rate, February 9: Check 18, 22 and 24 carat gold prices Chennai, Mumbai, Delhi, Kolkata and other cities"
1205,"INCOIS to launch mobile apps that track jellyfish, issue storm surge alerts today"
1206,"Bifurcation of Malappuram, more holidays for Eid: Clerics’ body in Kerala issues demands ahead of polls"
1207,Former CJI Gavai backs ‘People’s Charter’ to ‘save Goa’
1208,"Dogs’ unusual barking alerts family, 6-year-old girl found in pool of blood"
1209,"‘Maoist issue not linked to development’: In Chhattisgarh, Amit Shah reiterates March deadline to uproot Naxalism"
1210,"Free NEET coaching, Rs 10-lakh pilgrim insurance: Vaishno Devi shrine board’s new decisions"
1211,"Once attacked by mob, now escorted by CM: Kuki-Zo MLA injured in 2023 attack airlifted from Manipur to Gurgaon"
1212,"‘My daughter didn’t bow, how can I’: Ankita Bhandari’s parents join mahapanchayat seeking justice"
1213,"5 girls go out to play in Bihar village, only 1 returns — mystery continues"
1214,"Maharashtra Zilla Parishad Election Results 2026 LIVE Updates: ‘We have broken the 2017 poll record, Oppn lacked will to fight,’ CM Fadnavis on BJP’s spectacular show"
1215,"Exclusive: From file disposal to output, Union Secretaries now get a report card each"
1216,"From business to tech, India inks key pacts with Malaysia"
1217,"Only ERO, not micro observers, can accept or reject eligibility of electors: Election Commission"
1218,Former consumer  affairs secretary is USISPF Global Value Chains Committee Chair
1219,Security info channel opens with Canada post Ajit Doval visit
1220,"IRCTC Divine East Temple Tour: Railways to operate Bharat Gaurav Deluxe Tourist train – check journey date, route, ticket price"
1221,"Assam BJP posts, then deletes, AI video showing Himanta taking aim at men in skullcaps"
1222,"Himanta escalates ‘Pakistan links’ claim against Gaurav Gogoi and wife, Congress leader calls it worse than C-grade cinema"
1223,MGR song at lunch table: PM Modi lauds ‘shared affection’ for Tamil during Malaysia visit
1224,Why Karnataka is demanding a third bullet train corridor
1225,Karnataka set to get another Vande Bharat train; check route
1226,‘Will step down whenever Sangh asks me to’: Mohan Bhagwat on leading RSS
1227,‘Gogoi’s wife Elizabeth worked for Pak agent Ali Tauqeer Sheikh’: Assam CM Himanta Biswa Sarma
1228,"On terrorism, no double standards, no compromise: PM Modi in Malaysia"
1229,"On way to deliver 1st wedding invite to temple, 3 of family killed after Audi crashes into them"
1230,"UP court acquits 22 in Muzaffarnagar riots murder, arson case"
1231,‘Reduced to near skeleton’: Maoist party is now one-tenth of what it used to be in 2024
1232,"27 deaths later, Meghalaya orders massive crackdown on rat-hole mines"
1233,Hyderabad scientists identify metabolic trigger behind deadly fungal infections
1234,Turkish singer’s performance cancelled after NSUI protest at Udaipur music fest
1235,Tamil Nadu slows land push for Hosur airport but keeps project alive
1236,When even National Conference cheered as BJP’s Devyani Rana tore into J&K Budget
1237,"No consent, no selfie: Goa police will detain anyone clicking photos of tourists without permission"
1238,Two arrested for gang rape of spa worker in Kerala town
1239,"March 2026 deadline around the corner, 51 Maoists surrender in Sukma, Bijapur"
1240,‘Kerala always felt like home’: Britain-born Pepita Seth is now an Indian citizen
1241,Trust has become India’s strongest currency: PM Modi in Malaysia
1242,4 Indian students injured in knife attack in Russia
1243,Elephant attacks claim two more lives in Bokaro; toll reaches eight since January
1244,"LS Speaker, RS deputy chairman flag concerns on disruption in legislatures – ‘Adversely affect image of democratic institutions’"
1245,"Months after Pahalgam attack, Amit Shah advocates ‘aggressive marketing’ of J&K tourist places"
1246,A second-time mom at Kuno: Aasha gives birth to 5 cubs
1247,"Meet India’s first Dalit Cardinal Poola Anthony, picked to lead Catholic church in country"
1248,"‘How is this a matter of celebration?’: Chidambaram slams India-US ‘trade deal’, says it’s only a framework"
1249,"India trusted partner for growth, says PM Modi on Day 1 of Malaysia visit"
1250,"IRCTC releases revised food menu for Vande Bharat Sleeper train; check full veg, non-veg meal options"
1251,"A burglary, a manhunt and an acquittal: how a high-profile theft case against a lone accused collapsed in Odisha court"
1252,MP’s Kuno national park celebrates five cubs born to Namibian cheetah ‘Aasha’: Watch
1253,"Indian Railways makes ID verification mandatory on reserved trains in Bangladesh, Nepal border areas"
1254,"Ambush expert who decided against surrender: Who is L Prabhakar Rao, Maoist leader killed in Gadchiroli?"
1255,"Top News Headlines of February 7, 2026 | Work at Mithi river takes a hit: No desilting in 8 stretches for 6 months"
1256,Bihar revenue officers call off strike after govt restores deputy collector land reforms post
1257,"PM Modi embarks on 2-day visit to Malaysia, aims to deepen defence, economic ties"
1258,‘Namaste Trump scores over Howdy Modi’: Congress’s jab at PM over India-US trade framework
1259,Kerala issues order to block National Population Register in state after Union Budget allocation
1260,"India-US trade deal: 25 per cent penalty is off, monitoring of Russian oil imports in"
1261,Late-night standoff and 31-year-old case: Tense moments precede Purnea MP Pappu Yadav’s arrest in Patna
1262,"What is Bihar’s Gender Budget, and why did Nitish government spend Rs 2.5 lakh crore in 5 years?"
1263,"‘I’m going to the airport, Jai Mata Di’: Jharkhand man goes missing in Saudi Arabia after texting family"
1264,"70 Brahmins booked in Darbhanga, Bihar minister warns against ‘misuse’ of SC/ST Act: ‘Will affect social camaraderie’"
1265,"Tirupati laddu row: ‘Bathroom cleaning chemicals’ used in ghee, Chandrababu Naidu now claims"
1266,Om Birla: Over 19 hours wasted due to disruptions in Budget Session
1267,"‘We must find technological solutions’: Hailing BSF jawans at forward post, Amit Shah cautions about emerging challenges"
1268,Tamil Nadu sounds state-wide alert after mass crow deaths: What you need to know about the bird flu scare
1269,"‘Stark disappointment’, ‘anti-people’: J&K Opposition slams Omar’s Budget"
1270,‘National security not merely safeguarding borders…’: Rajnath Singh on importance of protecting ‘cultural foundations’
1271,"Future-ready push: Odisha to skill 7,000 youths in AI-driven finance"
1272,"6 free LPG cylinders, sponsorship for orphans: What Omar Abdullah govt’s Budget has in store for J-K"
1273,Madras High Court dismisses actor Vijay’s plea against Rs 1.5 crore income tax penalty
1274,Railways to discontinue UTS app from March 1; passengers to switch to RailOne for ticket booking
1275,Train connectivity in Kashmir: Railways prepare DPR for 158 km new lines – check route
1276,Parliamentary panel recommends review of ‘Superfast train’ benchmark
1277,"Uttar Pradesh SIR gets fourth extension, final roll to be published in April"
1278,"Inside Meghalaya’s rat-hole mines: 25 dead, a race against time, and a disaster long foretold"
1279,"3 year after it was notified to offset Panna deforestation, NBWL panel approves irrigation project on 272 ha in Durgavati tiger reserve"
1280,‘Fail to understand why speed of long distance trains hasn’t increased over the years’: Parliament panel to Railways
1281,"Gadchiroli anti-Naxal operation: Seven Maoists killed, injured jawan dies"
1282,"14-year criminal history, 10 murder cases: Bihar father-son duo held in Bengaluru ran contract killing, extortion gang"
1283,"‘Conduct unbecoming of civil servant’: Chhattisgarh DSP, accused by businessman of causing him Rs 2 crore losses, suspended"
1284,‘We’ll go with party decision’: VS Achuthanandan’s family puts ball in CPM court on accepting Padma Vibhushan
1285,J-K has tapped less than a quarter of its hydropower potential: Economic Survey
1286,"No Kuki-Zo MLAs physically in House, Manipur govt passes floor test; Churachandpur sees violent protests"
1287,"RBI Monetary Policy Meet 2026 LIVE: Fraud-hit customers will be compensated up to Rs 25,000, or 85% of amount"
1288,"Cameras, biometrics, 24/7 wardens: Bihar overhauls hostel safety after NEET aspirant’s death"
1289,"Indian Railways charging full fare from RAC passengers ‘not justified’, says Parliament panel; calls for partial refund"
1290,HAL to bid for licence manufacturing of 5th-gen fighter jet
1291,Agreement signed for Frontier Nagaland Territorial Authority
1292,"Rajasthan: As school where 7 died starts new chapter, many others ‘unsafe’, teachers pitch in"
1293,India has ‘significant potential’ to import more agri products: US
1294,Diversifying energy sourcing: MEA Jaishankar on Trump’s ‘India not to buy Russian oil’ claim
1295,‘Violation of House rules’: Congress to Om Birla on no reply by PM Modi
1296,"CPWD bought 405 air purifiers for Parliament, govt offices, SC in 4 years: Minister in Lok Sabha"
1297,‘Jo uchit samjha woh kiya… scared of truth’: Rahul takes jibe at Modi
1298,Post-facto green nod to 50 projects since 2021: Minister Vardhan Singh
1299,"72% of Air India Group fleet flagged for recurring defects, shows govt data"
1300,"72% of Air India Group fleet flagged for recurring defects, shows govt data"
1301,"Ola, Uber, Rapido drivers to go on strike on Feb 7: All you need to know about ‘All India Breakdown’"
1302,"Odisha youth, on a merchant ship as part of an internship, goes missing while at sea"
1303,"Can’t see me serving, so say Modi teri kabr khudegi: PM slams Congress"
1304,"US deportation list: Over 3,800 Indians deported from US in 2025. How many from China, Saudi Arabia? Check full list"
1305,"Don’t let your party to be held hostage by a ‘naive child’, Nadda tells Kharge amid Opposition uproar"
1306,"Got to know Cong MPs would reach PM seat, create incident, so asked him not to come to House: Speaker Om Birla"
1307,J&K outpaces northern states with 8.81% per capita income growth since 2019: Economic Survey
1308,"Holi Special Trains 2026: Indian Railways to operate over 1,410 trains to clear festive rush – check routes, stoppages"
1309,3 elderly family members killed in elephant attack in Jharkhand’s Bokaro
1310,"Holi 2026: 204 special train trips to operate in North Central Railway zone, ticket bookings to begin soon"
1311,"Standoff over Keezhadi findings: Archaeologist says ASI review not scholarly, ‘seems to be AI-assisted’"
1312,‘Reflects Congress’s hatred for Sikhs’: PM Modi targets Rahul Gandhi over ‘traitor’ jibe at MP Ravneet Bittu
1313,‘… Upto Rs 25 lakh a night’: Luxury hotel room prices skyrocket as upcoming AI summit in Delhi pushes demand
1314,How Indian artist Rouble Nagi won the $1 million ‘Nobel of teaching’
1315,"18 killed, several feared trapped after explosion in Meghalaya rat-hole mine"
1316,It looked like a deadly hit-and-run. Then Rajasthan police decided to question the widow
1317,Influential Kuki-Zo body announces social boycott of community MLAs joining Manipur government
1318,"Railways eyes multi-modal integration of bullet train stations with Mumbai local trains, metro"
1319,"Operation Trashi-I: After days of pursuit, security forces kill Jaish man in Kishtwar"
1320,Lok Sabha passes motion of thanks on President’s address without PM’s reply; Speaker slams Opposition
1321,South India LIVE Updates: Telangana CM Revanth Reddy challenges BJP to form govt in state following minority quota remarks
1322,"Tirupati laddu ghee adulteration case: SIT indicates tender norms were diluted, reports suppressed"
1323,Emergency quota in train: Who is eligible and how Indian Railways approves it
1324,"A step-by-step guide to Chandigarh MC One Pass as it crosses 2,000-subscriber mark"
1325,‘Of utmost priority’: MHA reminds paramilitary forces to submit cadre review proposals for Group-A officers
1326,"Day after Manipur gets new govt, state Assembly set to convene for first time in over a year"
1327,Parliament Budget Session 2026 Live Updates | Both Houses adjourned; Opposition MPs stage protest outside Parliament
1328,"Gold Today Rate, February 5: Check 18, 22 and 24 carat gold prices Chennai, Mumbai, Delhi, Kolkata and other cities"
1329,"Gold, Silver Rate Today, 6 February 2026 Live Updates: Gold, silver slide on MCX; Check details"
1330,From Kashmir to Lambasingi: Andhra Pradesh set for large-scale saffron cultivation
1331,Himanta now invokes Mahatma Gandhi: Need ‘non-cooperation’ against ‘Miyas’
1332,"Coveted position now out of reach, Bihar Revenue Service officers in faceoff with govt amid digitisation drive"
1333,"Crores spent over decades, 910-metre bridge, a final surrender: How Odisha district, once a Maoist hotbed, became ‘Naxal-free’"
1334,When anganwadi worker’s son becomes IAS officer: How Thrissur Collector revamped the system that raised him
1335,Not just Naravane: 19-yr-old case shadows ex-officer’s book on R&AW ‘secrets’
1336,What is Bharat Taxi? The govt-backed cab app challenging Uber and Rapido
1337,Energy and critical minerals in focus as Jaishankar holds talks in Washington
1338,"PM Modi to visit Malaysia this weekend, give ties a boost"
1339,Opposition to take collective call on impeachment motion on CEC Gyanesh Kumar: Congress
1340,1 crore Tamil Nadu voters could become living dead: Kamal Haasan on SIR
1341,Kharge terms India-US trade deal anti-farmer: ‘Will spark another 2021-like stir’
1342,"Kerala to invest Rs 1,905 crore in Sabari rail project – check route, station list"
1343,"Six minors accused of gangraping classmate in Odisha, detained"
1344,"Congress protest stalls Lok Sabha proceedings, PM Modi reply deferred"
1345,Yumnam Khemchand Singh takes oath as Manipur CM; Deputy CMs from Kuki-Zo and Naga communities
1346,‘We do not step out after dark’: First tiger spotting near Hyderabad in 50 years puts a district on edge
1347,‘They told me my son and I are next’: Women whose homes were targeted during Chhattisgarh communal violence recount horror
1348,"‘Completely unacceptable’: BJP defends Ravneet Singh Bittu, slams Rahul Gandhi for traitor jibe ‘on Sikh community’"
1349,"LS adjourned after Nishikant Dubey’s remarks targeting Nehru, Indira Gandhi; chair Intervenes"
1350,"Nearly a year after it was imposed, President’s Rule revoked in Manipur, paving way for new BJP-led government"
1351,Indian Railways plans to manufacture 260 Vande Bharat Sleeper trainsets
1352,"FIRs lodged against 41 Skill India centres, 11 entities named in CAG report issued notices: Skill Development Minister Jayant Chaudhary in Parliament"
1353,3 terrorists killed in 2 encounters in Jammu & Kashmir
1354,"‘Mutually beneficial’: Amid Lok Sabha protests, Piyush Goyal says details of India-US trade deal to be released soon"
1355,Vande Bharat Sleeper train food menu revised; passengers can choose non-veg option during ticket booking
1356,"In Khemchand’s entourage, clues to what next Manipur government will look like"
1357,"Mamata Banerjee reaches Supreme Court, likely to argue plea against SIR in West Bengal"
1358,ED arrests Rajasthan ex-MLA Baljeet Yadav from toll plaza in ‘embezzlement’ case
1359,"A dog’s carcass, a 12-foot pit, and a daily phone call that stopped: The murder of a Jharkhand daughter"
1360,Rahul Gandhi dares PM Modi with copy of Gen Naravane’s memoir: ‘I don’t think he has guts to come to Lok Sabha today’
1361,‘Spin doctors at work’: Congress slams PM for ‘pushing through’ India-US trade deal with ‘no details’
1362,Meet the scholars who will shape minority education in Uttarakhand after Madrasa Board abolition
1363,"Rahul Gandhi calls MoS Ravneet Bittu ‘traitor’; BJP hits out, Congress defends him"
1364,"India, UK sign MoU for real-time exchange of criminal records, intelligence"
1365,Express Exclusive: Fugitive gangster Sachin Golu flees India after mistaken-identity killing in Delhi: ‘Spotted in Dubai’
1366,"Gold Today Rate, February 4: Check 18, 22 and 24 carat gold prices Chennai, Mumbai, Delhi, Kolkata and other cities"
1367,‘Work together to unlock new economic opportunities’: Jaishankar meets US Secretary of State Rubio and Treasury Secy Bessent ahead of critical minerals meet
1368,‘Vague and unscientific’: Why Goa is arguing against Supreme Court panel’s plan to notifying tiger reserve
1369,Who wins and who loses in Bihar’s new Rs 3.48 lakh crore budget?
1370,‘Rs 15 to Rs 66 per day in 3 decades’: Chhattisgarh mid-day meal cooks say they want justice
1371,7 lakh apple trees at stake: Why Centre just halted key Kashmir railway projects after local pushback
1372,Uttarakhand police step up security in ‘Mohammad Deepak’s’ town as row pits BJP against Congress
1373,Arunachal sits on compensatory plantation for Subansiri hydel project
1374,"Prachi Mishra, Professor of Economics at Ashoka University, is guest at Explained.Live today"
1375,Want CEC to be impeached: Mamata says will discuss it with Opp parties
1376,‘Compromised’: Rahul targets PM; Chair suspends 8 Opposition MPs for rest of session
1377,"Russia oil, $500-billion target: Energy, security to shape Delhi’s response"
1378,"From 126 in 2018, number of LWE-hit districts now 8 : Govt"
1379,Opp slams Govt: Why announce US trade deal on X… is Parliament inferior?
1380,‘Silencing of Opp is unacceptable to us’: LS Manickam Tagore 5 QUESTIONS
1381,"No debate on trade deal, Opp walks out; they are frustrated, says Nadda"
1382,"ED filed 5,158 cases in last 6 yrs, conviction rate 94%: Govt to RS"
1383,Chef Gaggan Anand is coming to India: All we know about his first restaurant in Janpath in partnership with Zorawar Kalra
1384,Decision taken on strategic level to balance buying oil from different countries: Ex-foreign secy Shringla
1385,Between marriage and trafficking: How Palamu police are piecing together a minor’s story
1386,Mirwaiz slams ‘forced’ shutdown of Jamia Masjid on Shab-e-Barat: ‘Naya Kashmir needs explanation’
1387,"Trump claims India agreed to stop buying Russian oil, but the Kremlin says it hasn’t heard a word about it"
1388,"Rahul Gandhi alleges ‘deliberate attempt’ to silence him on national security, writes to Speaker Om Birla"
1389,"Y Khemchand Singh elected leader of Manipur BJP legislature party, set to take over as next CM"
1390,‘History will read what was said inside’: Sajad Lone slams ‘theatrics’ as J&K Speaker rejects key amendments
1391,"Amid Kishtwar ops and Pak drone intrusions, Home Minister Amit Shah to visit J&K"
1392,Govt negotiates for FTAs only after safeguarding interests of Indian agriculture: Shivraj Singh Chouhan
1393,8 Opposition members suspended from Lok Sabha for ‘shouting slogans and tearing up papers’
1394,"‘Merely 2-4-5 deaths’: Rajasthan Health Minister downplays cough syrup fatalities, blames ‘careless parents’"
1395,Parliament Budget Session: Lok Sabha sees disruption as Rahul Gandhi raises India-China issue
1396,"3 killed, many injured after Himachal Pradesh bus plunged into a gorge on Uttarakhand border"
1397,"India Inc hails US trade deal, says policy clarity creates stable environment for sustained growth"
1398,"‘Congress’s irresponsible behaviour’: Nadda says Govt will make suo motu statement on India-US deal, Oppn stages walkout"
1399,Two British tourists served ‘leave India’ notice for pro-Palestine posters in Pushkar
1400,"‘Cash into rural America’: US Agriculture Secretary Brooke Rollins cheers new trade deal, market access in India"
1401,"Harassment of Kashmiri Muslims sparks furore in J&K Assembly, BJP pushes separate NLU for Jammu"
1402,"‘World is tilting towards India’: Modi to NDA MPs on India-US tariff deal, FTA with EU"
1403,‘PM Modi has completely surrendered’: Opposition to corner Govt in Parliament over India-US trade deal
1404,"Parliament Budget Session 2026 Highlights: ‘He got scared’, says Priyanka Gandhi as LS gets adjourned till tomorrow minutes before PM Modi speech"
1405,"Gold Today Rate, February 3: Check 18, 22 and 24 carat gold prices Chennai, Mumbai, Delhi, Kolkata and other cities"
1406,Shopkeeper at centre of ‘Mohammad Deepak’ row speaks: ‘Why will we change shop’s name? Everyone is with us’
1407,"Gold, Silver Rate Today, 4 February 2026 Live Updates: 24 K gold price rises over Rs 16,000 per gram"
1408,"Keeping Tito going: A story of faith, help and a battle against Nipah virus"
1409,Bank Holidays in February 2026: Banks to remain closed for 9 days across India — Full city-wise list
1410,Sweets and arsenic: Behind the ‘horse medicine’ plot that left 3 dead in Madhya Pradesh
1411,"Another BITS Pilani Goa student found dead in hostel, panel indicates ‘suicide contagion’"
1412,Bihar outpaces India’s GDP growth: State economy hits record Rs 9.9 lakh crore as manufacturing surges
1413,"FIR against him and protests looming, ‘Mohammad Deepak’ is resolute: ‘Someone has to speak up’"
1414,"Communal flare-up in a Chhattisgarh village: 6 homes torched, cops injured during rescue operation"
1415,Individual taxpayers biggest beneficiary of tax deductions claimed on political donations
1416,INS condemns J&K police’s oral summons to journalists
1417,"In push to form govt in Manipur, NDA MLAs to meet today"
1418,"Taken note of Indore water contamination, 12,634 leakages repaired, minister tells Rajya Sabha"
1419,"UPA era marked by policy paralysis, scams, middlemen: Sonowal targets Congress"
1420,Javed Ali Khan: ‘Need to revive National Integration Council to keep social fabric intact’
1421,"Opposition, Govt face off in Rajya Sabha over communal rift, SIR"
1422,"Artificial limbs on table, Sadanandan Master targets CPM in RS over 1994 attack"
1423,Census 2026 goes digital : 32 lakh enumerators get 5-Tier app training from April 1
1424,"‘Arrogant, liar’: Mamata slams CEC after meet, asks why Bengal targeted"
1425,"India, US have a deal, 50% tariffs cut to 18%"
1426,"Trump tariffs cut to 18%, PM Modi thanks US President on behalf of ‘1.4 billion people’"
1427,"NIA’s Kashmir crackdown: Govt employee, former militant’s homes raided in fresh terror link probe"
1428,Forest dept takes drastic action after 10 tigers killed already this year in Madhya Pradesh
1429,"Railway Budget 2026 allocation: Uttar Pradesh gets Rs 20,012 crore, two bullet train projects announced"
1430,"Railway Budget 2026 allocation: Rs 10,134 cr push for Andhra Pradesh; DPR for Hyderabad-Chennai bullet train project to start soon"
1431,"Two-child policy in way of becoming sarpanch, Maharashtra man ‘killed’ one of twin daughters"
1432,"‘They questioned MGR’s experience’: Vijay invokes former star-turned-CM, predicts 3-sided contest in Tamil Nadu"
1433,200 units of free power for 2.23 lakh J&K families: J&K LG Sinha greenlights NC’s big poll promise
1434,Centre plans 40 km underground rail lines to connect Northeast with rest of India: Ashwini Vaishnaw
1435,Govt approved 17 metro rail projects in last 5 years – check details here
1436,"‘Why are they scared?’: Rahul Gandhi’s attempt to read from magazine article on Doklam, Galwan in Lok Sabha sparks uproar"
1437,Railway Budget 2026: Check state-wise allocation – which state tops the list?
1438,"14 Jharkhand workers stranded in Dubai: No wages, seized passports, and a 5,000-dirham threat"
1439,"‘Urgent need to revamp drainage system’: 16th Finance Commission recommends Rs 56,100 crore for wastewater management"
1440,"Barred from citing a magazine article in Lok Sabha, Rahul Gandhi asks: ‘What in it is scaring them so much?’"
1441,"Railway budget 2026 new train: More Vande Bharat, Amrit Bharat, Namo Bharat trains to join fleet, says Ashwini Vaishnaw"
1442,One crore jobs and employment opportunities to be created by 2030: Bihar Guv tells state legislature
1443,"Include heatwaves, lightning as notified disasters: 16th Finance Commission"
1444,‘Surprising’ that Confident Group’s CJ Roy could ‘lay hands on gun’ during income tax search: Kerala CM demands judicial probe
1445,"At 90, Dalai Lama wins first-ever Grammy Award; says it is a ‘recognition of shared universal responsibility’"
1446,"Gold Today Rate, February 2: Check 18, 22 and 24 carat gold prices Chennai, Mumbai, Delhi, Kolkata and other cities"
1447,"Dense fog in Delhi, Haryana and Punjab disrupts flight operations; western disturbance likely to persist, says IMD"
1448,"Railway Budget 2026 Highlights: Safety, rolling stock, new lines, electrification in focus – check capex allocation"
1449,"Silver Today Rate, February 2: Silver price today in India, Delhi, Hyderabad, Bangalore, Chennai, Mumbai and other silver rate list"
1450,"Govt announces measures to make India hub of medical tourism, biopharma & ayurveda drugs"
1451,"Budget 2026: At Rs 2,288 cr, Bhutan gets largest development aid share among neighbours"
1452,Inside the Kushavati Plan: Why Goa’s hinterlands are finally getting their own district
1453,"KCR grilled for over four hours in phone-tapping case, BRS turns questioning into spectacle"
1454,Finance Minister Nirmala Sitharaman presents Budget: ‘Customs duty cuts will boost local manufacturing’
1455,"Beyond roads and rails: How Rs 12,000-crore National Waterway-5 could turn Odisha into India’s maritime powerhouse"
1456,"Barred from using pond, collecting wood: 4 families ‘boycotted in Jharkhand village for converting to Christianity’, police step in"
1457,100 more dogs found buried as stray killing spree continues in Telangana
1458,Why J&K traders are upset with Budget 2026: ‘Allocation doesn’t match losses after Pahalgam attack’
1459,"Manipur’s NDA MLAs head to Delhi ahead of one year of President’s Rule, hinting at talks on elected government"
1460,4.6-magnitude earthquake jolts Baramulla in Jammu and Kashmir
1461,"New baggage rules: Govt raises limit for duty-free imported goods to Rs 75,000"
1462,"Union Budget 2026: Fish caught by Indian fishing vessels in EEZ, high seas to be treated duty-free"
1463,"Slight increase in JJM allocation, Namami Gange sees budget cut"
1464,"With Budget allocation for global engagement seeing 6x jump, cultural agenda spelt out"
1465,"16th Finance Commission: Higher tax share for south states, Hindi heartland states see dip"
1466,"Opposition on Budget 2026: Blind to real crises, fails test of economic strategy"
1467,"Education: 5 university townships, girls hostel in each district among big announcements"
1468,"Budget allocation: With increase of 5.69%, MHA outlay sees big jump as focus shifts to Census, IB"
1469,"Mental health matters: NIMHANS-2 to be set up in North India; Centre-run institutes in Tezpur, Ranchi to be strengthened"
1470,"Govt’s big bet on CCUS to cut emissions: Rs 20,000 crore over five years"
1471,Dankuni-Surat Dedicated Freight Corridor: Here’s how the new DFC could ease cargo movement from Maharashtra & Gujarat ports
1472,‘Declare it national health emergency’: Rahul Gandhi demands Parliament discussion on air pollution
1473,"Union Budget 2026: Centre to set up 2 large telescopes, upgrade an existing one in Ladakh"
1474,"Budget 2026-27: India cuts outlay for Iran’s Chabahar port to zero, halves Bangladesh aid amid strained ties"
1475,Air India launches Shanghai-Delhi flight after gap of about six years
1476,‘Is Kerala not on India’s map?’: Pinarayi Vijayan slams Budget 2026 as key state demands vanish
1477,Bullet train: 7 new high-speed rail corridors to attract Rs 16 lakh cr investment; here’s how it could transform train travel
1478,"FIR in Uttarakhand after mob protests against ‘Mohammad Deepak’, gym owner who stood up for elderly shopkeeper"
1479,No way for the dead: Bihar Mahadalit woman cremated on road after encroachments block path to crematorium
1480,"Seven City Economic Regions to be set up in 5 years; Surat, Varanasi, Vizag among cities to benefit"
1481,Beyond territorial waters: How Union Budget 2026-27 reshapes India’s billion-dollar seafood industry
1482,"Howrah to Kamakhya: Non-veg food to be served on Vande Bharat Sleeper train, says Ashwini Vaishnaw"
1483,"First budget after Op Sindoor: India hikes defence budget by 15% to Rs 7.85 lakh crore, capital outlay by 22%"
1484,LDF govt questions proposed rare earth corridor – ‘have to see if it’s meant to exploit Kerala’
1485,"‘Highway to endless opportunities’: Union Budget strengthens foundation for India’s bright future, says PM Modi"
1486,"No mention of VB-G RAM G in Budget speech, Finance Minister allocates Rs 95,692.31 crore"
1487,‘Strong reflection of India’s Nari Shakti’: PM Modi lauds Nirmala Sitharaman’s Union Budget 2026
1488,"Budget 2026: Sitharaman bets on railway, rare earths and ports in poll-bound Assam, Bengal, TN, Kerala"
1489,"Union Budget 2026: Defence allocation jumps to Rs 7.84 lakh crore, focus on capital spend and aerospace"
1490,"Income Tax Slabs Budget 2026: Foreign travel cheaper, F&O trading expensive"
1491,"Union Budget 2026: At ₹4.35 lakh crore, grant for rural local bodies almost double in 16th Finance Commission report"
1492,"Railway Budget 2026: Indian Railways gets Rs 2.93 lakh cr capex allocation, total outlay at Rs 2.78 lakh cr"
1493,Budget 2026 Speech: Finance Minister Nirmala Sitharaman full Budget speech
1494,Bharat Vistar to SHE Marts: FM Nirmala Sitharaman announces new initiatives for agriculture and rural sector
1495,"Budget 2026: Surat, Varanasi, Vizag among 7 City Economic Regions to be set up with Rs 5,000 crore allocation over 5 years"
1496,Budget 2026: Rs 12.2 lakh crore capex boost for infrastructure in FY27
1497,Budget 2026-27: Top highlights from Finance Minister’s budget speech
1498,Bullet train: FM Sitharaman proposes 7 high-speed rail corridors in Budget 2026 – check routes
1499,"India Budget 2026: Sitharaman proposes multiple direct tax measures for TDS, TCS, income tax exemptions and revised dates for filing returns"
1500,"Budget 2026 Reactions: Budget fails test of economic strategy, say Rahul Gandhi and Chidambaram"
1501,LPG price hike: Cooking gas cylinder becomes expensive; check city-wise rates
1502,Income Tax Slab Budget 2026: What’s in Budget for small taxpayers
1503,"2 Jharkhand sisters missing on way to school traced 1,500 km away in Andhra"
1504,"Gold, Silver Today Rate, 2 February 2026 Live Updates: Gold rate falls 3%, silver prices crash 6% after Budget presentation"
1505,Himanta hits out at Harsh Mander after police complaint in Delhi
1506,New Bill submitted in J-K Assembly to deal with ‘psychological trauma’ caused by decades of violence
1507,"Race against nature: BRO clears 5 feet of snow in 72 hours to reopen vital Kishtwar-Sansari lifeline at 8,700 feet"
1508,Parliament Session Live Updates: Chaos engulfs Lower House as Treasury benches oppose Rahul Gandhi mention of Ladakh standoff; Both Houses adjourned
1509,‘Mera naam Mohammad Deepak’: Uttarakhand man stood up to harassment of a shopkeeper. He now faces protests
1510,"Intrusion Detection System: Where elephants & trains cross path, an AI-enabled system prevents accidents"
1511,"India backs people of Palestine, Gaza peace plan, PM Modi tells Arab leaders"
1512,"Expect above normal temperature, warmer nights in February: IMD"
1513,MEA dismisses Epstein email with PM reference as ‘trashy rumination’
1514,Rural Ministry spending hits new low in FY26: Data
1515,"India, Arab League seek lasting peace in Middle East, avoid criticising Israel"
1516,"Bengal Police denies ED claim of intimidation, threatening during I-PAC office searches"
1517,Most states and UTs suggested Centre to hike midday meal workers’ wages
1518,"Truck driven down wrong side runs over multiple bikes in Odisha, 5 killed"
1519,"Thousands participate in ‘Save Manipur’ rally, demand resettlement of displaced people, preservation of territorial integrity"
1520,"‘Want India to be a bridge between Israel, Palestine to end occupation’"
1521,CBI books its own officer for ‘running protection and extortion racket’ in Odisha
1522,"Budget 2026 Live Streaming: When, where and how to watch FM Nirmala Sitharaman budget speech live stream"
1523,Will the Economic Survey’s key agri-rural ideas make it into budget announcements?
1524,"New rules from 1st February 2026: From FASTag to tobacco, full list of updates you should know"
1525,Budget expectation Highlights: FM Sitharaman to present budget today | Industry’s key expectations
1526,"For IPS officers, Central stint must for IG-level posting: Govt"
1527,"Bihar NEET aspirant’s death: With family standing by ‘cover-up’ claims, Nitish Kumar recommends CBI probe"
1528,"‘Why can’t they understand? Rs 66 is very little’: Chhattisgarh school cooks block road demanding fair pay, booked for ‘rioting’"
1529,"Amid Sharad Pawar remark on NCP merger, BJP braces for balancing act with Sunetra’s entry"
1530,Forces make contact with terrorists on the run since encounter that killed Havildar in Kishtwar
1531,CEA seeks to ease green norms for hydro pumped-storage projects
1532,‘Maintain decorum’: Seniors see ‘red’ as Odisha cop’s hairstyle goes viral
1533,"Year after Madhya Pradesh businessman’s suicide, ED claims he availed Rs 6-crore ‘fraudulent loans’"
1534,Indore’s famous ‘dancing cop’ stripped of his rank after woman alleges misconduct
1535,"Vaishno Devi students begin new chapter in 7 different medical colleges, joined by a WhatsApp group"
1536,"Bihar seeks special package for industries, flood-control support"
1537,"ED arrests former RCOM director in Rs 40,000-crore bank fraud case"
1538,ED files charges in Rs 6 crore fraud linked to MP businessman’s tragic suicide: The shocking details of the ‘layered’ scam
1539,"Venezuela acting President dials Modi, both agree to expand ties"
1540,From viral fame to demotion: Why Indore’s famous ‘dancing cop’ has just been stripped of his rank
1541,"Corporate employee to real estate mogul – who is CJ Roy, who shot himself dead when IT officials were at his office?"
1542,"If BJP wins for 3rd time, infiltrators will be removed ‘one by one’: Amit Shah in Assam"
1543,Automatic train protection system: Kavach 4.0 commissioned over 472 Km – Here’s how the rail safety system works
1544,Mobile internet cut off as forces intensify search for terrorists who killed Army man in Kishtwar encounter
1545,"I-T officials at his office, top Kerala realtor Confident Group chairman CJ Roy shoots himself dead"
1546,"Snowfall and rain to continue in northern India till early February, says IMD"
1547,56% of Rajasthan government school rooms found unsafe or in ruins: What the state’s massive audit reveals
1548,Budget 2026 Date and Time: When will FM Nirmala Sitharaman present the budget today?
1549,From Bengaluru to Andes: How a Tripura engineer braved 100 kmph winds to conquer Mt Aconcagua
1550,Late-night shootout in Jamshedpur: 3 suspects in industrialist’s son’s kidnapping injured during escape attempt
1551,US museum to return 3 bronze sculptures ‘removed illegally’ from Tamil Nadu temples
1552,"On Gandhi’s 78th death anniversary, Congress shares Nehru, Patel letters to Syama Prasad Mookerjee questioning RSS, Hindu Mahasabha activities"
1553,Budget expectation Highlights: FM Sitharaman to present her 9th budget on Feb 1. Here’s what India Inc wants
1554,Leaders across party lines pay tributes to Mahatma Gandhi on 78th death anniversary
1555,"WHO says Nipah virus spread risk from India is low, rules out travel curbs"
1556,Mild tremors reported in Tamil Nadu’s Virudhunagar district
1557,US museum to return 3 bronze sculptures ‘removed illegally’ from temples in TN
1558,Congress strategically stays mum as issue over new UGC regulations push BJP into a corner: ‘Win-win situation’
1559,"Gold Today Rate, January 30: Check 18, 22 and 24 carat gold prices Chennai, Mumbai, Delhi, Kolkata and other cities"
1560,"Amid Iran protests and US military posturing, India’s Deputy NSA visits Tehran"
1561,"Economic Survey: Almost all of India’s climate finance needs being met domestically, but not enough"
1562,Second instalment of ‘game changer’ Bihar’s Mahila Rojgar Yojana to be disbursed from February
1563,"Mystery surrounds death of Sadhvi in Rajasthan as injection claim, Instagram post on ‘agni pariksha’ muddy waters"
1564,"Grain ATMs will soon dispense rice, wheat in Patna"
1565,Andhra calls tech giants for talks as it mulls social media ban for children
1566,Budget session: Economic survey 2025-26 | PISA-like Class 10 assessment proposed
1567,"MGNREGA achieved significant gains, VB-G RAM G represents decisive shift in rural job policy"
1568,"Passenger safety, duopoly in civil aviation flagged in RS"
1569,Live entertainment sector surpassed Rs 100 billion in 2024: Economic Survey
1570,A comprehensive picture  of India’s Reform Express: PM on Economic Survey
1571,‘Act was never intended as a tool for idle curiosity’: Economic Survey calls for re-examination of RTI Act
1572,"Eye on reconstruction of Gaza, India-Arab Foreign Ministers’ Meeting to be held tomorrow"
1573,Jaishankar meets Ambassador Gor ahead of US visit
1574,"Shawl sellers from Kashmir asked where they’re from, assaulted in Dehradun; 18-year-old suffers head injury"
1575,‘Focus less on tariffs’: World Bank’s Ajay Banga lists 5 sectors that can drive job creation in India
1576,Economic Survey 2026: Railways emerge as backbone of India’s freight & energy logistics
1577,Man-leopard conflict prompts Rajasthan government to launch helpline
1578,Family ‘did not contract HIV from blood bank’: Jharkhand Health Dept clears Chaibasa hospital in Caesarean case
1579,"US Congressional delegation’s India visit: Defence cooperation, regional stability highlight discussions with EAM Jaishankar, officials"
1580,Railways approves Baikunth-Urkura 4th line; train connectivity to improve on Howrah-Mumbai corridor
1581,Kerala Budget 2026: From rare earth corridor to RRTS – Here’s a look at key infra projects announced
1582,"SC, ST, OBC employees make up 66% of sanitation workers, 40% of Group A staff: DoPT report flags representation gaps"
1583,"Two Maoists killed in encounter, command switch IEDs defused as anti-insurgency operations intensify in Chhattisgarh"
1584,"As Tharoor meets Rahul and Kharge for 2 hours, what happened behind closed doors?"
1585,‘Hypocrisy-laden message to nation’: Cong slams PM Modi’s remarks ahead of Day 2 of Budget session
1586,Union Budget 2026 Expectations Highlights: Jan Swasthya Abhiyan urges major increase in Union Health Budget ahead of 2026–27
1587,"Economic survey 2026: Railway infrastructure growth continues, electrification touches 99.1% by October 2025"
1588,"ED attaches fresh assets worth Rs 1,800 crore linked to Anil Ambani group"
1589,SIR issue: Election Commission to meet Mamata-led TMC delegation next week
1590,"Kerala Budget LIVE Updates: 12th pay revision commission announced, Rs 14,500 crore for pensions ahead of polls"
1591,"Madhya Pradesh: BJP leader accused of assaulting woman, party issues show-cause after video goes viral"
1592,"After K-Rail fails to take off, Kerala looks to connect its north and south with a new high-speed transport system"
1593,"India-EU trade deal an opportunity for Indian manufacturers to win hearts; next 25 years phase of solutions, not obstruction: PM Modi"
1594,"Gold Today Rate, January 29: Check 18, 22 and 24 carat gold prices Chennai, Mumbai, Delhi, Kolkata and other cities"
1595,"Top News Headlines of January 29, 2026 | Russia invites Ukrainian President Volodymyr Zelenskyy to Moscow for peace talks"
1596,Ganga Expressway opening date nears: FASTag toll trials completed on UP’s longest expressway; check current status
1597,"Amid agitation for better pay, 2 mid-day meal cooks die in Chhattisgarh"
1598,Meet the 3 Telangana youths documenting dog killings – one village at a time
1599,"Exclusive: On Republic Day eve, villagers in Jammu answered call of duty, helped over 20 stranded Armymen"
1600,"Stricter SWM rules notified: Residential societies, government-run buildings to local bodies will have to process solid waste at source"
1601,Jaishankar to attend minerals meet hosted by Rubio on Feb 4
1602,"Sweet, friendly: Delhi remembers pilot Pathak"
1603,"India all too familiar with mindless brutality, we emphatise with those who undergo same tragedy: Foreign Secy Misri"
1604,‘Ajit (Pawar) dada would always listen even if issue was very local’
1605,"Opposition: President’s address has no substance, a recycled ritual"
1606,Youth will get many opportunities due to historic EU FTA: PM Modi
1607,A poster threatening Garos ruffles feathers in Meghalaya
1608,Centre’s MGNREGA overhaul is flashpoint on Day 1 of Rajasthan Assembly
1609,"Church and sacred grove coexisted in Odisha village for 18 years. Two weeks ago, that changed"
1610,"Exclusive: Telangana phone tapping probe widens, ‘thousands of call, IP records accessed illegally’"
1611,How Ajit Pawar plane crash unfolded: Civil Aviation ministry gives blow-by-blow account
1612,"President Droupadi Murmu highlights India–EU FTA; says India a ‘bridge’ in shifting world order, hails ‘Operation Sindoor’"
1613,Ajit Pawar’s plane crash: What we know so far
1614,‘I’ve told BJP people to file complaints against Miyas… we have to practise politics of polarisation if we want to live’: Himanta
1615,"‘A leader of the people’: PM Modi, Amit Shah, others condole Maharashtra Deputy CM Ajit Pawar’s death in Baramati plane crash"
1616,"‘Shocking’, ‘irreparable loss’: Leaders across party lines condole Ajit Pawar’s death in Baramati plane crash"
1617,"PM Modi describes Ajit Pawar as ‘leader of the people’, expresses grief over lives lost in fatal plane crash"
1618,"Gold Today Rate, January 28: Check 18, 22 and 24 carat gold prices Chennai, Mumbai, Delhi, Kolkata and other cities"
1619,Economic Survey 2026 Live Updates: FM Nirmala Sitharaman tables Economic Survey in Rajya Sabha; both Houses adjourned
1620,"India-EU FTA: Who gains what, what’s next?"
1621,‘Nobody feels we’re drinking safe water’: HC questions Indore death count in contamination case
1622,Himanta to release SIT report on ‘Gaurav Gogoi’s Pakistan links’ on Feb 8
1623,Kuki–Naga tensions flare in Manipur as homes burn and key road is blockaded
1624,"40-hour race through 6 feet of snow: BRO rescues 60 stranded at 10,500 ft in J&K"
1625,"India-EU mobility pact eases options for Indian students, workers"
1626,"No SIR, G RAM G debate in Budget Session: Govt to Opposition"
1627,"Subtle shift: India, EU on same page on Ukraine and Gaza Board"
1628,"India, EU sign security, defence pacts, condemn terror in all forms"
1629,"India–EU Joint Comprehensive Strategic Agenda | Towards 2030: Tech, innovation to power ties"
1630,JJM funds to states only after 15-day constant supply of water: Govt
1631,"Push for connectivity projects as India, EU move closer"
1632,‘We invest in each other’s future’: EU leaders at banquet
1633,UCC golden chapter in Uttarakhand’s history: CM Pushkar Singh Dhami
1634,UIDAI to launch Aadhaar App ‘full version’ on January 28: check top 5 features
1635,"Inequality rising, welfare retreating: Cong targets govt on GDP, FDI data"
1636,Republic Day shocker: MP school students served midday meal on torn notebook pages; principal to be suspended
1637,"AIIMS Bhopal employee robbed of mangalsutra inside hospital lift, video captures snatching"
1638,António Costa’s India connection: How a Goan-origin European Council head just delivered mega EU free trade deal
1639,‘No one came in support’: Dalit woman assaulted with broom for refusing to clean shopfront without payment
1640,No discrimination against anybody: Govt after protests on new UGC norms
1641,"Hailstorms, heavy rain lash Noida; IMD issues red and orange alerts"
1642,‘My heart says she is alive somewhere’: Chandramuni’s 7-year search for missing daughter in Jharkhand
1643,The Jeffrey Sachs interview: ‘United States is not the be-all and end-all for India’
1644,"‘New blueprint for shared prosperity,’ says PM Modi as India-EU conclude FTA talks; Ursula von der Leyen hails ‘win-win’"
1645,Naresh Chandra Debbarma: Padma awardee who documented Kokborok before it became Tripura’s official language
1646,"Kerala Congress, Zoho’s Vembu spar over Padma Shri to IIT Madras director V Kamakoti"
1647,"India-EU Trade Deal News Highlights: India, EU ink deals on security, defence and mobility partnerships as FTA negotiations conclude"
1648,"16 languages, 1 portal, 1 reference ID: How Census 2027 self-enumeration will work"
1649,"India slams Pakistan at UN, firmly rejects Islamabad’s ‘self-serving’ remarks on Operation Sindoor"
1650,Adani lawyers seek time until January 30 to update US court on talks with SEC
1651,"Gold Today Rate, January 27: Check 18, 22 and 24 carat gold prices Chennai, Mumbai, Delhi, Kolkata and other cities"
1652,"Snowfall disrupts Srinagar flights; rain, fog under ‘watch’ across Delhi-NCR"
1653,"Budget 2026 Expectations Highlights: Govt rejects Oppn demand for fresh debate on VB-G RAM G, SIR"
1654,"When 1,200 prisoners took control of a jail, and an IPS officer broke protocol"
1655,"As hundreds of stray dogs are culled across Telangana, inside a village at centre of row"
1656,Europe & India to work together to shape a new global order: EU chief
1657,Age rating to list of don’ts: Draft rules on obscenity online
1658,"Vance, Navarro & Trump resisting India trade deal: US Senator Ted Cruz"
1659,"77th Republic Day: From Jammu and Kashmir to Kerala, a splash of celebrations"
1660,"77th Republic Day: Perform duties enshrined in Constitution, says Mohan Bhagwat"
1661,"77th Republic Day: Military might, with a dash of Sindoor"
1662,"Houses set on fire in Manipur’s Kangpokpi district; Naga group claims responsibility, Kuki-Zo outfit threatens blockade"
1663,Badrinath-Kedarnath may ban non-Hindus from entering temples. Not everyone’s on board
1664,Goa could ban social media for children under 16
1665,Bank strike News Today: These banks to remain closed on January 27 | Here’s what customers can still access
1666,"India, Russia moving confidently to achieve USD 100 billion trade target by 2030: Ambassador"
1667,"More conciliatory than confrontational, what did J&K Deputy CM’s Republic Day speech focus on?"
1668,Operation Sindoor struck at heart of enemy: J&K LG Manoj Sinha
1669,"RSS leader Dattatreya Hosabale hails Constitution months after questioning ‘socialist’, ‘secular’ in Preamble"
1670,Vande Bharat Sleeper train: ICF to manufacture 50 rakes of 24-car coaches
1671,Madhya Pradesh village panchayat says it will boycott families whose members elope and marry
1672,Nair outfit drops ‘Hindu unity’ plans with Ezhava leader Natesan’s SNDP: ‘Have doubts about their political motive’
1673,"After witchcraft accusations, child’s killing shakes Jharkhand village"
1674,Amrit Bharat Express 3.0 trains: ICF to manufacture two rakes by FY26 end – what’s new
1675,Army move in ‘phased battle array’ formation for the first time: What it means
1676,11 injured jawans airlifted to Raipur after IED blasts in Chhattisgarh’s Bijapur during anti-Maoist operation
1677,"77th Republic Day: India showcases its military might with ‘Operation Sindoor’ formations, tableaux at Kartavya Path parade"
1678,77th Republic Day 2026 Parade: How to watch parade and flag hosting Live telecast?
1679,"A S Bhasin, the veteran chronicler of India’s foreign policy, passes on"
1680,"PM Modi extends greetings on Republic Day, calls for stronger resolve in building ‘Viksit Bharat’"
1681,"The Padma Shri recipient from Kashmir: Mohammad Shafi Shauq, academic, author and a champion of local language"
1682,"Top News Headlines of January 26, 2026 | US deploys aircraft carrier in Middle East region amid tension with Iran"
1683,Opposition chorus grows in Assam over fears of legitimate voters being left out
1684,"Dargah vandalised at Wynberg-Allen School premises in Mussoorie, weeks after viral video questioned its legality"
1685,‘Witnessed darkness… now seeing rays of positivity’: This Padma awardee wants Kashmiri Pandits back in Valley
1686,"Bhagat Singh Koshyari, who served as Uttarakhand CM, Maharashtra Governor, awarded Padma Bhushan"
1687,"Courage under fire: Among Hyderabad blaze dead, 2 workers who rushed in to save security guard’s children"
1688,"This Republic Day, 6 women from Bihar will drive into history. Here are their stories"
1689,"Republic Day 2026: ‘Unsung Heroes’ no longer unsung as Padma celebrates creators, builders"
1690,Maritime security to terror fight: India-EU pact ready
1691,VS Achuthanandan and Dharmendra among five Padma Vibhushan awardees
1692,Mark Tully (1935-2026): The voice that India trusted when history spoke — or fell silent
1693,"Jaishankar holds talks with Sergio Gor, US lawmakers on trade, security"
1694,"Republic Day 2026: Ashoka Chakra for astronaut Shubhanshu, Shaurya Chakra for 2 women Navy officers"
1695,"Talking drum of Mewat, twin flutes of Thar: Meet the Rajasthani folk artists honoured with Padma Shri"
1696,‘Law without compassion becomes tyranny’: CJI Surya Kant
1697,"Buried under tonnes of soil after clay mine collapse, 2 children among 3 dead in Madhya Pradesh"
1698,Shubhanshu Shukla awarded Ashoka Chakra. Check full list
1699,"Mark Tully, the BBC’s ‘voice of India’, falls silent"
1700,Republic Day 2026 Speech: Full Text of President Droupadi Murmu’s Republic day speech
1701,"Amid tariff stress, Murmu points to self-reliance in Republic Day message"
1702,60-year-old school teacher arrested in J-K’s Poonch for ‘objectionable social media content’
1703,"‘Congratulate, distribute sweets’: PM Modi asks those becoming a voter to celebrate in first Mann ki Baat of 2026"
1704,Goa club blaze: ED says Rs 22 crore made in 2 years is proceeds of crime
1705,"Padma Awards 2026 Full List: Dharmendra, Rohit Sharma among winners; check full list of winners"
1706,"Republic Day Parade 2026: 150 years of Vande Mataram showcased with unique formations, tableaux at Kartavya Path parade"
1707,Train connectivity to Kohima: Dimapur-Zubza railway line project on track for 2029 completion
1708,Veteran journalist Mark Tully passes away at 90
1709,President Droupadi Murmu’s R-Day ‘At Home’ invite: artistic legacies of 8 Northeastern states in focus
1710,"India’s 42nd Vande Bharat train to run with 20 coaches from Jan 26 – route, stoppages"
1711,"2 days after order banning sale of non-veg food on Republic Day triggered storm, Odisha’s Koraput district revokes it"
1712,Tejashwi Yadav appointed RJD’s national working president
1713,"India’s 77th Republic Day 2026 Speech: President Droupadi Murmu Speech Date, Time, and Where to Watch"
1714,Cabinet secretary lauds Rajasthan Government’s Raj-UNNATI initiative for project monitoring
1715,"Bihar NEET aspirant’s death: New forensic evidence raises suspicion of foul play, 2 cops suspended"
1716,"Budget 2026 Expectations Highlights: What’s likely on taxes, growth and key sectors"
1717,"Republic Day: Parade and Flag Hoisting, Traffic Advisory, Guest List"
1718,"Top News Headlines of January 25, 2026 | Iran unveils mural warning of retaliation if US conducts a military strike"
1719,A knock and a deadly fight: How Odisha youth survived leopard attack
1720,"Ahead of Republic Day, Kashmir puts multilayer security in place, residents invited to Bakshi Stadium to join in on celebrations"
1721,"Just 4 cases in 2025: At Uttarakhand’s Devprayag police station, time and crime move at a glacial pace"
1722,"Deportation, and re-deportation? A family looks for 14 kin, from Odisha to Bengal to Bangladesh"
1723,"EU leaders begin visit, PM Modi flags trade, mobility pacts"
1724,"Eight years, five states, one reunion — how a missing boy who walked into a Shimla gaushala found his family"
1725,"SIR in remaining states, UTs soon, says Chief Election Commissioner Gyanesh Kumar"
1726,"‘Inequitable distribution of healthcare personnel a challenge’: Vikram Patel, Commission co-chair and professor at Harvard Medical School"
1727,CBI court reverses Baghel’s discharge in sleaze CD case
1728,"Before Jaish commander was killed, police had to save civilians he was holding hostage"
1729,‘EC no longer protector of democracy’: Rahul Gandhi calls poll panel key participant in ‘vote-chori’
1730,"Bearing 2,600 tonnes of rice, first full rake of foodgrains arrive via Railways in Kashmir Valley"
1731,"After heavy snowfall in Himachal, apple orchardists issued advisory to strengthen upcoming crops"
1732,Two children among five feared trapped after massive fire in Hyderabad’s Nampally
1733,‘PM Modi sees Constitution as sacrosanct’: Shashi Tharoor amid a growing rift with Congress
1734,"Trade, mobility deals with nations creating new opportunities for youths, says PM Modi: ‘Keep upgrading yourself’"
1735,"Meat, fish, egg sale barred on Republic Day in Odisha’s Koraput district"
1736,"Centre revised Cadre allocation policy, introduced a new grouping structure"
1737,"More stray dog killings come to light in Telanagana, 300 found buried in one spot"
1738,Shashi Tharoor ‘unapologetic’ over Operation Sindoor stand: ‘Didn’t violate Congress line’
1739,"From Cambodia’s cyber dens to a village in Bihar’s Bhojpur: The 20,000 calls that told a story"
1740,"No ink signature, no official seal: Why India’s Law Ministry refused to deliver US SEC summons to Adani"
1741,"Top News Headlines of January 24, 2026 | ‘Great and very brave soldiers of UK’: Donald Trump’s U-turn after comment on NATO troops in Afghanistan"
1742,"‘Is it a sin to practice one’s faith?’: After assault, Odisha pastor now asked to vacate rented home"
1743,"Heading home on a boat, 4 of family drown in Bijapur river, putting spotlight on access in Maoist belt"
1744,"Great loss, self-inflicted problem for America: Lancet editor-in-chief on US’s move to quit WHO"
1745,"2 more Maoists killed in Saranda op, toll now 17"
1746,Jaish terrorist from Pak killed in Kathua gunfight
1747,"Exclusive | FTA can lower reliance on China, Russia, US: EU foreign policy chief"
1748,‘Overthrow Yunus regime’: Hasina to voters ahead of Bangladesh polls
1749,"Why Rashtrapati Bhawan has replaced Curzon’s writings with Vedas, Puranas"
1750,"Reinsurers pay $125 million to Air India for hull, engine loss in Ahmedabad air crash"
1751,"EU leaders’ R-Day visit aims to conclude talks, signing later: EU official"
1752,EXCLUSIVE | On govt table: Should disrespect to Vande Mataram attract penalties like national anthem?
1753,"Communal clashes in MP town after youth attacked; shops damaged, bus torched"
1754,"Rain, snowfall block highways in J&K, Srinagar airport, many schools closed"
1755,Fear in Odisha pastor’s family after communal attack — ‘Is it a sin to practice one’s own faith?’
1756,"Bihar minister dares MNS to stop Bihar Bhavan construction, RJD slams Nitish govt’s ‘misplaced priorities’"
1757,"Saraswati puja, Friday namaz converge at Bhojshala, under shadow of heavy security"
1758,"Kin of Meitei man killed in Churachandpur refuse to accept body, seek arrests; govt announces Rs 10 lakh compensation"
1759,"Unlikely allies next to him, Modi’s Tamil Nadu campaign begins with sharp attack on Stalin’s DMK"
1760,Jaish terrorist killed in Kathua gunfight
1761,‘4.5 crore jobs and lakhs of businesses are at stake’: Rahul Gandhi slams PM Modi over US tariffs
1762,RAC tickets not allowed on these 12 Amrit Bharat trains: Full list
1763,Centre’s panel affirms Ratle hydroelectric project green nod validity till December 2030
1764,"Decades-old ‘simmering’ fires, termites, invasive weeds: Why forests in 3 Himachal districts are in critical decline"
1765,Katra-Srinagar Vande Bharat train passes through snow covered Kashmir amid fresh snowfall
1766,"Kashmir, Himachal turn into winter wonderland as fresh snow blankets region | Watch"
1767,"Watch | Holding PM’s sketch up in air, kid gets Modi’s attention, and a promise"
1768,"Gold Today Rate, January 23: Check 18, 22 and 24 carat gold prices Chennai, Mumbai, Delhi, Kolkata and other cities"
1769,"Goa club blaze: ED searches in 8 places, including Delhi, for ‘money laundering’ probe"
1770,"PM Modi in Kerala: 4 new trains, including Amrit Bharat Express, flagged off – check inaugural run details"
1771,Indian Railways renamed Kalka Mail as Netaji Express in 2021 – here’s the historic reason
1772,"PM Modi Kerala Tamil Nadu Visit Live Updates: Modi accuses DMK of thriving on dynasty, corruption and cultural abuse at TN NDA rally"
1773,"Meitei man killed in Manipur ‘hadn’t told family he was in state’, felt his family ‘would not support’ him staying in a Kuki-Zo area"
1774,"‘I’m not dead’: One person filed objections against 64 voters from same Assam booth, many tell Express they are alive and well"
1775,"Would love to go to space again but husband will kill me, says Sunita Williams during Kerala visit"
1776,‘Fear of reprisal’ leads Chhattisgarh man to consume ‘bird poison’ after helping police locate Maoist victim’s body
1777,"With a feast for 25,000, Darbhanga bids farewell to its last queen, Maharani Kamsundari Devi"
1778,"Bank Holiday Today: Are banks open or closed on Friday, January 23 for Saraswati Puja/Basant Panchami? Check city-wise operational status"
1779,India takes up embassy vandalism with Croatia
1780,Gen Dwivedi: Operation Sindoor was given to Army week after Pahalgam attack
1781,Agencies suspect Kuki body behind Meitei man’s murder in Manipur
1782,"ECI launches new app, CEC offers other countries help to develop similar platform"
1783,"Usage of LPG, smartphones among details to be sought during census"
1784,"Farmers showed the way, workers must unite to bring back MGNREGA: Rahul Gandhi"
1785,"As Trump unveils his Board of Peace, Delhi waits, watches"
1786,"Stronger ties between India, EU can de-risk world economy: EAM Jaishankar"
1787,"Odisha imposes total ban on sale of gutka, food products containing tobacco, nicotine"
1788,PM Narendra Modi and Brazilian President Luiz Lula align for ‘strategic partnership’
1789,East Coast Railway introduces humanoid robot ‘ASC Arjun’ at Visakhapatnam station – here’s why
1790,"In pre-poll move, Kerala’s Twenty20 party joins NDA"
1791,"Nagercoil-Mangaluru Amrit Bharat Express: Train number, route, stoppages, frequency, time table"
1792,Attack on pastor is latest in series of communal attacks in Odisha
1793,Top Maoist leader with Rs 1 crore bounty among 15 killed in Jharkhand encounter
1794,"Thiruvananthapuram-Charlapalli Amrit Bharat Express: Train number, route, stoppages, frequency, time table"
1795,10 Army men killed after vehicle plunges into gorge in J-K
1796,"Six labourers killed, five critical after fly ash leak at Chhattisgarh steel plant"
1797,"Budget 2026 Expectations Highlights: What to expect on taxes, growth, and key sectors"
1798,"Thiruvananthapuram-Tambaram Amrit Bharat Express: Train number, route, stoppages, frequency, time table"
1799,Kishtwar gunfight resumes 4 days after terrorists killed Special Forces commando
1800,‘Attempt to remove Mahatma Gandhi’s name from public memory’: Mallikarjun Kharge vows to fight against renaming of MGNREGA scheme
1801,"Gold Today Rate, January 22: Check 18, 22 and 24 carat gold prices Chennai, Mumbai, Delhi, Kolkata and other cities"
1802,"After twist, the U-turn: Vaishno Devi MBBS students will be admitted to 7 medical colleges in Jammu, Kashmir"
1803,2026 Republic Day parade: Ministry of Culture to unveil a ‘moving archive’ to showcase 150 years of Vande Mataram
1804,"Meitei man married to Kuki-Zo woman shot dead in Manipur, video captures killing – and a chilling message"
1805,"PM Modi to visit Kerala on Jan 23, flag off four new trains including 3 Amrit Bharat Express – check routes"
1806,Ticket policy to luggage rules: India’s 1st Vande Bharat Sleeper train starts today – 5 things passengers must know
1807,"Top News Headlines of January 22, 2026 | Prosecutors ‘crushed’ by workload of reviewing more than two million Jeffrey Epstein files"
1808,Story behind the statue that became embarrassment for BJP govt in Madhya Pradesh
1809,Professor suspended amid fears that teenager committed suicide over cheating accusation
1810,"Twist in Vaishno Devi medical college case, state board tells govt: Adjusting students not our mandate, do it yourself"
1811,"Felling of 17,625 trees was cleared for 13 Chardham stretches: Centre to NGT"
1812,Venezuela ex-envoy Y K Sinha is guest at Explained.Live today
1813,"Need robust military… look at Venezuela, Iraq: IAF chief"
1814,First ‘Made in India’ C-295 aircraft to roll out before September: EAM Jaishankar
1815,I-PAC said it got Rs 13.5-cr loan from Rohtak firm — company doesn’t exist
1816,"Kindergarten girl killed, 11 school children injured in jeep-school van collision in MP Betul"
1817,"Stone pelting on trains: 1,698 cases registered, 665 arrested between July-Dec 2025"
1818,"Amrit Bharat Express launch: Kerala set to get 3 new trains this week – check routes, stoppages"
1819,"Basanti Pulao, Dhokar Dalna, Narikol Burfi & more: Full IRCTC food menu on India’s 1st Vande Bharat Sleeper train"
1820,"In Kokrajhar, where Bodos and Adivasis clashed, an uneasy calm under shadow of Army deployment"
1821,"Cause of democracy needs new champions, India’s leadership welcome: International expert"
1822,"Citing ‘demographic imbalance’, Rajasthan approves Bill to label some areas as ‘disturbed’, put curbs on property sale there"
1823,"100 more stray dogs poisoned in Telangana, sarpanch among 3 booked"
1824,"Tamil Nadu churn begins: TTV Dhinakaran returns to NDA, DMK draws in R Vaithilingam, last holdout of OPS camp"
1825,"Top News Headlines of January 21, 2026 | From ‘ungrateful’ to ‘stupid’: Trump’s 5 insults to world leaders in his Davos speech"
1826,Odisha: Security tightened in Puri Jagannath Temple after social media post threatens bomb attack
1827,"‘Communal’ remark hurting both him and his party, CPM’s Saji Cheriyan apologises"
1828,"Exclusive | ‘Eyes and ears’ of the frontier: MHA asks CAPF, state police officers to spend 50 nights in border villages"
1829,"At presiding officers’ meet, calls for uniform norms for legislative bodies, AI use for capacity building"
1830,Astronaut Sunita Williams retires after 27 years at NASA: A look at her achievements
1831,India decides to withdraw diplomats’ families in Bangladesh
1832,Patna High Court grants bail in record 463 cases in a day — most related to liquor
1833,"On a high after mayoral success in Kerala’s capital, BJP plans to kickstart Assembly election campaign with Modi roadshow"
1834,Sensitive case? Police in Telangana can now file FIRs at complainant’s home
1835,"3 Russians, 2 murders, and 1 common name — Elena"
1836,‘Poland and India are victims of transnational terror… we condemn crossing of international borders either by tanks or by terrorists in the strongest of terms’
1837,Ram Mandir restored self-respect of Indians worldwide: V-P Radhakrishnan
1838,"UK govt plans to increase education exports, India among five focus countries"
1839,15 hours over 4 days: J&K police call Indian Express reporter to Srinagar station
1840,Arasavalli Temple Ratha Saptami 2026 Ticket Booking Guide: How to book tickets online for darshan of Lord Sri Suryanarayana Swamy on Ratha Saptami
1841,"Maggi, spices and dry fruit: What’s inside the terror hideout busted in Jammu?"
1842,"Arson, violence, internet snapped: Assam’s Kokrajhar on edge after tensions between Bodos, Adivasis"
1843,PM Modi: ‘Nitin Nabin is my boss in BJP … those who save themselves from ills of Cong will progress’
1844,Howrah-Kamakhya Vande Bharat Sleeper train sees huge demand; tickets sold out within hours
1845,"For 4th year, Governor Ravi walks out of Tamil Nadu Assembly without delivering inaugural address"
1846,"Budget 2026 Date: Key dates, Economic Survey schedule, where and how to watch live"
1847,"Governor omits, CM includes: Drama in Kerala Assembly over policy address"
1848,"ED claims it uncovered transfer-posting racket by Tamil Nadu minister during raids in separate case, urges state to file FIR"
1849,"Gold Today Rate, January 20: Check 18, 22 and 24 carat gold prices Chennai, Mumbai, Delhi, Kolkata and other cities"
1850,"‘Inaccuracies’ in text, ‘mic switched off’: Tamil Nadu Governor RN Ravi declines to read out inaugural address, walks out of Assembly"
1851,"ED raids 21 locations in Kerala, Tamil Nadu, Karnataka over Sabarimala gold misappropriation case"
1852,Howrah-Kamakhya Vande Bharat Sleeper train ticket booking begins; check station-wise fare
1853,"India’s first Push-Pull Rajdhani Express marks 7 years of service – check route, stoppages, timings"
1854,Kerala man’s suicide after viral bus video: Police book woman for abetment
1855,Another teen NEET aspirant’s death comes to light in Patna
1856,"Chemical analysis of Sabarimala gold samples confirms ‘tampering, substitution’"
1857,‘Look at the list of winners…’: Kerala minister Saji Cherian’s remarks on Muslim League met with backlash
1858,"Bank without security guard, robbers walk out with gold jewellery worth over Rs 5 crore in Odisha town"
1859,"Parent of young athlete makes extortion claim in Manipur, then backtracks: ‘Miscommunicated’"
1860,"Acquitted by high court in wife’s murder, Chhattisgarh man is arrested in another killing – exactly seven years later"
1861,Trump’s invite to join Gaza peace board: India weighs its options
1862,"India-EU summit on Jan 27: FTA, defence, mobility deals on table"
1863,"PM meets UAE President: Defence, LNG, $200-billion trade target on table"
1864,"Congress using AI videos to spread misconception about VB-G RAM G, mislead country, says Rural Development Minister Shivraj Singh Chouhan"
1865,Mumbai-Ahmedabad bullet train update: India’s 1st high-speed rail project advances towards electrification
1866,"Selective targeting on tariffs, says Jaishankar, flags Poland minister’s outreach to Pakistan"
1867,Lalan Singh dismisses RCP Singh’s return to JD-U — ‘No place here for someone who brought down party tally’
1868,No separate policy: Amrit Bharat II Express reserved tickets to be governed by Vande Bharat Sleeper norms
1869,"Indore authorities rescued a beggar. Then came twist: He owns 3 homes, fleet of autos, lending business"
1870,"Don’t think Kashmiri Pandits will return to Valley for good, Farooq Abdullah says"
1871,PM Modi welcomes UAE president at Delhi airport as India-Abu Dhabi strategic ties take centre stage
1872,Indian Railways Amrit Bharat train service expansion: Total count hits 48
1873,"SC stays Rajasthan HC direction to shift 1,102 liquor shops near national, state highways"
1874,Vande Bharat Sleeper cancellation rules: You could lose 100% of your fare if you wait too long to cancel
1875,"Who is BJP’s Nitin Nabin, set to become party’s youngest national president?"
1876,Forged letter and a police complaint from ex-Assam CM: ‘Meant to cause political disharmony’
1877,"Armyman killed in Kishtwar encounter, forces step up hunt for terrorists"
1878,"Exclusive: Parents and child HIV-positive in Jharkhand, family links it to blood transfusion during C-section"
1879,Centre notifies Rules for use of funds collected through penalties under environmental laws
1880,"Kishtwar operation resumes, day after 8 soldiers were injured in encounter"
1881,Centre notifies second round of targets to curb emissions from carbon-heavy sectors
1882,"‘She had fear in her heart’: Her case still in court, victim of sexual assault during Manipur conflict dies"
1883,"Silver Today Rate, January 19: Silver price today in India, Delhi, Hyderabad, Bangalore, Chennai, Mumbai and other silver rate list"
1884,"Gold Today Rate, January 19: Check 18, 22 and 24 carat gold prices Chennai, Mumbai, Delhi, Kolkata and other cities"
1885,Kamakhya to Howrah Vande Bharat Sleeper ticket price: check station-wise fare
1886,Kamakhya-Howrah Vande Bharat Sleeper train ticket booking opens – Here’s how to book IRCTC e-ticket
1887,"Top News Headlines of January 19, 2026 | What will Trump do if US Supreme Court strikes down global tariffs? Top aide speaks out"
1888,"Bihar NEET aspirant’s death: Family says she was home just days earlier, eager to resume preparations for test"
1889,"Days after video of ‘misconduct’ on bus went viral, Kerala man dies by suicide"
1890,"‘I worked even on day my daughter died’: Paid just Rs 66 daily, Chhattisgarh midday meal cooks seek better wages"
1891,"Accused of murdering 2 Russian women in Goa, Russian man tells police he’s killed 5"
1892,"As PG medical seats go up, vacancies spike by nearly 6K from 2021 to over 17K in 2025"
1893,"UAE President arrives today, to hold bilateral talks with PM Modi"
1894,No decision yet on Su-57: HAL awaits Russian team’s report on cost
1895,"Dr Farid Faridasr: ‘External forces creating anarchy, but we can deal with it…Iran is not Venezuela’"
1896,Exclusive: Investigation into Cambodia job scam points to a Pakistan link
1897,"George Yong-Boon Yeo: ‘Trump is a bully. If you show weakness, he’ll be all over you… be firm but flexible’"
1898,Pinarayi Vijayan will lead LDF in Assembly polls battle: CPM
1899,Trump invites Modi to be a part of Board of Peace to oversee Gaza
1900,"Speeding car runs over labourers having roadside meal in Jabalpur; 2 dead, 11 injured"
1901,"Umar Khalid denied bail, former CJI Chandrachud says it’s a right before conviction. Then a ‘national security’ reminder"
1902,ED files chargesheet against online betting app handled by Pak nationals
1903,Congress handed over Assam soil to infiltrators for votes: PM Modi
1904,12 children rescued after Jharkhand police bust inter-state child trafficking racket
1905,7 security forces personnel injured in gunfight with terrorists in J-K’s Kishtwar
1906,"Kamakhya-Howrah: India’s 1st Vande Bharat Sleeper train to start commercial run from Jan 22 – check stops, timings"
1907,Lucknow to Kanpur in just 30 minutes: Here’s how the new expressway in Uttar Pradesh could transform everyday travel
1908,"Indian Railways targets renewal of 7,900 track km in FY27 to improve safety, speed"
1909,"PM Modi lays foundation stone for Kaziranga corridor, flags off 2 Amrit Bharat trains"
1910,‘Congress-led UDF win in Kerala will mean Muslim League rule’: Ezhava community leader Vellappally Natesan
1911,"Top News Headlines of January 18, 2026 | ‘He fooled us’: Iranian protesters say they feel betrayed over Trump’s ‘help’ which never came"
1912,"‘Keep sports free of politics, don’t suspect every selection’: J&K L-G amid row over picking players"
1913,Odisha Police crackdown on cattle smugglers; identify properties worth Rs 50 crore
1914,"At Bodo outreach, PM Modi’s allegation — ‘Congress created instability in Assam, helped infiltrators for vote bank’"
1915,"The story of 176 cases, stock witnesses, and one Indore police station"
1916,"After meeting those ill from contaminated water, Rahul tears into Madhya Pradesh govt"
1917,"Guwahati(Kamakhya)-Rohtak Amrit Bharat Express train begins inaugural run – check timings, stoppages"
1918,Amrit Bharat Express launch: PM Modi flags off 5 new trains – check routes
1919,"Probing murder of two Russian women, Goa cops baffled by ‘a third killing’"
1920,"Exclusive: In first R-Day after Operation Sindoor, on display: How battle formations move"
1921,Uttarakhand awarded ‘Leader’ status in Startup India Ranking
1922,"Santragachi-Anand Vihar Terminal Amrit Bharat Express train begins inaugural run – check timings, stoppages"
1923,"Kaziranga Elevated Corridor: Here’s why Rs 6,950 crore infra project is crucial for Assam"
1924,"Congress MLA’s ‘theory’: SC, ST and OBC women raped because of religious scriptures"
1925,Two Kerala tourists drown after Arunachal’s frozen Sela Lake cracks under their weight
1926,"Facing dwindling numbers, Kerala Church’s appeal – ‘Actively come to politics, public governance’"
1927,"Ahmedabad cops crack jewellery heist: How 19-year-old ‘broke through’ store, gave himself away"
1928,‘Five years without trial is unjust’: JLF panel debates Umar Khalid bail case
1929,PM Modi flags off India’s 1st Vande Bharat Sleeper train from Malda – check inaugural run details
1930,Jharkhand: Teen lynched in Ranchi village on motor pump theft suspicion
1931,"Railways introduces Amrit Bharat II Express: No RAC, Sleeper passengers to pay for minimum 200 km | check fare structure"
1932,2 Maoists killed in encounter with security forces in Chhattisgarh’s Bijapur; search on for elusive leader Papa Rao
1933,Crores in cash found inside almirah during ED raids in Odisha
1934,"Same name, same age, same ‘killer’: 2 Russian women found dead in Goa"
1935,Boards come up at Haridwar’s Har ki Pauri barring entry of non-Hindus
1936,‘Family’s only earning member’: Kin of Odisha man killed by ‘cow vigilantes’ seek arrest of all accused
1937,High-Powered Committee on Ladakh to reconvene months after protests
1938,Praveen Vashista appointed Vigilance Commissioner
1939,"R-Day Parade: 18 contingents, 30 tableaux, 13 bands, Bhairav Battalion debut"
1940,"V-P meets UK House of Lords Speaker, underlines shared democratic values­"
1941,"Democratic institutions have to be transparent, inclusive: Om Birla"
1942,Raids on Punjab Kesari planned attack on media freedom: Bansuri Swaraj
1943,"Vande Bharat Sleeper to Amrit Bharat Express: PM Modi flags off 7 new trains in West Bengal, dedicates several projects worth Rs 3,250 cr"
1944,BJP to name new national president on January 20
1945,"EAM: India, Japan partnership holds immense potential to de-risk global economy"
1946,"Over a year after Goa’s ‘biggest seizure of LSD blots’, ED raids across country in narcotics trafficking case"
1947,"Three days later, one Cabinet colleague backs PWD minister, Vikramaditya Singh"
1948,"Evacuation from Iran only if problems on ground, says Govt"
1949,"Vande Bharat expansion: Indian Railways plans 800 trainsets by 2030; 4,500 by 2047"
1950,PM Modi to flag off Howrah-Guwahati Vande Bharat Sleeper train today – All you need to know
1951,Vande Bharat Sleeper launch: Platform numbers changed for 30 trains at Malda Town station on Jan 16-17 | Full list
1952,BJP announces schedule for election of national president; party to name JP Nadda’s successor on January 20
1953,"‘Don’t know if my parents are alive or dead’: Iranian students in India wait in fear as protests rage back home, phones go silent"
1954,"Guwahati (Kamakhya)-Howrah Vande Bharat Sleeper train begins inaugural run – check timings, stoppages"
1955,Maharashtra Municipal Corporation Election Result 2026: Check ward-wise live counting update online on mahasec.maharashtra.gov.in
1956,Howrah-Kamakhya Vande Bharat Sleeper Express ticket booking to begin soon – 5 things every passengers should know
1957,"Opposition flags ‘SIR deletion’, Goa CM says he’ll seek deadline extension"
1958,Patna NEET aspirant’s death: Post-mortem says sexual violence can’t be ruled out
1959,Red faces in Madhya Pradesh BJP after tribal icon Tantya Mama’s statue made using ‘cheap’ fibreglass
1960,"Accused cross-examined 6 witnesses himself, didn’t have lawyer: Kerala HC sets aside murder conviction"
1961,"BJD raises eyebrows ahead of Rajya Sabha polls, suspends two sitting MLAs"
1962,Restaurant on property owned by former Goa CM sealed for illegal construction
1963,When ED got raided: Police in Ranchi search central agency’s office after ‘assault’ claim
1964,"Iran on edge, echo in Kashmir: Parents of those studying there seek Centre’s help"
1965,India needs to discard the Macaulayist mindset: Hosabale
1966,Stand-up comic Zakir Khan at Express Adda: ‘My career isn’t about what I have done; it’s about what I dodged in life’
1967,"Vande Bharats will offer local cuisine of origin stations, first on six routes"
1968,Govt working on raising income limit for SC scholarships to Rs 4.5 lakh from Rs 2.5 lakh
1969,"SIR: Election Commission extends last date of filing claims, objections"
1970,Verified NREGA job cards likely be valid during transition to VB G Ram G
1971,"Rajasthan Congress alleges irregularities in SIR, flags mass deletion of voter names"
1972,"Indore water tragedy: Govt recognises 23 deaths, tells court all contaminated sources plugged"
1973,Beef rumours spark clashes in Odisha town; internet suspended
1974,‘One of them said you will die here’: Student from Assam assaulted in hostel at Madhya Pradesh university
1975,Explore other options if villagers don’t want to sell land: Vikramaditya supports Bagi Gram Panchayat resolution
1976,"Odisha man beaten to death by ‘cow vigilantes’, 5 detained"
1977,"India prepares to pull out its nationals from Iran, first batch ready"
1978,"Maharashtra Corporation Election Results 2026 LIVE Updates: After rout, Congress alleges ‘bogus voting, abuse of power’ by Mahayuti"
1979,India celebrates 78th Army Day; General Upendra Dwivedi stresses need for indigenous equipment
1980,Ghaziabad railway station upgrade: Platform widening completed to ease crowding
1981,"Air India A350 plane sucks in cargo container, engine damaged at Delhi airport"
1982,Top EU leaders to be chief guests at 77th Republic Day celebrations
1983,"In Andhra, YSRCP activist’s death sparks assault claims, row with TDP"
1984,"From book on Why Modi is Right for India, to Babur: Author behind lit fest cancellation"
1985,"Howrah-Delhi (Anand Vihar Terminal) Amrit Bharat Express to commence commercial run next week – check date, route, stoppages, timings"
1986,"Slowly but surely, J&K govt is making a push for solar power"
1987,"‘In India, democracy delivers’: PM Modi at Commonwealth Speakers Summit"
1988,"Budget 2026 looms, but key farm promises are still stuck on paper"
1989,Amrit Bharat Express launch: Here’s how these 9 trains could transform long-distance rail travel from West Bengal
1990,"Top News Headlines of January 15, 2026 | Ward housing Colaba records lowest turnout at 15.73 %"
1991,"Watch: March past, display of military might mark 78th Army Day on Jaipur streets"
1992,Two athletes found dead at Sports Authority of India hostel in Kerala’s Kollam
1993,"2 journalists arrested in Hyderabad for ‘libellous content against woman IAS officer’, Opp slams state govt"
1994,"Gold Today Rate, January 15: Check 18, 22 and 24 carat gold prices Chennai, Mumbai, Delhi, Kolkata and other cities"
1995,"Air India, IndiGo reroute flights over safety concerns as Iran shuts airspace"
1996,"Who is Asiya Andrabi, separatist leader convicted by NIA court in UAPA case?"
1997,"His govt under fire for Indore water deaths, Madhya Pradesh CM warns Congress: ‘Don’t play politics’"
1998,Crew on board INSV Kaundinya on why their journey from India to Oman matters
1999,"Drone sightings and terror alerts ahead of Republic Day, central team reviews security in J&K"
2000,"Bank Holiday Today: Banks closed on January 15 for Makar Sankranti, Pongal and BMC Elections — Check city-wise status"
2001,He set out to build a school for his village in Madhya Pradesh. What followed: Madrasa rumours and demolition
2002,‘Time for amicable divorce’: Sajad Lone becomes first Kashmiri leader to call for separation from Jammu
2003,"FinMin has moved, but printing of Budget in North Block"
2004,$20-mn gold heist case: Canada asks India to extradite Preet Panesar
2005,Will strengthen partnership with India: US Ambassador
2006,Exclusive: ‘Irish govt won’t tolerate instances of violence on  the Indian community’: Migration Minister of Ireland Colm Brophy
2007,"Govt appoints Rakesh Aggarwal as NIA chief, former Haryana DGP to head ITBP"
2008,"Congress’s flexible policy toward politics of hatred caused severe damage to country, Constitution: Madani"
2009,"Cut-off reduced for PG medical seats as 18,000 remain vacant after 2nd counselling"
2010,"In Telangana, mass killing of stray dogs, police action put entire villages on edge"
2011,"BJP slams Rahul over ‘suppression of Tamil’ remark; says Modi has given highest honour to the language, culture"
2012,"‘Well-planned conspiracy’: In Barmer, Congress protests against proposed redrawing of district boundaries"
2013,‘Stay in the kitchen’: Dayanidhi Maran’s sharp ‘contrast’ between Tamil Nadu and north India sparks fresh political row
2014,"Govt committed to providing quality healthcare to all, especially in remote territories, says Defence Minister Rajnath Singh"
2015,"Howrah-Guwahati Vande Bharat Sleeper train: Catering services included in fare for all classes, says Railway Board"
2016,"Rajasthan BJP leader Mahendrajeet Malviya, who signalled return to Congress, raided by Anti-Corruption Bureau"
2017,Arshad Madani slams Congress for ‘soft’ stance after Mahatma Gandhi’s assassination: ‘Caused severe damage’
2018,"Blaze near Uttarakhand’s Valley of Flowers enters Day 6, but contained, officials say"
2019,"Odisha to amend Lokayukta law before appointing next chairperson, members"
2020,"In Gurgaon’s Aravalli belt, study flags shrinking forest, fragmented habitat amid ‘rapid urbanisation’"
2021,Indian firms to run control and instrumentation at Russian-designed Kudankulam 5 and 6 reactors
2022,"Amid US assurance to Iranian protestors, an Indian advisory to its citizens to leave country"
2023,Artist Bose Krishnamachari resigns from Kochi Biennale Foundation
2024,"Anger, concern among KGMU ranks, alumni as ‘love jihad’ claims widen, vandalism shakes campus"
2025,"On horseback, inside train engine – Bihar’s booze smugglers and their clever tricks"
2026,Tamil Nadu Minister slams IndiGo for delay ‘ordeal’: ‘Low cost airline shouldn’t mean cheap passenger treatment’
2027,Beef linked to slaughterhouse under BJP jurisdiction becomes headache for party in Madhya Pradesh
2028,"Exclusive: MHA’s new SOP for cyber financial frauds allows swift return of funds below Rs 50,000"
2029,"Gold Today Rate, January 14: Check 18, 22 and 24 carat gold prices Chennai, Mumbai, Delhi, Kolkata and other cities"
2030,"Bihar Cabinet clears Indrapuri Reservoir Project, approves 43 other initiatives"
2031,"Makar Sankranti 2026: Why January 14 is special — The stories, science, and varied celebrations of Makar Sankranti"
2032,"Manipur’s Kuki-Zo insurgent groups, MLAs say they will participate in elected govt only if…"
2033,"Already besieged by ‘gold theft’ case, Sabarimala management faces another scandal – over ghee sales"
2034,Fire raging for five days near Uttarakhand’s Valley of Flowers. Hopes are pinned on the Air Force
2035,Home Ministry asks DGPs to standardise protocol for events drawing large crowds
2036,Vande Mataram discussion unravels into ruckus in Goa Assembly
2037,"Bhopal Lit Fest cancels session on Babur book over protest fears, author calls out Culture Dept"
2038,Thousands evicted in Assam are now clamouring to get their names into voter list
2039,"Bank Holiday Today: Are banks open or closed on Wednesday, January 14 for Makar Sankranti and Magh Bihu? Full city-wise list"
2040,‘The entire family was wiped out’: Inside the hunt for an elephant that has killed 20 in Jharkhand
2041,Bengal SIR: EC notices to electors flagged for having over 6 ‘siblings’
2042,UGC notifies regulations to check caste bias on campuses
2043,"Jaishankar, Rubio talk: Trade to rare minerals, nuclear to defence"
2044,"As police seek details of Kashmir’s mosques, some Valley leaders express concerns"
2045,"Booth-level worker who became state president: Meet Aditya Sahu, new BJP Jharkhand chief"
2046,"Amrit Bharat Express launch: Nine trains connecting 9 states to be flagged off soon – check routes, train number, timings"
2047,"ICU at top Jaipur hospital floods on cold night due to ‘rusty pipeline’, critically ill patients moved"
2048,"Mumbai Suburban rail network: Central Railway to roll out 14 AC local trains on CSMT-Panvel Harbour Line | check date, timings"
2049,"BMC, PMC, PCMC, Thane Elections 2026 Voter List: How to download voter slip to cast your vote on January 15 polls"
2050,China’s activity in Shaksgam Valley ‘illegal and cannot be tolerated’: Ladakh Lt Governor Kavinder Gupta
2051,"Railway Board modifies Catering Policy 2017, allows DRMs to approve new catering initiatives on stations"
2052,"120 stray dogs killed by lethal injection in two Telangana villages, police book sarpanches"
2053,From luxury apartments to agricultural plots: ED attaches assets worth over Rs 21 crore in Dubai and India in Mahadev betting case
2054,Mumbai-Ahmedabad Bullet train project: Sabarmati high-speed rail multimodal hub receives IGBC Gold Rating
2055,5 more J-K govt employees sacked over ‘terror link’ claims: Who are they?
2056,We were fully prepared to launch ground ops against Pak: Army chief sheds new light on Op Sindoor
2057,Forces make contact with terrorists in Jammu’s Kathua
2058,Former V-P Jagdeep Dhankhar in stable condition at AIIMS; blood tests conducted
2059,‘Weathering global shocks’: Jaishankar lays out India’s BRICS strategy amid dual-tariff pressure from US
2060,"‘Giant killer’ and CPM veteran switches camp to Congress in Kerala, says ‘few decision makers made things difficult’"
2061,Raghav Chadha thanks Centre for removing ‘10-Minute delivery’ branding from quick-commerce apps
2062,"Alipurduar-SMVT Bengaluru Amrit Bharat Express: Train number, route, stoppages, frequency, time table"
2063,"Gold Today Rate, January 13: Check 18, 22 and 24 carat gold prices Chennai, Mumbai, Delhi, Kolkata and other cities"
2064,The economic toll of Uttarakhand’s deadly floods and avalanches
2065,"Abducted and raped, Bihar orchestra dancer rescued after calling cops with intoxicated accused’s phone"
2066,‘Extraordinary situation’: Kerala CM leads protest against ‘financial restrictions’ imposed by Centre
2067,"In Indore, deadline to supply clean water looms, toll rises"
2068,"Murder to riots, serious violent crimes in Bihar fall to lowest in over two decades"
2069,"Gor outreach: Trump-PM friendship, hotline to White House, his connect"
2070,Jal Jeevan outlay to be cut 60 per cent this year
2071,"PM Modi, Merz hold  bilateral talks: From defence to visa-free transit, India & Germany push forward"
2072,"From next year, AI translations of House proceedings, paperwork in 22 languages"
2073,"Vaping video row: There will be action against those who violate House decorum, says Om Birla"
2074,Govt’s tilt towards multi-alignment in foreign policy continuum of Nehru’s non-alignment: Manish Tewari
2075,Coal-fired power generation sees year-on-year decline for the first time in half a century
2076,J&K’s two-part Budget session begins February 2
2077,New US envoy Sergio Gor says ‘no country as essential as India’ | 5 key points
2078,"Nitish to begin his 16th yatra from January 16; to review pet govt projects, hold public meetings"
2079,"Central Railway passenger traffic soars in FY26, revenue touches Rs 5,881 crore till December"
2080,"Ariha’s family holds on to hope, visits twice a month, as India again raises matter with Germany"
2081,"Vande Bharat Sleeper Express fare: How much it will cost from Howrah/Kamakhya to Malda, NJP"
2082,"In Bikaner, Class 12 student gang-raped inside moving car"
2083,"‘You didn’t feel bad when IIT, IIM went to Jammu’: Omar Abdullah on ‘controversy’ over NLU in Kashmir"
2084,"On SIR notice to ex-Navy chief, a clarification from poll officer"
2085,Supreme Court seeks ECI response on TMC MPs’ plea against SIR process in Bengal
2086,Ex-VP Jagdeep Dhankhar admitted to AIIMS after two bouts of unconsciousness
2087,"Rs 3,600 crore investment: What’s changing at 101 railway stations in West Bengal under Amrit Bharat Station Scheme"
2088,Om Birla does not rule out ‘exemplary punishment’ on use of e-cigarette in Lok Sabha
2089,Lower berth booking rules in Howrah-Guwahati Vande Bharat Sleeper Express: All you need to know
2090,Watch: Raghav Chadha spends day as Blinkit delivery person
2091,"Exclusive: In Kashmir, police seek granular info on mosques – and who runs them"
2092,"‘Real friends can disagree, but always resolve differences’: Sergio Gor takes charge as US Ambassador to India, says next call on trade deal tomorrow"
2093,"Dibrugarh-Gomti Nagar (Lucknow) Amrit Bharat Express: Train number, route, stoppages, frequency, time table"
2094,Planning a trip on Howrah-Guwahati Vande Bharat Sleeper train? Here’s how much luggage you can carry
2095,"Gold Today Rate, January 12: Check 18, 22 and 24 carat gold prices Chennai, Mumbai, Delhi, Kolkata and other cities"
2096,Veteran Left leader Samir Putatundu dies following prolonged illness
2097,"Top News Headlines of January 12, 2026 | Trump to meet Venezuela’s opposition leader Machado on Thursday, says White House official"
2098,Swami Vivekananda inspired youth to contribute to nation-building: President Murmu
2099,"Setback for ISRO: PSLV mission fails again, deviates from path"
2100,"Communal tension grips Assam’s Kokrajhar over rape case, accused shot at ‘while trying to flee custody’"
2101,‘Had disagreements… but never left’: New AAP Goa chief after party picks founding member as state chief amid turmoil
2102,"Former Navy Chief asked to submit more documents for SIR: ‘Wife and I asked to appear on different dates, 18 km away’"
2103,"Bank Holiday Today: Are banks open or closed on Monday, January 12? Check city-wise operational status"
2104,ED moves SC for CBI probe into Mamata’s ‘interference’ during raids on I-PAC office
2105,PM Modi: India moving ahead with certainty amid global turmoil
2106,Exclusive: Plans for four agile Army battle groups in the east gather pace
2107,Stalin urges Centre to consult states on caste enumeration in upcoming census
2108,"Defence to skill, slew of pacts on table as Merz and Modi meet today"
2109,Army opens fire at ‘Pakistani drone’ hovering along LoC in Nowshera
2110,India proposes forcing smartphone makers to give source code in security overhaul
2111,"Amid Bar association boycott, CJI lays foundation stone for ‘integrated judicial complex’ in North Guwahati"
2112,Howrah to Guwahati: Here’s how India’s 1st Vande Bharat sleeper train could transform travel experience
2113,‘We have to avenge our history’: NSA Ajit Doval urges youth to make India great in every aspect
2114,"Amid Trump tariff worries, a Tamil Nadu caution: 30 lakh jobs at risk"
2115,"New Jalpaiguri-Tiruchirappalli Amrit Bharat Express: Train number, route, stoppages, frequency, time table"
2116,Missing letter leads to headmistress’s suspension after exam question ‘hurts religious sentiment’ in Chhattisgarh
2117,"Indian Railways reservation: From Jan 12, Aadhaar-authenticated IRCTC users can book train tickets till midnight"
2118,Manipur fuel stations shut down indefinitely after bomb attack in Bishnupur
2119,I-PAC raids LIVE updates: TMC turns ED raids into battle cry as Mamata launches new election anthem for 2026
2120,Kerala MLA Rahul Mamkootathil arrested in third rape case against him
2121,PM Modi leads Shaurya Yatra with 108 horses in Gujarat’s Somnath | Watch
2122,"Top News Headlines of January 11, 2026 | Britain is in talks with NATO to counter Russia and China in the Arctic"
2123,‘Never discussed religion in class’: Dreams paused as MBBS course spiked at J&K’s Vaishno Devi medical college
2124,"Row over searches on  I-PAC: ED to move SC, Bengal govt files caveat"
2125,"India looks at ‘graded’ opening of economy to China, easing curbs"
2126,"Exclusive: German Chancellor Merz arrives tomorrow, ‘first bilateral outside NATO, EU space’"
2127,21 officers awarded for ‘child-friendly policing’ in Assam
2128,"Madhya Pradesh will overhaul water monitoring with robotics, GIS mapping after Indore deaths"
2129,A Garo youth’s death sparks tensions in Meghalaya. Peace meetings and appeals follow
2130,4 states have gig worker laws. But have they really helped?
2131,"Hours after announcement of CBI probe, FIR against ‘VIP’ in Ankita Bhandari murder case"
2132,‘In his personal capacity’ – JD-U distances itself from KC Tyagi’s call for Bharat Ratna for Nitish Kumar
2133,Infant’s thumb severed as nurse tries removing cannula at MP’s largest state hospital
2134,"In Sabarimala priest’s arrest, BJP sees an opening to take on the Left"
2135,"Taliban diplomat takes charge, assures Indian staffers they can stay on"
2136,From pigeons to pistols: What security forces intercepted along the Jammu border ahead of Republic Day
2137,"Alipurduar-Panvel Amrit Bharat Express: Train number, route, stoppages, frequency, time table"
2138,"Once a hub of scholars, Bihar’s Maithili Academy now stares at shutdown"
2139,"On Malayalam Language Bill, it’s Siddaramaiah vs Pinarayi"
2140,Small aircraft crashes while landing at Rourkela; 6 injured
2141,"Sealdah-Banaras Amrit Bharat Express: Train number, route, stoppages, frequency, time table"
2142,"Vande Bharat Sleeper to Amrit Bharat Express: Poll-bound West Bengal, Assam to get 11 new trains – Full list, routes"
2143,‘India’s PM will always be a Hindu’: Assam CM Himanta replies to Owaisi’s ‘hijab-clad woman as PM’ remark
2144,"Howrah-Delhi (Anand Vihar Terminal) Amrit Bharat Express: Train number, route, stoppages, frequency, time table"
2145,"Abducted by armed militants in Niger, 5 Jharkhand workers released after MEA, state govt efforts over 8 months"
2146,Arms consignment dropped by drone seized near IB in J-K’s Samba
2147,VC asks writer Manoj Rupda to leave seminar at Chhattisgarh varsity; later says outrage ‘blown out of proportion’
2148,"Chhattisgarh Congress MLA arrested in cheating case, party calls it BJP ‘conspiracy’"
2149,Manipur violence: The first of cases being probed by CBI reaches trial stage
2150,VC asks writer Manoj Rupda to leave seminar at Chhattisgarh varsity; later says outrage ‘blown out of proportion’
2151,Cow products to cure cancer: MP govt spent Rs 3.5 cr on research; probe now puts scanner on where money went
2152,"Ankita Bhandari’s father says CBI probe should focus on ‘VIP angle’, go beyond what has already been revealed"
2153,Exclusive: Hiccup in Beatles Ashram revamp plan prompts sharp response from Uttarakhand govt
2154,Ex-Navy officer arrested again in Qatar: MEA
2155,Creator’s Corner on DD News to air content by digital influencers
2156,"Critical deals in Operation Sindoor year, Defence spending hits six-year high"
2157,We stand for multilateralism: India after US exit from 66 organisations
2158,Concerned over Minneapolis shooting: India
2159,"Political vendetta to tarnish Lalu, says RJD; CBI has enough evidence: NDA in land-for-jobs case"
2160,"‘Conspiracy to delete large number of voters’: Assam Opposition steps up ‘vote chori’ claims against BJP, approaches police, ECI"
2161,"Budget Session 2026 to commence on January 28, to continue till April 2"
2162,"Pressure mounting, Uttarakhand CM recommends CBI probe into Ankita Bhandari murder"
2163,"Birthday party turns fatal; ex-Madhya Pradesh minister’s daughter, Congress leader’s son killed in accident"
2164,Amit Shah inaugurates National IED data management system
2165,"Prejudiced, focus on your responsibilities: India hits back at Mamdani letter to Umar"
2166,"Deal stalled as Modi didn’t call: Lutnick; inaccurate, says Govt"
2167,"Howrah-Guwahati (Kamakhya) Vande Bharat Sleeper: Train number, stoppages, frequency, time table, ticket price"
2168,"Twist in Sabarimala gold theft scandal: Chief priest, key figure at temple, arrested"
2169,"Telangana rights panel slams ‘medical negligence’, recommends Rs 8 lakh additional compensation, job for family after botched surgery death"
2170,"‘Why are you so worried, Mamata ji?’: BJP raps West Bengal CM for ‘snatching files’ during ED raid at I-PAC chief Pratik Jain’s Kolkata house"
2171,"Man lynched over cattle theft suspicion, kin say targeted for his faith"
2172,India’s 1st Vande Bharat Sleeper train to run at speeds up to 130 kmph on Howrah-Guwahati route
2173,"Here’s how Southern Railway’s coaching terminal expansion will help to run more trains from Chennai, Coimbatore & Ernakulam"
2174,"Jana Nayagan release remains in limbo: High Court clears Vijay’s film, but CBFC rushes to appeal"
2175,Panchkula residents challenge Haryana’s ‘unjustified’ fixed power tariffs before regulatory commission
2176,"Gold Today Rate, January 9: Check 18, 22 and 24 carat gold prices Chennai, Mumbai, Delhi, Kolkata and other cities"
2177,"Bribery, DA cases hit 25-year high in 2025 as corruption FIRs nearly double in Bihar"
2178,"Tug of war between Chhattisgarh BJP MP, minister goes to High Court"
2179,"I-PAC raids Highlights Bengal govt files caveat in SC, says no order should be passed without hearing their side"
2180,"Fresh row in Indore: Collector, mayor attend meeting in RSS office"
2181,NASA’s Crew-11 to return ahead of schedule due to medical issue with astronaut at ISS
2182,"After months of impasse, Ladakh’s high-powered committee to reconvene in ‘last part of January’"
2183,"Over 250 years old, struggling Munger gun factories get a shot in the arm"
2184,"No backbenchers, lighter schoolbags: Kerala schools will change from next academic year"
2185,‘Wonder the state of the common man’: Goa MP gets EC notice over SIR
2186,"Coal smuggling syndicate, hawala operators, and a cop close to ‘kingpin’: How ED linked them to I-PAC"
2187,‘Akin to raid on a party office’: ED action on I-PAC adds to Opposition unease
2188,"Madhav Gadgil • (1942-2026): Scientist, ‘people’s ecologist’, voice of Western Ghats, forests, rivers, communities"
2189,"Reforms by Modi govt keeping Indian economy strong, says BJP"
2190,Congress demands SC-level probe into Indore water deaths
2191,‘Security issue’: Bangladesh suspends visa services at key Indian missions
2192,Europe has most room to grow today among India’s major ties: Jaishankar in Paris
2193,Pained over ideological deviation of CPM: Kerala Left’s media face Reji Lukose joins BJP
2194,"Why ‘celebrate’ after Vaishno Devi medical college’s MBBS course spiked, who is responsible for deficiencies: Omar Abdullah"
2195,"How AI is making its case in courts, trimming trials and errors"
2196,"ASI’s sole mandate ends, conservation of protected monuments opens up to private agencies in 2 weeks"
2197,"I-PAC raids ‘met with resistance’ from Mamata, ED set to knock on High Court doors, top officers say"
2198,Cold conditions intensify in Kashmir; fringes of several water bodies freeze
2199,"Indian Railways eyes production of 4,802 LHB coaches in FY27"
2200,"Security stepped up after bomb threats to Odisha courts, police chief says ‘closely monitoring’ situation"
2201,India’s first Hydrogen train trial run begins; passenger services expected this year
2202,"For Kerala, Madhav Gadgil’s voice was ‘nature’s conscience’, echoing through a decade of natural disasters"
2203,"Top News Headlines of January 8, 2026 | Russian shadow fleet oil tanker damaged in drone attack off Turkey coast"
2204,"Rajasthan ACB ‘exposes’ Rs 2000 crore mid-day meal scam, 21 booked"
2205,"Gold Today Rate, January 8: Check 18, 22 and 24 carat gold prices Chennai, Mumbai, Delhi, Kolkata and other cities"
2206,"Scientist, author, and foremost voice of ecological conscience: Madhav Gadgil proposed a roadmap for Western Ghats conservation"
2207,Trump greenlights Bill proposing 500% tariff over Russia oil trade
2208,‘Darkest day of my life’: Vedanta chairman Anil Agarwal mourns death of son Agnivesh
2209,"US withdraws from UN climate agreement, many other climate organisations"
2210,"Madhav Gadgil, ecologist who championed conservation of fragile Western Ghats, passes away"
2211,Red faces in Bihar Congress as leaders come to blows during meeting to review election drubbing
2212,"Cop alleges assault, MLA pressure over ‘illegal’ mining; suspended for ‘misconduct’"
2213,"Over a lakh enumerators, 15,000 supervisors: How Odisha is gearing up for Census"
2214,Bar association says it will skip stone-laying ceremony of Gauhati High Court complex
2215,"‘Communalisation of education’: From Kashmir, a sharp response to Vaishno Devi medical college row"
2216,Madhya Pradesh says 8 died of Indore water contamination. But records show 18 families compensated
2217,"Vaishno Devi medical college tried to expand student pool thrice, was rejected each time"
2218,‘No due process’: Vaishno Devi medical college got nod 4 months before NMC withdrew permission
2219,"Disquiet on Trump’s PM remark, but Delhi chooses not to react"
2220,"Netanyahu dials PM Modi, briefs him on Gaza plan"
2221,Siddaramaiah is Karnataka’s longest-serving CM: ‘Don’t know how long I will stay’
2222,"Expert on loss and damage, activist Harjeet Singh raided by ED is prominent voice of climate NGOs"
2223,"Roads have to be clear of dogs, no need to have them running around, causing accidents: SC"
2224,"AI in polls, electoral roll purity on table at EC international conference"
2225,"Chorus on Vaishno Devi medical college after MBBS course is spiked: Farce by NMC, influenced by politics, predetermined"
2226,From rescue to ‘attempted murder’: How a Kerala man’s attempt to ‘win back girlfriend’ backfired
2227,PM Modi speaks with ‘friend’ Benjamin Netanyahu on Israeli New Year: Here’s what they discussed
2228,"As Chhattisgarh sees 26 more Maoist surrenders, police say insurgents ‘nearly pushed out’ of Sukma"
2229,"Multiple complaints, surprise inspection: National Medical Commission withdraws MBBS nod to Vaishno Devi medical college amid row over admission to Muslims"
2230,"What Jaishankar said on India’s partnership with Luxembourg, neighbourhood policy, and equation with Pakistan"
2231,‘Habitual RTI applicant took bribes from officials to withdraw applications’: Odisha Information Commission approaches police
2232,"‘Enough is enough’ echoes in Panaji as prominent Goans gather in major push to protect state’s hills, lakes, identity"
2233,Congress’s latest ‘vote chori’ claim: ‘Temporary voters’ in Assam
2234,"State response on Indore water deaths insensitive, High Court says"
2235,"For Bihar’s ‘Virat Ramayana Temple’, a virat Shiva Lingam makes a Virat journey"
2236,Climate activist in ED probe arrested under UP excise laws
2237,"SIR 2.0 draft rolls: 13% electors deleted in nine states, three UTs"
2238,"As Operation Sindoor paused, India activated lobbyists to reach out to Trump admin"
2239,"BJP leader calls for separate Jammu state, Omar Abdullah responds: ‘You couldn’t handle Ladakh…’"
2240,"Former Union minister’s son arrested in Raipur hit-and-run, granted bail; ‘CCTV stopped working hour before incident’"
2241,"Jean Drèze says VB-G RAM G weakens employment guarantee, activists flag proposed 60-day work suspension"
2242,"After row over admitting Muslim students, protesters seek closure of Vaishno Devi medical college"
2243,The first International Spice Routes Conference in Kerala tells the story of spices through ancient trade networks and social histories
2244,Ratle Hydroelectric Power Corporation seeks extension for environmental clearance for 850 MW hydroelectric project on Chenab
2245,"‘Doesn’t it look like conspiracy to you?’: Uttarakhand CM Dhami suggests Ankita Bhandari protests meant to hinder his work, promises no one will be shielded"
2246,SIR UP Voter List 2026: What to do if your name is not there in draft voter list
2247,"BJP’s Piyush Goyal welcomes Madras HC’s Karthigai Deepam order, says it has ‘clearly shown DMK and INDI alliance are anti-Hindu’"
2248,"Cricketer Kranti Gaud’s father, suspended 13 years ago from Madhya Pradesh police, is reinstated – after CM’s nudge"
2249,Karur stampede case: CBI summons Vijay for questioning
2250,"2 cops accused of pocketing gold, silver, cash found in raid at thief’s Bihar home"
2251,"Four children sustain severe burns after fellow student throws paint thinner, lights match in Odisha school"
2252,"North, central India brace for a sharper cold wave: Temperature likely to fall 2-3°C in two days; dense fog to persist, says IMD"
2253,"Gold Today Rate, January 6: Check 18, 22 and 24 carat gold prices Chennai, Mumbai, Delhi, Kolkata and other cities"
2254,"UP SIR Draft Voter List 2026: How to check deleted names on draft voter list in Prayagraj, Lucknow, Agra on eci.gov.in? What to do if name is missing"
2255,"National Lok Adalat 2026 in Delhi: Know date, court complexes, process of settling traffic challans, and more details"
2256,"After outcry over football team, regional bias row in J-K now hits youth cricket"
2257,"UP SIR Draft Roll Highlights: Draft voter list 2026 released, nearly 3 crore names deleted"
2258,"100 days of Sonam Wangchuk’s detention: Wife reflects on ‘challenging time’, road ahead"
2259,‘Hidden treasure’ turns to dust: How mystery behind ‘ancient pot’ dug up in Rajasthan village unravelled
2260,Demand for ban on non-Hindus in Kumbh areas gets Uttarakhand CM’s attention: ‘Will hold discussions’
2261,"‘VIP’ allegations in Ankita Bhandari murder: BJP’s Dushyant Gautam files defamation case against ex-MLA’s wife, Congress"
2262,Omar Abdullah at Express Adda: ‘I find it difficult to use Union Territory and Jammu & Kashmir in the same sentence’
2263,"ED raids climate group, claims got foreign funds to sway govt policies"
2264,"German Chancellor Merz to visit on Jan 12-13, hold talks with PM Modi"
2265,PM Modi ‘directly monitoring 15 projects’ in J&K: Atal Dulloo
2266,"Chhattisgarh: Minor tribal girl found dead, police suspect rape, murder"
2267,"Chhattisgarh BJP MLA Renuka Singh’s son booked in hit-and-run, biker critical"
2268,Marine resources not the property of any one country: Rajnath Singh in Goa
2269,‘Was assured I would be made mayor’: BJP’s Thiruvananthapuram councillor Sreelekha
2270,Panic among parents as jaundice outbreak at Odisha school leaves over 30 students ill
2271,Indian Railways utilises over 80% of FY26 capex in first 9 months
2272,"‘Decisions flowing only from top…’: Citing self-respect, former AAP Goa chief Amit Palekar quits party"
2273,"Pongal special trains 2026: Full list, route, time table, stoppages"
2274,"Fire at ONGC well in Andhra Pradesh after gas leak, 2 villages evacuated"
2275,‘Very unfortunate’: Umar Khalid’s father after SC rejects bail plea in 2020 Delhi riots cases
2276,Passengers on Howrah-Guwahati Vande Bharat Sleeper to get high-quality mill-made linen items
2277,"‘Modi knew I was unhappy,’ says Donald Trump as India cuts Russian oil imports; Senator says tariffs forced Delhi’s hand"
2278,"Republic Day 2026: How to book tickets of 26 January parade online; check steps, ticket prices, entry rules and other key details"
2279,How many trains run every day from New Delhi railway station?
2280,2 injured in blasts in Manipur’s Bishnupur Imphal
2281,"Republic Day Parade 2026 Tickets: How to book online, ticket prices, offline counters and more details"
2282,Ujjain SDM who called Kailash Vijayvargiya’s ‘ghanta’ comment ‘authoritarian behaviour’ suspended
2283,"Gold Today Rate, January 5: Check 18, 22 and 24 carat gold prices Chennai, Mumbai, Delhi, Kolkata and other cities"
2284,PM Modi hails Somnath Temple as symbol of India’s indomitable spirit
2285,Defence Minister Rajnath Singh commissions Indian Coast Guard ship Samudra Pratap in Goa. All you need to know
2286,IMD predicts dense fog in parts of North India over next two days
2287,"Somnath Swabhiman Parv – 1,000 years of unbroken faith (1026-2026)"
2288,Assam Earthquake: Assam hit by 5.1 magnitude earthquake; no casualty reported
2289,"A midnight call only clue for one family, kin of others deported in Assam grope in dark"
2290,"Rahul Gandhi’s social justice politics has no meaning without Pasmanda Muslims, Bihar Congress leader says"
2291,"Indore crisis: Doctors recall peculiar cases, families say they barely had time to respond"
2292,"Before water contamination deaths, journey to top: How Indore swept Swachh rankings year after year"
2293,"US tariff high, India’s seafood exports to other nations up 16%"
2294,"Opposition condemns US’s Venezuela operation: Congress expresses ‘grave concern’, Left calls for nationwide protests"
2295,India has surpassed China to become the world’s largest rice producer: Shivraj Singh Chouhan
2296,‘We’ll continue until Ankita gets justice’: Protests rage across Uttarakhand demanding CBI probe in 2022 murder
2297,Painting withdrawn from Kochi-Muziris Biennale amid objections
2298,"Expired lease, suspended blasting clearance: Odisha quarry where cave-in killed workers was operating ‘illegally’"
2299,Indian Railways reservation: IRCTC extends ticket booking time for Aadhaar-authenticated users from Jan 5
2300,Man who posed as IAS officer for 7 years despite failing UPSC exams arrested in Jharkhand: police
2301,Jammu and Kashmir Assembly’s budget session to begin on February 2
2302,Howrah-Guwahati Vande Bharat Sleeper train to cut travel time by 3 hours
2303,"India walks tightrope on US actions in Venezuela: ‘Deep concern,’ need for dialogue"
2304,RPF constable injured after rifle goes off ‘accidentally’ at Kathua railway station
2305,Rajnath Singh to commission ICG ship Samudra Pratap in Goa on Jan 5 Panaji
2306,"2 bodies recovered, search on for more after explosion at Odisha quarry leads to cave-in"
2307,"Top News Headlines of January 4, 2026 | Man, woman held in honey-trap robbery of Ropar businessman"
2308,"Amid final anti-insurgency push, Chhattisgarh police claim upper hand: ‘Maoism will end’"
2309,"For killing and burning Assam couple accused of ‘witchcraft’, 20 arrests as police draw hard line"
2310,What contaminated Indore’s water? Toilet still top possibility but engineers spread out to look for other culprits
2311,"In Arunachal’s white-bellied heron habitat, Kalai-II project gets nod"
2312,"No trekking, hiking in South Kashmir’s popular mountain passes. What prompted two-month ban"
2313,BJP leader ‘attacks’ on-duty woman BDO in Odisha in her office chamber
2314,Assembly gherao to panchayat outreach: Cong’s VB-G RAM G protest from Jan 10
2315,Buddha relics not mere artefacts but part of India’s revered heritage: PM Modi
2316,Two men from same village rose to top of Maoist ranks. Their careers – and fates – ended differently
2317,"After a choppy start, stitched ship INSV Kaundinya back on course"
2318,NIA takes over ricin terror plot probe from Gujarat ATS
2319,CJI to law students: ‘World will evaluate you with chambers and salaries… None of this is irrelevant; none is definite either’
2320,"India issues travel advisory for Venezuela, urges citizens to avoid non-essential travel"
2321,Congress lashes out against late-night redrawing of Barmer-Balotra district boundaries in Rajasthan
2322,Kerala legislator convicted of tampering with evidence – drug accused client’s underwear – in 1990 case
2323,"All states, including Kerala, to get Vande Bharat Sleeper trains: Ashwini Vaishnaw"
2324,In Photos | First look of Howrah-Guwahati Vande Bharat Sleeper train
2325,Six Bajrang Dal men get bail in Raipur mall vandalism case — and a ‘hero’s welcome’
2326,"Zomato CEO Deepinder Goyal defends ’10-minute delivery’, gig workers say that’s not their concern"
2327,14 Maoists killed in Sukma-Bijapur encounters as top commander surrenders
2328,Man beaten up over Bangladeshi suspicion in Bihar’s Madhubani; attempt to murder case filed
2329,"While North India battles fog and cold wave, IMD forecasts rain in South"
2330,"Police starts inquiry into J-K cricketer wearing helmet with Palestine flag, Mehbooba reacts: ‘From the river to the sea…’"
2331,Remarks on Bihar women by husband of Uttarakhand’s Women Empowerment Minister spark outrage: ‘Shameful statement’
2332,"Gobi manchurian faces heat again in Goa, banned at annual Bodgeshwar fair"
2333,"As Ankita Bhandari case gains momentum, Uttarakhand minister’s jibe – ‘Present evidence’"
2334,"In fallout of Indore water contamination crisis, senior officials face the axe"
2335,"7 of world’s rarest frogs presumed dead, study blames rise in photo tourism"
2336,"Behind Indore deaths, civic collapse, health system struggling with deluge of patients"
2337,"Mukesh Singh new DGP of Ladakh, incumbent shifted to Arunachal"
2338,"Amit Shah reviews Manipur situation with Governor, officials"
2339,‘Won’t tolerate interference in internal matter’:  BJP slams Mamdani’s note to Umar Khalid
2340,"After violence, bulldozers raze ‘illegal structures’ in Rajasthan’s Chomu"
2341,How much does a Vande Bharat Sleeper train coach cost?
2342,"In first Friday message of 2026, Mirwaiz reflects on the year that was — from Pahalgam to Red Fort blast"
2343,"Caught on camera, New Year heist in Odisha doesn’t go to plan, but miscreants still manage to flee with cash"
2344,"How Maharashtra, Karnataka, TN, UP and Telangana lost over Rs 10,000 cr to cheating in 2025"
2345,"Centre cracks down on Elon Musk’s X over Grok AI, asks it to remove ‘obscene and sexually explicit content’"
2346,"To mask wife’s murder, man kills dog, buries it in same location"
2347,‘If there is no good neighbourliness…’: Jaishankar reiterates ‘right to defend our people’ in warning to Pakistan
2348,‘He said he’d like to share a letter’: When Zohran Mamdani penned a note to Umar Khalid
2349,Chhattisgarh HC grants bail to Baghel’s son in liquor ‘scam’
2350,Delhi AQI: GRAP 3 revoked as air quality improves. What changes and what restrictions stay
2351,Justice Mahesh Sharadchandra Sonak is Jharkhand HC’s next chief justice
2352,Odisha’s plan to resolve Malkangiri dispute between the tribals and the Bengali settlers
2353,"Mystery over husband’s death in Israel unsolved, Kerala woman dies by suicide"
2354,Bihar ministers’ assets: EBC welfare minister richest; deputy CMs wealthier than Nitish
2355,Railways to run bullet trains every 15-20 minutes during peak hours under initial plan
2356,"Indore water deaths: Rahul Gandhi targets BJP’s double-engine govt, says ‘poor die, Modi remains silent’"
2357,"‘Uphold the beauty of Indore’: After deaths due to contamination, High Court orders immediate supply of clean drinking water"
2358,"Trains at a Glance 2026 released: Railways speeds up 549 trains, adds 122 new services"
2359,"Video of woman constable being stripped during violent Chhattisgarh anti-mining protest sparks outrage, 2 arrested"
2360,January 2026 Bank Calendar: A complete city-wise list of bank holidays across India
2361,Mumbai-Ahmedabad bullet train project update: Maharashtra’s 1st mountain tunnel breakthrough achieved in Palghar
2362,"Gold Today Rate, January 2: Check 18, 22 and 24 carat gold prices Chennai, Mumbai, Delhi, Kolkata and other cities"
2363,Indore water deaths: India’s cleanest city faces deadly water crisis as sewage mix kills 10. All you need to know
2364,"Delhi, North India temperature may drop to 6 degrees Celsius, forecasts IMD"
2365,"Barefoot beginnings, national dreams: How tribal girl from Jharkhand became U-17 Indian football’s ‘Goal Machine’"
2366,‘Distorted depiction of The Last Supper’: Christian groups object to painting at Kochi-Muziris Biennale
2367,How security forces are equipping residents of remote villages with skills to defend themselves against terror
2368,"Candlelight vigils and a looming protest: 3 years on, Ankita Bhandari murder case continues to put heat on Uttarakhand govt"
2369,Bank Holiday Today: Are banks open or closed for New Year Celebration (January 2)? City-wise list below
2370,"‘Acid’, ‘dirty water’, ‘foul stench’: Before Indore deaths, complaints fell on deaf ears; bureaucracy kept pipes from getting fixed"
2371,"Before SC call for ‘experts’, a panel sought more studies for method to define Aravallis"
2372,PM Modi to launch first Vande Bharat sleeper this month
2373,"Amid protests over alleged financial irregularities, Tezpur University V-C sent on leave, probe panel set up"
2374,"After missing multiple deadlines, Gaganyaan’s first uncrewed mission likely to lift-off by March"
2375,Cricketer ‘wearing helmet with Palestine flag’ called for police questioning in Jammu
2376,New Chief Secy gets 15-point to-do list from Odisha CM
2377,People of Kerala ‘ready for new dawn’: PM Modi in letter to first BJP mayor of Thiruvananthapuram
2378,Prolonged fog and dry spell leaves December 5th driest over India : IMD
2379,Assam will push people back into Bangladesh within a week of being declared foreigner: CM
2380,"‘The administration killed them’: Six-month-old, whose parents waited decade for a boy, among 8 dead from contaminated water in Indore"
2381,10-minute newspaper reading now a must in all Rajasthan govt schools
2382,"Vande Bharat Sleeper trains to cover 1,000–1,500 km routes; 12 trains set for launch in 2026"
2383,"Cash for UG, PG students, Bihu gift for women: Before Assam polls, it’s raining sops"
2384,"India’s first bullet train to be ready by August 15, 2027 – All you need to know"
2385,"Howrah-Guwahati Vande Bharat Sleeper train: Check launch date, route, stoppages, ticket price, food menu"
2386,Attacks on Kashmir shawl sellers: Farooq Abdullah says ‘some people want to introduce Hitler’s system’
2387,SIT’s big revelation in Sabarimala scandal: Gold missing from more temple artefacts
2388,"India’s first Vande Bharat sleeper class train will run on Guwahati-Kolkata route, to be launched by PM Modi"
2389,"Maoist wanted in murder, extortion cases since 1999 killed in Bihar gunfight"
2390,"Top News Headlines of January 1, 2026 | PMC polls: Mohol takes on Ajit Pawar for fielding candidates with ‘criminal background’"
2391,"India Weather Today: Dense fog envelops Delhi skies, flight ops impacted amid low visibility in parts of India"
2392,‘Praying for peace and happiness in our society’: PM Modi extends New Year greetings
2393,Why did Goa name its new district Kushavati?
2394,CPI snub to Vijayan over Natesan: ‘LDF should not become Vellappally’
2395,"2025 broke Kashmir’s fragile calm, exposed new security threats"
2396,‘Such incidents vitiate moral fabric of our nation’: Goa Archbishop on Christmas attacks
2397,"Land records system, meant to bring transparency in J&K, offline since Operation Sindoor"
2398,"Goa club fire: Probe report is out, exposing series of missteps and collusion"
2399,A New Year postcard from the Raipur mall vandalised by Bajrang Dal men
2400,"7 dead, over 100 hospitalised as sewage mixes with drinking water in Madhya Pradesh; inquiry exposes killer lapses by authorities"
2401,"J&K court acquits three in terror case, points to ‘shortcomings’ in prosecution evidence"
2402,New year of hope for disabled military cadets: A new health cover that cuts costs
2403,Class 11 student dies during sports meet in Odisha school
2404,Nitin Nabin appointment as BJP chief likely to be formalised by mid-January
2405,"From PAN card-Aadhaar linking to 8th Pay Commission: New rule changes from January 1, 2026 in financial sector"
2406,"Khaleda Zia funeral: Handing over letter from Modi, Jaishankar meets ex-PM’s son, flags ‘partnership’"
2407,WATCH: India successfully test-fires 2 Pralay missiles off Odisha coast
2408,"Assam couple killed in suspected ‘witch-hunting’, house set ablaze"
2409,"Amid gig workers’ protest, Swiggy and Zomato reiterate ‘increased payout during festival period’"
2410,"Abhishek Banerjee raises ‘vote chori’ allegations after meeting CEC: Gyanesh Kumar ‘sent on mission to destroy ECI, country’"
2411,"Ahead of New Year’s eve, 150 kg ammonium nitrate seized from Tonk"
2412,Indore contaminated water supply: Three die of diarrhoea; MP CM announces compensation
2413,"Aadhaar PAN Link Deadline Today LIVE Updates: Steps, Penalty, Status Check on Income Tax Portal"
2414,"Silver Today Rate, December 31: Silver price today in India, Delhi, Hyderabad, Bangalore, Chennai, Mumbai and other silver rate list"
2415,"Happy New Year 2026 Celebrations Live Updates: ‘Praying for peace and happiness’, PM Modi extends wishes as India rings in New Year"
2416,"Gold Today Rate, December 31: Check 18, 22 and 24 carat gold prices Chennai, Mumbai, Delhi, Kolkata and other cities"
2417,"Rats ate 200 kg ganja, claimed police; Ranchi court acquits accused in 2022 drugs case"
2418,"‘Focus on work, not on greetings, congratulatory activities’: Odisha CM to govt officials ahead of ‘English New Year’"
2419,"Bihar ropeway collapse: Inquiry reveals ‘grave negligence’, engineers suspended, contractor to be blacklisted"
2420,"Fears of contaminated water supply in Indore area after sudden spike in gastroenteritis cases, over 30 fall ill"
2421,"Life of crime that began at 13, political foray, ‘Rs 750-crore loot’: Who was Vinay Tyagi, gangster killed in Uttarakhand police custody?"
2422,Tripura student’s killing in Dehradun a result of ‘heat-of-moment assault’: Police say not racially motivated
2423,"Stepped-up searches, ban on VPN: Ahead of New Year, how J-K is gearing up to check terror activity"
2424,Goa to get third district with headquarters at Quepem
2425,Bank Holiday Today: Are banks open or closed on New Year’s Eve (December 31)? Check city-wise operational status
2426,"Parliament Museum, stalled over content, likely to open by April—with 9 themes"
2427,"PM ‘concerned’ over targeting of Putin home, Ukraine says ‘disappointed’"
2428,"Defence Ministry signs over Rs 4,666-crore deals for procurement of combat carbines, torpedoes"
2429,"FIR against anti-drugs women’s group: Thakur slams HP govt, says action ‘shameful’"
2430,"Over a year after govt withdrew ads for 45 posts, lateral entry hiring still in limbo"
2431,"3 Kashmiris based in US, Germany booked in J-K for ‘weaponising’ social media, told to appear before Srinagar court"
2432,Indian Railways offers 3% discount on RailOne App unreserved tickets via all digital payments
2433,"Module that ‘radicalised, recruited’ people for Bangladesh-based group busted by Assam Police"
2434,"‘Maoist movement is over’: Amid spate of surrenders, Telangana DGP says ‘leaders, cadres disillusioned with armed struggle’"
2435,"How PM Modi, Pak’s Sharif and other world leaders reacted to reports of drone strike on Putin’s residence"
2436,UP SIR 2026 Voter List: How to check your name online in draft voter list? Check date and details of announcement
2437,Senior CPM leader and Kerala ex-minister Kadakampally Surendran questioned for 2 hours in Sabarimala ‘gold theft’ case
2438,‘Ensure safety of Northeast students on priority’: Rights panel issues notices to Uttarakhand govt after Tripura student’s murder
2439,Khaleda Zia’s India roots and her ties with New Delhi: A timeline
2440,"Adhir Ranjan Chowdhury meets PM Modi, flags Bengal migrants being ‘targeted’ in BJP-ruled states"
2441,"Bus falls 200 metres into gorge in Uttarakhand; 7 killed, 12 injured"
2442,"Amit Shah says Mamata govt turning Bengal into haven for infiltrators, running ‘toll syndicate’ for welfare schemes"
2443,Vandalism affecting Christmas celebrations contrary to constitutional values: Mizoram CM Lalduhoma
2444,"Silver Today Rate, December 30: Silver price today in India, Delhi, Hyderabad, Bangalore, Chennai, Mumbai and other silver rate list"
2445,PM Modi mourns Khaleda Zia’s death: ‘Hope her vision & legacy will continue to guide Indo-Bangla partnership’
2446,SC’s Aravalli stay order questions ‘structural paradox’ of 100-m rule
2447,"Gold Today Rate, December 30: Check 18, 22 and 24 carat gold prices Chennai, Mumbai, Delhi, Kolkata and other cities"
2448,"Bank Holiday Today: Are banks open or closed on Tuesday, December 30? Check city-wise operational status"
2449,"Goa club fire: Luthra brothers sent to judicial custody, will get their prescribed medicines via police, says lawyer"
2450,Jharkhand school survey to get ‘Other’ religion category after objection
2451,"Sighting of suspicious balloons on the rise in J-K, say officials after latest find of PIA-marked plane-shaped one"
2452,Future City plans gain momentum as Telangana govt creates new police commissionerate
2453,"Military hardware worth  Rs 79,000 crore gets govt nod"
2454,"After 2 groups clash in Kishtwar, district bars unregistered portals from publishing news for 2 months; man held for ‘misleading video’"
2455,"8,000 aspirants, 183 jobs and an airstrip: Inside Odisha’s Home Guard rush"
2456,"After stabbing Tripura youth in Dehradun, accused bought booze and partied, some didn’t head home for days"
2457,"Will continue fight… our life turned into a joke, says Unnao rape survivor"
2458,Nod to translocate Botswana cheetahs likely in Jan-Feb
2459,CAT’s Hyderabad bench quashes BrahMos DG Jaiteerth R Joshi’s appointment
2460,"Scrapping MGNREGA anti-rural, Congress will launch statewide protests: Sukhu"
2461,"Railways jumps into action to combat train delays due to fog, rolls out 5-step plan"
2462,Catholic priest from Kerala arrested in Canada for ‘sexual assault’
2463,‘Abysmal record’: MEA rejects Pakistan claim on Indian minorities
2464,"In brutal assault with machetes, 4 Tamil Nadu youths injure migrant from Odisha, post video on Instagram flashing victory sign"
2465,7 Bajrang Dal men who barged into Raipur mall and vandalised Christmas decorations denied bail
2466,Bihar goods train accident: Howrah-Patna-Delhi route disrupted for 2nd consecutive day – Full list of affected trains
2467,"Site of eviction drive now stage for his speech, Amit Shah’s Assam promise: Won’t spare a single infiltrator"
2468,"55 tigers dead in Madhya Pradesh in 2025, highest since Project Tiger was launched more than half century ago"
2469,Aravalli definition row: Supreme Court stays its order on ‘100-metre’ rule. All about the controversy
2470,Top 10 highest revenue generating stations of North Western Railway
2471,"He told police his nephew was missing. Then, a gruesome murder unravelled"
2472,Kuldeep Sengar’s brief relief ends as SC stays Delhi HC’s bail order in 2017 Unnao rape case: All you need to know
2473,"Silver Today Rate, December 29: Silver price today in India, Delhi, Hyderabad, Bangalore, Chennai, Mumbai and other silver rate list"
2474,Bangladesh news Highlights: Khaleda Zia passes away a day after her nomination for election was filed
2475,"Gold Today Rate, December 29: Check 18, 22 and 24 carat gold prices Chennai, Mumbai, Delhi, Kolkata and other cities"
2476,"Bharatmala project land acquisition case: ED conducts raids in Chhattisgarh’s Raipur, Mahasamund"
2477,"Musical chairs in Kerala village panchayat: When Congress, BJP joined hands to keep Left out"
2478,1 killed as Tatanagar-Ernakulam Express catches fire in Andhra Pradesh
2479,"‘We don’t want to sell our land’: Day after anti-mining stir turned violent in Chhattisgarh, a win for villagers"
2480,"Fog News Today Highlights: 118 flights cancelled, 16 diverted at Delhi airport as dense fog disrupts operations"
2481,"Rishikesh protesters block highway, ‘pelt stones’ at officials days after Supreme Court direction on forest land encroachment"
2482,States asked to share detailed records of post-Independence protests; SOP to prevent mass agitations by ‘vested interests’ in pipeline
2483,"‘A hollow victory’: For Assam’s former militants & campaigners, SC win is 24 yrs late"
2484,"‘They called him Chinese and momo, he said he’s from Tripura’: In Dehradun, racial attack snuffs out young life"
2485,NC MP among those under house arrest; bid to create chaos: Farooq Abdullah
2486,"Replicate PRAGATI in states, set up data strategy units: PM Modi"
2487,"Aravalli row simmering, Rajasthan opened ‘urban hill terrain’ to ‘low-density’ activities"
2488,‘Doesn’t reflect facts’: Dhaka on Delhi remarks over hostilities against minorities
2489,India committed to zero tolerance towards terrorism in all its forms: Union Home Secretary
2490,"Congress will fight 100 of 126 Assam seats, Gaurav Gogoi vows law against ‘spreading religions hate’ if they win"
2491,Two Maoists with collective bounty of Rs 6 lakh among three surrendered before Bihar Police
2492,College student dies by suicide in Jaipur after getting ‘caught cheating’ in exam
2493,"‘Bulldozer Raj’: CPI(M) MLA, BJP councillor spar over office space in Thiruvananthapuram"
2494,"‘Nothing will happen’: Police probe rape complaint against Madhya Pradesh BJP councillor’s husband, and a viral video"
2495,PAN-Aadhaar link status: Step-by-step guide to check online
2496,"World looks at India with great hope due to youth power, says PM Modi in 2025’s final Mann ki Baat"
2497,Droupadi Murmu becomes second Indian President to undertake submarine sortie
2498,Indian Railways ticket booking: Train reservation time changes for Aadhaar-authenticated IRCTC users from Dec 29
2499,"Student stir looming, spate of house detentions in Kashmir — from NC’s Ruhullah to PDP’s Para"
2500,"Train accident in Bihar: Railways cancels/diverts several trains; probe underway, says official"
2501,Jewellery inventory of Puri temple’s Ratna Bhandar likely before next Rath Yatra
2502,"Mining project becomes site of violent protest in Chhattisgarh; cops injured, vehicles torched"
2503,"Exclusive: Goa club fire probe puts bulk of blame on panchayat, some scrutiny on govt departments"
2504,"Two weeks before Supreme Court accepted 100-m Aravalli norm, its panel cautioned on mining leases"
2505,Gangster shot at in snarl while being taken to court in Uttarakhand dies
2506,"Centre deliberates on suggestions by states, UTs on PM-POSHAN"
2507,"Unnao rape victim files complaint with CBI, says case IO ‘colluding’ with Sengar"
2508,Assam SIR 2026 Voter List: How to check your name online in SIR 2026 Voter List
2509,"Car stunt on snow-laden Mughal Road, all for a reel, traffic cop suspended in Poonch"
2510,Dipu Das condition in Bangladesh today will be what Assamese face 20 years later: Himanta frames 2026 Assam polls as ‘civilisational fight’
2511,Shashi Tharoor writes to Railway Minister over omission of Thiruvananthapuram from vision 2030 upgrades
2512,Gangster being taken to court shot dead after police vehicle gets stuck in traffic jam
2513,"Exclusive: In Jammu, protest seeking ouster of Kashmiri Muslim students from J&K medical college"
2514,New Delhi railway station redevelopment: Two new buildings planned to serve 7 lakh passengers daily
2515,Indian Railways ridership 2025: Over 693 crore passengers travelled by train till November
2516,"Assam draft voter roll flags over 10 lakh names for deletion, correction after door-to-door survey"
2517,"Congress to launch ‘MGNREGA Bachao’ protest on Jan 5, demand repeal of VB-G RAM G Act: Kharge"
2518,Tejas vs Shatabdi vs Vande Bharat vs Gatimaan: Which premium train is cheapest in India?
2519,"Winter tightens grip across India, IMD warns of dense fog, cold wave and snowfall till January 1"
2520,"Days before inauguration, ropeway to Bihar’s Rohtasgarh Fort collapses during trial run"
2521,Congress chief Kharge slams attacks on Hindus in Bangladesh at CWC meet
2522,SIR hearing in Bengal today. You will need these documents to update your details in 2026 electoral roll
2523,Deadly violence in Karbi Anglong prompts Himanta intervention: Licences of commercial establishments on contentious land to be cancelled
2524,Ankita Bhandari case resurfaces: State BJP in-charge reacts after his name is dragged into row
2525,CJI calls Goa fire deaths ‘tragedy for the entire nation’
2526,"‘Mujhe nahi jamega, bohot dur hai’: A migrant’s dream snuffed out by a lynching in Kerala"
2527,"MBA student from Tripura dies after ‘racial’ attack in Dehradun, police add murder charge"
2528,"Pradhan Mantri Rashtriya Bal Puraskar: Boy who offered tea to troops, orphan who took care of special needs child among recipients"
2529,Modi at Pradhan Mantri Rashtriya Bal Puraskar: Linguistic diversity our strength to end slave mentality
2530,‘Negligible progress’: NHAI notice to firm on ending contract for Delhi-Mumbai Expressway work
2531,"In Bengal SIR, local officials flag fear of ‘system-driven’ large-scale voter deletions; EROs being bypassed"
2532,"Delhi on Khaleda Zia’s son Rahman’s return: Polls must be free, inclusive"
2533,"Sengar order perverse: CBI challenges HC finding, moves SC in 2017 Unnao rape case"
2534,"A year on, Ruhullah warns of fresh protest over J&K reservation issue"
2535,Newly released transcripts | ‘Pak just a junta with n-weapons’: Putin told Bush in 2001
2536,Goa nightclub fire: Luthra brothers’ police custody extended
2537,Agencies around the world will study NIA’s probe into Pahalgam attack in coming days: Shah
2538,"Mirwaiz alleges ‘coercion by authorities’ over Hurriyat tag on X, says he was stopped from leading prayers"
2539,BJD will remain voice of people of Odisha for next 100 years: Naveen Patnaik
2540,"‘Groundless, irresponsible’: China denounces Pentagon report flagging Beijing interest in Arunachal Pradesh"
2541,Indian govt’s ‘fully committed’ reaction to Lalit Modi-Vijay Mallya ‘fugitives’ viral clip
2542,India flags concern to the US over cancellation of H1B visa interviews
2543,Indian Railways vision 2030: Originating train capacity to double in 48 major cities – Full list
2544,Express Interview | Uttarakhand forest minister on why this year has seen more bear attacks than ever before
2545,"Dipu Das lynching: India condemns Hindu man’s killing in Bangladesh, says ‘matter of concern’"
2546,"Defence bribery probe: CBI compiles list of tenders, projects tied to lieutenant colonel after Rs 2.26 crore recovery"
2547,Scandal rocks Kerala Congress: Councillor claims mayor post sold for ‘bags of money’
2548,Train running late today: Fog delays over 65 trains across North India – Full list
2549,"After train fare hike, Railways rationalise parking charges at New Delhi station"
2550,"No VIP darshan at Kashi Vishwanath Temple on New Year: Check ticket prices, facilities after suspension is lifted"
2551,"4 cops injured, internet suspended in Rajasthan’s Chomu after violence erupts during anti-encroachment drive"
2552,Manmohan Singh first death anniversary: Leaders cut across party lines to pay tribute to former PM
2553,"Over 7,000 illegal mining FIRs in Rajasthan in 7 years; 4,000-plus in Aravalli districts alone"
2554,"Gold Today Rate, December 26: Check 18, 22 and 24 carat gold prices Chennai, Mumbai, Delhi, Kolkata and other cities"
2555,Bangladesh Protest Live Updates: Hadi murder chargesheet expected in 10 days; Inquilab Moncha stages road blockades
2556,"After brief respite, visibility drops again due to fog across north and east; flight disruptions likely"
2557,Bank Holiday in India 2025: Banks to remain closed on December 26–27 in select cities; Check city-wise list
2558,"An old grudge, a murder plot and an ambush: Attack on Haridwar gangster sparks police suspensions"
2559,"‘AAP tried to give Goa an alternative politics but that model failed’: After Zilla Panchayat polls drubbing, party drops Amit Palekar as state chief"
2560,"Dead man made party to a petition, High Court pulls up Jammu police and admin"
2561,"In Indian Ocean region, 100 villages to be tsunami-ready"
2562,"Workers left out of Israel jobs flight take legal route: ‘Mortgaged land, jewellery’"
2563,Train travel gets costlier from today: 10 things to know about Indian Railways fare hike
2564,"Aravalli height row: Cong attacks govt over ‘new definition’, Minister says Gehlot ‘plundered’ the hills"
2565,"Amid Christmas vandalism across India, Shashi Tharoor questions silence of ‘responsible leadership’"
2566,"India entered semiconductor industry a bit late, but will soon start exporting: Amit Shah"
2567,Railways sanctions Rs 432 cr to rebuild key bridge in West Bengal; trains to run at 130 kmph speed
2568,BJP names V V Rajesh Thiruvananthapuram Mayor candidate after thumping win ends Left rule
2569,"Christmas marred by vandalism, threats across MP, Chhattisgarh, Assam and Delhi"
2570,Udaipur firm CEO among 3 arrested for alleged gangrape in moving car
2571,"Relief for passengers: Train fare hike won’t affect already booked tickets, says Indian Railways"
2572,"Train fare hike from Dec 26: Here’s how much more you will pay for Delhi–Howrah, Delhi–Mumbai travel"
2573,"Christmas Eve at Tripura’s Mariamnagar, where descendants of Portuguese soldiers settled in 16th century proudly carry their European names"
2574,"Kashmiri shawl vendor assaulted in Uttarakhand’s Kashipur, ‘attackers’ post video online"
2575,"Paka Hanumanthu, top Maoist leader from Nalgonda, shot dead in Odisha encounter: officials"
2576,"Bajrang Dal men storm diocese school in Assam, destroy Christmas decorations inside"
2577,"Top Maoist leader Ganesh, who carried Rs 1 crore bounty and was among few remaining Naxals from Telugu states, killed in Odisha"
2578,"PM Modi, Prez Murmu pay floral tributes to Atal Bihari Vajpayee on 101st birth anniversary"
2579,"Over 7,000 forest boundary pillars missing in Mussoorie, Uttarakhand High Court seeks Centre’s response"
2580,‘May Jesus’ teachings strengthen harmony in society’: PM Modi attends Christmas morning service at Delhi church | Watch
2581,From confidante to conspirator: How suspicion of affair led to acid attack in Patna
2582,"In Madhya Pradesh’s Sehore, a parking row snowballs into communal violence"
2583,"Delhiites wake up to clearer skies, improved visibility on Christmas; dense fog impacts flight ops in Bengaluru"
2584,Visually impaired woman manhandled by BJP leader in Madhya Pradesh speaks out: ‘Celebrating Christmas doesn’t mean I’ve changed religion’
2585,Pinarayi says Kerala will now issue permanent nativity cards
2586,"Mob barges into Raipur mall, vandalises Christmas decorations"
2587,"Business, political rivalry behind BJP leader’s killing in Chhattisgarh"
2588,Christmas Holiday in India 2025: Are banks and the stock market open on December 25?
2589,"Nothing to show membership of IM, SIMI or plot: Court on terror suspect"
2590,"Outrage over Sengar: CBI to oppose bail, woman says ‘wanted to commit suicide’"
2591,"‘No new mine leases’: Centre asks Haryana, Rajasthan & Gujarat to follow SC order"
2592,"When Atal mulled floating own party, & Advani felt left out of nuclear test plans"
2593,Arunachal claims among Beijing’s core interests: Pentagon report
2594,"7 killed as govt bus loses control, hits 2 other vehicles in Tamil Nadu"
2595,Noida airport to be inaugurated next month: Adityanath in Assembly
2596,"2017 Unnao rape case victim meets Rahul Gandhi, seeks legal aid amid outrage over Sengar bail"
2597,Would have committed suicide had it not been for my children: Unnao rape survivor on HC verdict
2598,"FIR filed over AI video targeting Uttarakhand ex-CM Harish Rawat, BJP denies role"
2599,"Amid Aravalli protests, Centre asks states to impose ‘complete ban on new mining leases’"
2600,"At literary giant Vinod Kumar Shukla’s final farewell, Chhattisgarh CM lends a shoulder"
2601,"‘Our home burnt, we jumped into river to escape’: As anger against ‘settlers’ comes to boil, a day of arson and rioting in Karbi Anglong"
2602,"Bureaucrat who had trust of both BJD and BJP govts, Anu Garg is Odisha’s first woman chief secretary"
2603,10-year-old’s ‘rape and murder’ puts Odisha’s Bhadrak on edge
2604,"Cabinet approves 3 new corridors for Delhi Metro, including one with connectivity to India Gate"
2605,Transport official in Hyderabad arrested as ACB claims to unearth assets valued at Rs 250 crore in 12 simultaneous raids
2606,"JCO dies of bullet injury in Jammu, probe underway"
2607,North India Weather Today Live Updates: Air quality slightly improves in Delhi after weeks of toxic smog
2608,"Fresh CBI case against ED officer, brother over disproportionate assets"
2609,Jharkhand Cabinet approves PESA rules to empower Gram Sabhas
2610,"Gold Today Rate, December 24: Check 18, 22 and 24 carat gold prices Chennai, Mumbai, Delhi, Kolkata and other cities"
2611,Dense fog blankets parts of North India; at least 10 flights cancelled at Delhi Airport
2612,Bangladesh Protests Highlights | ‘I have a plan’: Khaleda’s son Tarique Rahman references Martin Luther King Jr. in address after 17-year exile
2613,BlueBird Block-2 launch: ISRO’s LMV3 rocket lifts off with heaviest-ever satellite on Indian soil | Watch
2614,18 young Odisha wrestlers spend journey to national event sitting near train toilet
2615,"In Jammu, BJP calls Bangladesh unrest, attacks on Hindus a ‘well-planned conspiracy’"
2616,"In Bihar, a crackdown on land and sand mafia"
2617,Don’t be part-time worker like Rahul Gandhi: Nitin Nabin’s message to BJP cadre in Bihar
2618,J&K High Court dismisses Mehbooba plea on transfer of undertrials: ‘Grounded in ambiguity’
2619,"Using razor, straw and phone lights, Kerala doctors attempt roadside surgery on crash victim"
2620,Forces plan to optimise unused defence land for green energy
2621,Liberian student’s’suspicious’ death under probe in Chhattisgarh capital
2622,India pledges $450-mn relief package as Jaishankar meets top Sri Lanka leaders
2623,Jnanpith Award winner Vinod Kumar Shukla dies at 88: ‘He took reality as it is and made magic’
2624,"Dense fog grips North India: Poor visibility hits rail traffic; Vande Bharat, Rajdhani among trains delayed by hours"
2625,"Rajasthan caste panchayat bars women from using smartphones, triggers protests"
2626,"Assam’s Karbi Anglong on the boil: 2 residents dead, 58 cops injured, internet snapped"
2627,Chhattisgarh SIR 2026 voter list: How to check your name online in SIR 2026 voter list draft. Step-by-step guide
2628,From ticket booking to new trains: Top 10 Indian Railways changes in 2026 you need to know
2629,"Writer Vinod Kumar Shukla, first from Chhattisgarh to win Jnanpith Award, dies at 88"
2630,"Odisha’s revised surrender policy yields results, 22 Maoists give up arms"
2631,Orphan from Nepal needed a new heart. A district hospital in Kerala came to her rescue
2632,"Chaos near Bangladesh High Commission as VHP, Bajrang Dal stage protests"
2633,"Flight Status Today (Dec 23): IndiGo, Air India Express & SpiceJet Cancelled Flights — Full City-Wise List"
2634,"Madhya Pradesh SIR 2026 Voter List: How to check your name online in SIR 2026 Voter List, step-by-step guide"
2635,Bomb threat to London-Hyderabad British Airways flight triggers safety protocols at airport
2636,Indian Railways’ first high-speed test track to be ready by March 2026; trains to be tested at 220 kmph speed
2637,Indian Railways new time table ‘Trains At A Glance 2026’ to be released soon: What to expect
2638,BJP leader inspecting road construction stabbed to death by 3 masked men in Chhattisgarh
2639,"Top News Headlines of December 23, 2025 | Jeffrey Epstein victim who voted for Donald Trump says she ‘would love’ to see him impeached"
2640,"‘No way this is acceptable’: In Rajasthan, protests mount as Aravallis face mining threat"
2641,Protesters break barricades outside Bangladesh High Commission in Delhi over violence against Hindus
2642,"ECI releases 2026 voter list for MP, Chhattisgarh, Kerala; over 95 lakh names removed | HIGHLIGHTS"
2643,"Kerala SIR 2026 Voter List: How to Check Your name online, step-by-step guide"
2644,"Fire, flight chaos and dry days: Why Goa’s Christmas-New Year rush is missing this year"
2645,"As right-wing outfits barge into 2 churches ahead of Christmas, tensions run high in Madhya Pradesh"
2646,"In Goa zila panchayat poll results, BJP sees resounding win, Congress incremental gains"
2647,"Declared foreigners 20 years ago, 2 women told to remove themselves from India"
2648,"Cases piling up, ED moves to fast-track investigations, also push for speedy trial"
2649,‘Disturbing public order’ accounts for 50% of takedown notices to X
2650,"Chaitanya, ex-CM Baghel’s son, received Rs 200–250 crore in liquor scam: police chargesheet"
2651,"UP govt had opposed key claim of Akhlaq murder accused, now cites same to withdraw case against them"
2652,"In counter move, Bangladesh puts visa operations on hold in India"
2653,"India, France sign pact to produce direct firing sight, navigation system"
2654,Jaishankar visits cyclone-hit Lanka as PM special envoy
2655,"Mining only in 0.19% of Aravalli, after detailed study: Minister"
2656,US welcomes SHANTI Bill: ‘A step towards stronger energy security ties’
2657,"Democratic system is under attack, Opposition has to counter it: Rahul Gandhi"
2658,NIA chief Sadanand Date repatriated to parent cadre Maharashtra
2659,"With technology influence on modern warfare, IITs play an important role: CDS General Anil Chauhan"
2660,"Eviction demand turns violent in Assam’s West Karbi Anglong, mob sets BJP leader’s ancestral home on fire"
2661,RBI Holiday List 2026: Banks to remain closed for 10 days in January – Check dates & city-wise closure list
2662,"SIR in his crosshairs, Udhayanidhi says BJP ally AIADMK is Amit Shah Dravida Munnetra Kazhagam"
2663,"From drugs to terrorism, everything on police radar: J&K DGP Nalin Prabhat"
2664,Govt to launch Bharat Taxi app soon – know the benefits
2665,Nadda’s big claim: Congress insiders were involved in 2013 Naxal attack that killed many party leaders
2666,"Month after Bihar landslide, Nitish calls on PM Modi, Amit Shah"
2667,"In Uttarakhand school, bear cub drags boy into jungle, 12-year-old friend comes to his rescue"
2668,Row over Nitish pulling doctor’s hijab continues to simmer – in Jharkhand more than Bihar
2669,"‘Bengal unsafe under Mamata, going down path of fundamentalism like Bangladesh,’ says BJP Minority Morcha chief"
2670,"PAN-Aadhaar link mandatory before 2026: Deadline, penalty & what happens if you miss it"
2671,"​Goa Zilla Panchayat Election Results 2025 Highlights: BJP-MGP alliance wins 30 seats; CM Pramod Sawant thanks state, party karyakartas"
2672,Focus on ‘general government’ to attract global investment: former finance commission chairman NK Singh
2673,"Railway Board approves re-routing of Kalaburagi–SMVT Bengaluru Vande Bharat train from Jan 1 – check new route, stoppages, timings, ticket price"
2674,"Engineering student dies by suicide at Chhattisgarh university, cites exam stress in note"
2675,"‘Are you a Bangladeshi’: As video of Chhattisgarh man’s lynching in Kerala comes to light, CPM govt calls it fallout of ‘Sangh’s hate politics’"
2676,"India, New Zealand announce new free trade agreement: ‘reflects a strong political will and shared ambition’"
2677,"Thar vehicles bought for Rs 7 crore, Rs 5 crore spent on customisation; Odisha govt orders special audit"
2678,Air India’s Mumbai-bound B777 plane returns to Delhi due to right engine issue
2679,"Weather Today Live Updates: Delhi air turns ‘hazardous’ with AQI at 413, dense fog disrupts traffic"
2680,"How the Left fared: Donations above Rs 20,000 double for CPI (M), triple for CPI (ML) L as compared to 2023-24"
2681,"Congress indifference to blame for plight of farmers, PM Modi says in Assam"
2682,"Jammu police made no ‘serious-minded effort’ to probe girl’s death, High Court transfers case to CBI"
2683,Viksit Bharat G RAM G Bill receives President Droupadi Murmu’s assent
2684,Collector Tina Dabi finds herself in crosshairs of college students protesting fee hike
2685,"Samajwadi Party received Rs 93.47 lakh in 2024-25, double the previous year"
2686,"Nicobar tribal concerns on NCST table again, islands council flags ‘unanswered concerns’"
2687,‘Sikh community responded with remarkable restraint’: Punjab leader Badal writes to Jaishankar after Nagar Kirtan disrupted in New Zealand
2688,"Chinese rifle telescope found near NIA office in Jammu, security on high alert"
2689,"Chillai Kalan begins with season’s first snowfall, breaking Kashmir’s long dry spell"
2690,"Facing flak, Environment Minister says no relaxation for mining in Aravallis"
2691,"Mortuary van unavailable, Adivasi family made to carry baby’s body home in vegetable bag"
2692,When a Railway Minister had to resign after hiking train fare
2693,"Terrorists’ food stop in Udhampur village triggers searches, spurs wider anti-infiltration ops"
2694,When did Indian Railways last hike passenger fares
2695,Indian visa operations suspended in Bangladesh’s Chittagong amid security concerns
2696,"Uttarakhand to set up wildlife sterilisation centres, empower rangers amid rise in animal attacks"
2697,Train fare hike from Dec 26: Rail travel gets costlier; non-AC passengers to pay Rs 10 extra for 500 km
2698,WATCH: Leh turns into a white wonderland after fresh spell of snow
2699,Court finds ‘no criminal negligence’ in Vaishno Devi landslide deaths – ‘Could not have foreseen it’
2700,"Chhattisgarh man killed in Kerala was family’s sole breadwinner, had left home for better wages"
2701,"Dense fog, cold wave conditions continue to prevail over parts of North India; flight ops impacted"
2702,"Odisha woman alleges police brutality, moves rights panel; cops say charges motivated"
2703,Bhopal enters India’s metro map: Commercial operations on city’s Orange Line priority corridor to begin today
2704,‘Living with two life-threatening diseases’: Five children at the centre of MP district’s lapses
2705,"Site of NREGS launch, ‘transformed’ Andhra village has few fears on changes in scheme"
2706,Ex-Agniveer quota for BSF constable post now 50%
2707,N-Bill ‘bulldozed’ to help Modi restore ‘SHANTI’ with ‘once good friend’: Congress
2708,"In Capital, a debate on God spotlights importance of conversation, disagreements"
2709,Lieutenant Colonel among 2 held in bribery case
2710,"35 students injured as school bus, returning from picnic, overturns in Jammu"
2711,"Claims linking eggs to cancer risk misleading, scientifically unsupported: FSSAI"
2712,"Wildlife board panel clears infra, mining project in MP’s tiger habitats; ropeway in Rajaji reserve"
2713,ISRO conducts fresh tests to check parachute systems to bring back Gaganyaan astronauts
2714,Bihar doctor whose hijab CM Nitish Kumar pulled down fails to join duty
2715,"From International Border to LoC, sweep begins to check infiltration from Pakistan"
2716,Maharashtra local body election results: Where and how to track counting and live updates
2717,"‘When Gopinath Bordoloi stood against Congress…’: In Assam, Modi picks a chapter from history"
2718,Army personnel held for ‘raping woman inside train’ in Jharkhand
2719,Doctor whose naqab was removed by Nitish Kumar yet to join duty: Official
2720,‘No conclusive data linking higher AQI to lung diseases’: Govt
2721,"How many Vande Bharat, Amrit Bharat trains are in Railways’ fleet? check full list"
2722,"SIR of electoral rolls: How to check your name in Kerala, MP, Chhattisgarh, Andamans"
2723,Goa club blaze: Police start process to issue Blue Corner Notice against UK national who owns property
2724,"Rajdhani Express derails in Assam: Railways cancels, regulates, short-terminates 25 trains today – full list"
2725,"4 BJP supporters, on their way to PM Modi’s rally in West Bengal’s Nadia, die after being hit by train"
2726,Air India Express pilot allegedly assaults passenger at Delhi T1; Aviation Ministry asks airline to ground Captain immediately
2727,"Sreenivasan, master of satire who made Malayalam moviegoers laugh and reflect, leaves behind a legacy for generations"
2728,"Cold wave in north India: 129 flights cancelled at Delhi airport, thick smog blankets Delhi-NCR"
2729,"Dense fog, cold wave conditions persist in parts of North India; Srinagar shivers at 0.4 degrees ahead of Chill-e-Kalan"
2730,"8,000 applicants for 187 home guard posts, exam held on airstrip in Odisha"
2731,India Weather: At least 129 flights cancelled at Delhi airport as visibility plunges across north India
2732,"Assam train accident: 7 elephants killed, Rajdhani Express derails in collision in Assam’s Hojai district"
2733,Ratle project row: J&K Dy CM asks BJP leader to name ‘the big name’ involved
2734,Curious case of a black trolley bag that broke open Meghalaya honeymoon murder case
2735,"15 men and women hours from being sent to Bangladesh, families in Assam get the news – from the news"
2736,"Accused of ‘religious fanaticism’ and suspended, Indore law college ex-principal exonerated after 3 years"
2737,"Rijiju: Opposition stalled debate on air pollution, we were ready for it"
2738,"Winter Session ends: LS sees 111% productivity, RS 121%"
2739,"11111111111 as account number, shut centres, same photos: CAG on gaps in Pradhan Mantri Kaushal Vikas Yojana scheme"
2740,‘I felt Hindi would touch people’s hearts… this is an anti-elite era’: Zakir Khan at Adda
2741,"Curlies, popular beachfront eatery in Goa, sealed"
2742,PM Modi inaugurates India’s first nature-themed airport terminal at Guwahati: Check details
2743,Tamil Nadu youth dies in Cambodia after alleged captivity by cyber fraud network
2744,"Rajasthan HC sets roadmap for future student polls, refrains from ruling on this year’s polls"
2745,"A market, a meeting and a failed ‘murder’ plot — a Chhattisgarh Deputy SP’s narrow escape in Dantewada"
2746,"SIR done, over 97 lakh names dropped from Tamil Nadu’s draft electoral rolls"
2747,Exclusive: What the probe into Madhya Pradesh HIV-thalassemia scandal has found so far
2748,"ED attaches assets worth Rs 7.93 cr of Yuvraj Singh, Sonu Sood, others in betting case"
2749,"Voices against Nitish Kumar grow louder in Kashmir: Hijab row finds mention in Mirwaiz sermon, Iltija complaint"
2750,"ED attaches assets of Yuvraj Singh, Sonu Sood, Urvashi Rautela, others in PMLA case linked to illegal betting platform"
2751,Indian Railways unreserved ticket booking online: What passengers must carry during train travel
2752,Singapore Police finds ‘no foul play’ in Zubeen Garg death case
2753,"Tamil Nadu Draft Voter List 2025: Step-by-step guide to check your name online, file objections till January 18"
2754,Received SMS from Income Tax department? Here’s what it means and what taxpayers should do
2755,Congress on Winter session: ‘PM Modi’s strategy was to insult the 3 people who built modern India’
2756,‘I should have remained silent’: Malayalam actress who survived 2017 abduction and sexual assault
2757,‘We won’t return to relief camps’: Manipur has started resettling those displaced by violence. It’s not without challenges
2758,"‘Conduct of members unbecoming of House, hope they reflect on their behaviour’: Chairman  Radhakrishnan"
2759,"WATCH | Priyanka Gandhi, other opposition leaders join PM Modi, Om Birla over tea"
2760,Indian Railways ticket booking: Train reservation time change for Aadhaar-authenticated IRCTC users
2761,Technical snag grounds Vizag-bound Air India Express flight
2762,"Gujarat Draft Voter List 2025: How to Check Your Name Online, objections Open Till January 18"
2763,"Germans couple, in India on work visa, detained in Rajasthan over conversion claims"
2764,Madhya Pradesh suspends three health officials after children test HIV positive from blood transfusions
2765,India’s ‘100% literacy by 2030’ goal hits Bihar wall
2766,5 held for beating Chhattisgarh man to death in Kerala
2767,"Parliament Winter Session Today LIVE Updates | Rahul Gandhi says govt demolished 20 yrs of MGNREGA in one day, both houses adjourned"
2768,"Indian Railways PNR Status: Here’s what GNWL, RLWL and PQWL mean for your journey"
2769,"Communal violence flares in Bastar after dispute over burial, 20 cops injured"
2770,"Religious, regional bias in Santosh Trophy football team selection? J&K orders probe"
2771,"Ram Vanji Sutar: Statue of Unity sculptor dies at 100, leaves imprint from Gujarat to Assam"
2772,Opposition reminds govt of farm law protests: ‘People will be on streets’
2773,CWC meet on Dec 27 to chalk out nationwide stir against Bill
2774,"Parliament approves Nuclear Bill; SOP puts safety first, says MoS"
2775,FM for sending Market Code Bill to panel as Congress flags excessive powers to single body
2776,Set up unit to counter anti-India narratives: House panel to MEA
2777,"Rajnath, Dutch foreign minister meet in Delhi, hold defence talks"
2778,"After 45-year-old’s lynching in Bihar, family struggles for answers, hopes for govt help"
2779,Twist in Ratle project row: J&K Police wrote last month warning about 29 with ‘terror or criminal’ backgrounds
2780,"Bhumihar vs Bhumihar Brahmin: In Bihar, trouble brews, protest threat looms"
2781,ED searches 9 locations in UP linked to YouTuber in online betting probe
2782,Remove yourselves from India in 24 hours: Assam – relying on dormant 1950 Act – gives ultimatum to 15 people
2783,ED facilitates restitution of over Rs 311 cr for ex-Kingfisher staff
2784,"‘Every terrorist, supporter must be neutralised’: LG Sinha at J&K security meet"
2785,Newborn girl’s body found in Madhya Pradesh hospital toilet
2786,‘If Russia is an ally…’: Uttarakhand youth’s death in war plunges family into despair
2787,"Salary increase from Rs 1 lakh to Rs 3.45 lakh: In face of backlash, BJP MLAs tell Odisha govt to reconsider proposal"
2788,Indian Railways notifies 244 special train trips for Christmas–New Year rush; more to follow
2789,‘Decorum torn to shreds’: Shivraj Singh Chouhan hits out at Opposition for protest against VB-G RAM G Bill
2790,"At Erode rally, Vijay – testing his bond with the crowd – casts DMK as his principal foe"
2791,‘Bowing before Mahatma Gandhi’s feet’: Lok Sabha passes VB-G RAM G Bill to replace MGNREGA amid protests
2792,From Kanda Poha to Kosha Paneer: Railways announces food menu for 11 Vande Bharat trains
2793,"‘He was deceived and forcibly recruited’: Killed in Russia-Ukraine war, Rajasthan youth’s body returns to village"
2794,Over 500 Naxals killed in Chhattisgarh in past 2 years as Amit Shah’s March deadline nears
2795,‘Govt needs to dig deeper into funding and work’: BJP demands monitoring of NGOs and trusts in J-K
2796,"Indian Railways new chart timing: Important updates for waiting list, RAC passengers"
2797,India-Oman free trade agreement to give new confidence to bilateral relations: PM Modi in Muscat
2798,"Nitin Gadkari seeks discussion on road safety awareness in Parliament: ‘Despite all efforts, results have not been satisfactory’"
2799,"Andhra Pradesh MP highlights state’s revenue deficit, says hurdle to funding MGNREGA replacement"
2800,"Air India Express flight diverted to Kochi after landing gear snag, all 160 safe"
2801,"Trump tariffs wreaking havoc in Tamil Nadu’s textile, apparel export sectors: Stalin’s SOS to Modi"
2802,"Exclusive | Zubeen Garg was instigated to venture into sea, not enough done to save him: Police"
2803,"Months ago, 5 kids with thalassemia tested positive for HIV in Madhya Pradesh. Yet, no alarm bells rang"
2804,"For parody based on Lord Ayyappa song, Kerala police book 3, claim ‘religious belief’ insulted"
2805,"Class 9 student found dead at Odisha’s Kalinga Institute was murdered, officials attempted cover-up, police say"
2806,Uttarakhand Governor returns Bill to amend anti-conversion law
2807,Farmers hold ‘mahapanchayat’ against proposed ethanol plant in Rajasthan
2808,"As Chouhan moves rural job scheme Bill, Opp hits out at Govt: ‘Biggest crime’"
2809,"‘Dilution of right to work’: Activists, economists slam VB-G RAM G Bill"
2810,"Will keep fighting govt, law has spoken louder than noise: Congress"
2811,"PM Modi in Oman, to sign free trade agreement today"
2812,"Hasina’s son Sajeeb Wazed Joy: ‘Threat to India very real, Yunus trying to bring Islamists to power via rigged poll’"
2813,"Stand-up comic, poet, storyteller Zakir Khan is guest at Adda today"
2814,"TDP MP: Andhra revenue-deficit, need Centre’s help to roll out G RAM G"
2815,"Diversify freight basket, send more crew in DFCs: House panel to Railways"
2816,Parliament clears Bill to allow 100% FDI in insurance
2817,"House panel questions IndiGo CEO, Civil Aviation Secy, DGCA"
2818,"Backing joint polls, Gopinath, Sanyal cite boost to economy, policy continuity"
2819,Shooters wanted for Parry murder held by Delhi Police Special Cell
2820,Jean Dreze on VB-G RAM G Bill: ‘It is like providing a work guarantee without any guarantee that the guarantee is in place’
2821,"Goa court remands Luthra brothers to 5-day police custody in nightclub fire case, denies request for mattress"
2822,Telangana Speaker junks disqualification petitions against 5 BRS MLAs who ‘defected’
2823,Omar Abdullah at Express Adda Live Updates: Is ‘appropriate time for statehood’ when BJP is in power? J&K CM asks
2824,"India, Ethiopia ‘natural partners’ in regional peace, security: PM"
2825,"Pvt hospital to adopt drone-based medical, security services in state"
2826,"Telangana Panchayat Elections Results 2025 Live Updates: Counting of votes underway, over 12,600 candidates in fray"
2827,"40 days a captive, Odisha man returns from war-torn Sudan: ‘It’s a rebirth’"
2828,"External Affairs Ministry summons Bangladesh envoy, conveys ‘strong concerns’ over security situation in Dhaka"
2829,"IPS officer and inspector repatriated to Delhi Police, Manipur requests substitutes for continued supervision of violence probe"
2830,"Congress flags ‘corporate push’ and liability dilution in SHANTI Bill, seeks JPC scrutiny"
2831,"Exclusive | On Goa club fire, investigators exploring 2 theories on cause of killer blaze"
2832,‘A Kashmiri is a human being and an Indian citizen’: The 3 things National Conference MPs told Amit Shah in memorandum
2833,ED arrests former Chhattisgarh deputy secretary in the Baghel government in liquor scam
2834,"MEA summons Bangladesh envoy, flags concerns on security in Dhaka"
2835,"‘Kicked, punched in chest and stomach’: Dehradun journalist dies after assault at home, say kin; 2 arrested"
2836,"Protest by Sangh’s farmer outfit looming, Madhya Pradesh fully backtracks on land pooling scheme"
2837,"To give a push to Nitish 5.0, Bihar Cabinet nod to Saat Nischay‑3 with a focus on 1 cr jobs and employment, women entrepreneurship"
2838,Punjab Local Body Election Result 2025 LIVE Updates: AAP leads Zila Parishad results as majority of zones declared; counting continues
2839,"Parliament Winter Session Today Live Updates | Rajya Sabha passes SHANTI Bill, debates VB-G RAM G Bill"
2840,"Deported from Thailand, nightclub fire accused Luthra brothers brought to Goa from Delhi"
2841,"New rural job scheme likely rollout in April, states will get six months for implementation: Chouhan"
2842,"1.02 crore names removed, draft electoral rolls in 5 states/UTs shrink by 7.6%"
2843,"Resettlement efforts on, shots fired in Manipur district where faultlines run deep"
2844,"Vaishno Devi medical college: Protests distant noise in campus harmony of classes, bhajans"
2845,Goa police tell court: Luthra brothers had ‘ultimate control’ over happenings at nightclub
2846,LS passes Bill to raise FDI limit to 100% in insurance sector
2847,"Sonia to Centre: Double contribution for ASHA, anganwadi workers’ pay"
2848,"Nadda: SIR to purify rolls; govt using it to divide, distract and deflect, says Derek"
2849,"VB-G RAM G BILL introduced In Lo Sabha: Opp protests dropping Gandhi’s name; welfare of poor our priority, says Govt"
2850,Jammu & Kashmir CM Omar Abdullah is guest at Adda today
2851,THE SHANTI BILL: N-energy Bill rules likely to open space for foreign funding
2852,"Modi govt’s illegality exposed, says Congress after court relief"
2853,"Become partners in our growth, secure strong returns, Modi tells India-Jordan business forum"
2854,"Jaishankar: India, Israel share ‘zero tolerance policy’ against terrorism"
2855,‘Role for states’: Pradhan defends higher education regulator Bill
2856,"Goa hotel blaze: Luthra brothers deported from Thailand, being taken to Goa"
2857,"Shashi Tharoor criticises Centre’s G RAM G Bill, lists 3 key reasons"
2858,"ED to appeal order in case against Gandhis, to file fresh complaint"
2859,Four children with thalassemia test HIV-positive at Madhya Pradesh hospital; probe into blood transfusions
2860,"LS clears Bill to repeal 71 Acts; 1,562 archaic laws revoked since 2014"
2861,Sonia Gandhi asks Centre to double contribution to compensation of ASHA and Anganwadi workers: ‘They are overburdened and underpaid’
2862,Bondi beach shooters had links to Hyderabad: What we know about them so far
2863,Three Indian students among those injured in Sydney’s Bondi Beach ‘terror attack’
2864,"Blinkit agent earns Rs 763 after 15-hour duty, AAP MP Raghav Chadha flags ‘exploitation hidden behinds apps & algorithms’"
2865,Two held for gang rape of minor near popular tourist site in Odisha
2866,Indian Railways clears final location survey for 11 km new line in Rajasthan – check route
2867,Delhi HC grants early hearing in MJ Akbar’s plea against Priya Ramani’s acquittal in defamation case
2868,Agriculture Minister Shivraj Singh Chouhan introduces VB-G RAM G Bill: ‘It’s for the establishment of Ram Rajya’
2869,"As Opposition says Centre is erasing Mahatma’s name, Chouhan rejects allegations over VB-G Ram G: ‘no question of disrespect’"
2870,‘No Bill should be tabled based on someone’s obsession’: Priyanka Gandhi objects to renaming of MGNREGA
2871,Back to the roots: How ‘Desi Oon’ is reviving India’s forgotten wool
2872,Luthra brothers land at Delhi airport: What happens next?
2873,‘Congress is free to choose its own agenda’: Omar distances his party from ‘vote chori’ allegations
2874,"To keep away BJP in Kerala local bodies, CPIM says no tie-up with Congress"
2875,"After deliberation meet, CPI(M) rules out understanding with Congress"
2876,Raids underway in 7 Kashmir districts in case registered for ‘glorifying terrorism’
2877,SIR Draft Roll 2025 LIVE Updates: TMC to conduct door-to-door verification of voters in Bengal CM Mamata’s constituency
2878,"Goa fire kills 25: Nightclub owners Luthra Brothers deported from Thailand, to reach Delhi this afternoon"
2879,Omar distances NC from Congress ‘vote chori’ allegations – ‘Congress is free to choose its own agenda’
2880,A gruesome rape-murder in UP unravels a racket where young girls were trafficked as domestic helps from Jharkhand
2881,"Amicus key suggestions on disabled cadets similar to DMA’s 2022 proposal, no implementation yet"
2882,How Madhya Pradesh got ‘the last of its Maoists’: Tracking the one-year push
2883,"Exclusive: In NIA’s Pahalgam chargesheet, 2 Android phones are crucial link to Pak hand"
2884,"PM Modi, Jordan King meet: ‘Share common stance against terror’"
2885,"VB-G RAM G Bill a plot to finish rural job scheme, absolves Centre of its duties, says Opposition"
2886,"Govt changes NREG terms: States to pay, pause for farm work"
2887,"Amid Opp fire, Govt to send higher education regulator Bill to panel"
2888,"Jaishankar meets UAE leadership, in Israel today"
2889,"Rating upgrades, high growth rate show India not dead economy: Nirmala Sitharaman"
2890,SIR is ‘Selective Ideological Removal’: Opposition; Govt says it’s in  line with Ambedkar principles
2891,"Uproar in Lok Sabha over ‘anti-Modi’ slogan at rally, Rijiju demands Congress apology"
2892,Seasoned diplomat Nagesh Singh to be India’s new envoy in Australia
2893,Congress slams govt over bill replacing MGNREGA; Tharoor objects to removing Gandhi’s name
2894,"CM Nitish Kumar removes recruit’s hijab at Bihar govt event, oppn says he is ‘not in control’"
2895,"19 movies, including Russian classic and 3 by Palestinian filmmaker, denied I&B nod for Kerala film festival"
2896,"3 dead terrorists, LeT and 2 locals named in Pahalgam chargesheet that nails Pak complicity"
2897,"Centre trying to run away from its responsibility, says Kerala minister on  new rural employment Bill G Ram G"
2898,‘Visit will boost bilateral linkages’: PM Modi arrives in Jordan
2899,Luthra brothers to be brought back to Delhi from Thailand tomorrow
2900,Southern Railway mandates OTP verification for tatkal tickets on 30 trains – Full list
2901,"‘Travellers take note’: Amid high Delhi air pollution, Singapore High Commission issues advisory"
2902,Farmer outfit announces protest against Madhya Pradesh govt ‘U-turn’ on Simhastha Mela land pooling plan
2903,When will Delhi-Dehradun Expressway open? Nitin Gadkari shares update
2904,‘Had it been my minister…’: Omar speaks out about BJP MLA ‘interfering’ in hydroelectric project
2905,"Displaced by Naxal violence, thousands now seek inclusion in electoral rolls"
2906,Indian Railways hits new milestone; train reaches 150 kmph speed in Dhanbad Division
2907,‘I saw the alert and froze… I could have been in the building’: Indian students at Brown recall the terrifying moments during classroom shooting
2908,Odisha political clash: BJD workers stage protest before DGP office
2909,Former Justice Secretary Raj Kumar Goyal takes oath as Chief Information Commissioner
2910,Odisha Congress leader who suggested Priyanka Gandhi should take up leadership role expelled from party
2911,Lok Sabha passes Insurance (Amendment) Bill 2025; both Houses adjourned for the day
2912,NIA to file chargesheet today in Pahalgam terror attack case
2913,"Families of terror victims ‘found new courage’ after Article 370 abrogation, J&K LG says"
2914,"In Rajasthan, BJP and Congress investigate their legislators accused of taking bribe to release MLALAD funds"
2915,Madhya Pradesh minister’s latest: Ladli Behna beneficiaries who don’t attend CM event will be investigated
2916,"Institutions should know, respect limits: Kerala Governor, days after Supreme Court asked panel to recommend VCs"
2917,"‘A sword placed on our necks’: In Haldwani, over 50,000 people await Supreme Court ruling on encroachment allegations"
2918,Centre to introduce Bill to replace MNREGA with new job guarantee scheme
2919,Air pollution expert S N Tripathi is Explained.Live guest today
2920,"Citing ‘weather conditions’, Supreme Court asks lawyers to appear online"
2921,Karnataka’s oldest MLA and veteran Congress leader dies at 94
2922,"PM’s 3-nation tour of Jordan, Ethiopia, Oman begins today"
2923,From H-1B visa to key areas requiring attention: Dhruva Jaishankar on challenges in India-US ties
2924,"Kerala actor assault case | Days after Dileep’s acquittal, survivor speaks out: ‘My fundamental rights were not protected’"
2925,"ISRO lines up 7 launches, including uncrewed Gaganyaan mission by March 2026"
2926,"Indian Railways LHB coach production rises 18% in FY26; over 4,200 coaches built so far"
2927,"‘Hardworking karyakarta’: PM Modi, Amit Shah laud Nitin Nabin after his elevation as BJP National Working President"
2928,"After ‘rotten’ meat scandal, authorities now ban biscuit, packaged water brand in Kashmir"
2929,"‘Vote chor’ rally in Delhi: ‘All 3 Election Commissioners will have to answer people in future,’ says Priyanka Gandhi Vadra"
2930,Net zero carbon emissions target: Indian Railways electrifies 99.2% of broad gauge network
2931,"Narasapur–Chennai Vande Bharat train to start on Dec 15; check travel time, stops, timings, ticket price"
2932,"Minor boys stab man to death in East Delhi over relationship with girl, apprehended"
2933,Bharat Gaurav trains occupancy: How are trains performing? Railway Minister responds
2934,From a camp in Goalpara to Kochi Biennale: Dhiraj Rabha’s journey through art
2935,"Nationwide encroachment on Indian Railways land crosses 1,068 hectares"
2936,"In a first, Air Force Chief Amar Preet Singh flies, leads Kiran formation at combined graduation parade of newly commissioned officers"
2937,"Rs 1,000-crore cyber fraud by transnational syndicate: CBI charges 17, including 4 Chinese nationals"
2938,‘Bharat Mata ki Jai being heard where Lal Salaam used to be raised’: Amit Shah says Bastar on edge of being Maoist-free
2939,"Hydropower project stalled because of Jammu BJP MLA’s interference, construction firm’s top official says"
2940,"Navy’s stitched ship to set sail, retrace ancient sea route to Oman"
2941,"Over a year after death, beloved elephant Ramu exhumed, to be put on display in Odisha"
2942,"After tiger deaths, MP chief conservator’s warning to forest officials: ‘Negligence will be intolerable’"
2943,"Probing Goa nightclub fire, police now question 5 panchayat members"
2944,"‘Cut ear with pliers, broke hand’: Mob lynching victim succumbs to injuries in Bihar"
2945,Brinda seeks President’s intervention against move to drop charges in Akhlaq lynching case
2946,"Himachal Pradesh improves electors’ gender ratio, 60% new enrolment women"
2947,CBI opposes Rabri Devi’s plea to transfer cases from judge
2948,Police arrest YouTuber Shankar from Chennai home – with a little help from fire department
2949,"In Bihar, Samrat says will open school in Lalu’s property; RJD retort: Let government learn to run its own schools first"
2950,Retired IAF personnel arrested for ‘spying’ in Assam’s Tezpur
2951,"Railways cracks down on fake IDs: 3.03 crore accounts deactivated, 2.7 crore more under scanner"
2952,Vande Bharat train menu set for makeover; Railways to serve regional cuisine onboard
2953,Class 9 student held with pistol inside Odisha school classroom
2954,Metro rail expansion in South India: Over 250 km new lines coming up across 3 states
2955,Kerala Election Results 2025: How PM Modi reacted to BJP’s Thiruvananthapuram win; Shashi Tharoor says ‘beauty of democracy’
2956,Train to Kashmir: When will Katra-Srinagar Vande Bharat Express start from Jammu Tawi? Railway Minister answers
2957,Rameshwaram–Dhanushkodi new rail line foundation stone laid by PM Modi in 2019 – why railways yet to start the project
2958,"Congress questions India’s omission from US-led Pax Silica initiative, calls it a ‘missed opportunity’"
2959,Leaders across party lines pay tributes to martyrs on 24th anniversary of 2001 Parliament attack
2960,Kerala local body poll results: Early trends indicate Congress-led UDF surging to victory
2961,‘Miracle is the appropriate word’: Truck with 22 people fell off a cliff. One man survived
2962,"India’s new Zorawar tank ‘to boost mountain warfare’, serve as ‘force multiplier’"
2963,"Caste enumeration to be part of exercise: Govt sanctions Rs 11,718 cr for two-phase Census 2027"
2964,Kerala CM inaugurates 6th edition of Kochi-Muziris Biennale
2965,Messi-mania grips India as he embarks on GOAT tour
2966,"Kerala Local Body Election Results 2025 LIVE Updates: Congress-led UDF UDF sweeps Kerala local body polls, NDA makes history in Thiruvananthapuram"
2967,The return of Piprahwa relics | Union Culture Secretary Vivek Aggarwal: Our notice to Sotheby’s stated that Buddha’s relics can’t be treated as objects for sale
2968,"IndiGo capable… Govt to monitor them very closely, says Civil Aviation Minister Naidu"
2969,100 to 125 days: MGNREGA scheme to get name change
2970,Exclusive | Under scanner: The string of approvals that made killer Goa nightclub a reality
2971,"Granddaughter pays over Rs 40,000 for Delhi-Mumbai flight, JD(U)’s K C Tyagi moves parliamentary panel: ‘Not just for her…’"
2972,"Kerala Local Body Election Results 2025: Check results date & time, turnout and key details"
2973,Not feasible to impose blanket caps on domestic airfares: Civil Aviation Minister amid rising ticket prices
2974,"‘Entire nation stands shoulder to shoulder’: J&K L-G meets kin of Nowgam blast victims, hands over appointment letters"
2975,"Rahul Gandhi seeks discussion on air pollution, govt says ‘willing’"
2976,"Terror launchpads activated across border, security agencies step up measures; BSF foils infiltration bid"
2977,Indian Railways tatkal ticket booking: 10 reasons behind availability of more train tickets
2978,"IAS officer who remarked on bias in judiciary recruitment, Brahmin women likely to be stripped of post"
2979,"Railways to invest Rs 14,000 crore in maintenance depots for Vande Bharat trains"
2980,Arrests of Kashmiris in ‘decades-old’ cases creating anxiety: Mirwaiz urges Omar Abdullah govt to intervene
2981,"Days after Dileep acquittal in Kerala actress sexual assault case, 6 convicts get 20 years’ rigorous imprisonment"
2982,"Goa club fire: Luthra brothers likely to be brought back next week as India, Thailand wrap up formalities"
2983,"IRCTC starts trials for branded meal service on select Vande Bharat, Amrit Bharat trains"
2984,Rebuilding a lost gate: Tripura looks to restore a forgotten royal landmark
2985,States to get Jal Jeevan Mission funds only after they add all schemes on Sujal Gaon ID module: Centre
2986,"Zubeen death: SIT chargesheets seven, murder charges pressed against four"
2987,"Cold wave grips central, eastern India; dense fog likely to persist in north till Dec 16"
2988,Congress leader and former Union Home Minister Shivraj Patil passes away at 90
2989,"23 years after husband’s death, Bihar woman gets compensation after a young lawyer helps authorities track her down"
2990,"Modi-visit to Jordan, Ethiopia, Oman from Dec 15 to 18"
2991,"From key data centre to AI township, Telangana attracts Rs 5.75 lakh crore investments in global summit"
2992,Three-day dig leads 2 men to 15-carat diamond worth Rs 50 lakh: ‘We can now get our sisters married without borrowing’
2993,Special court set up in Odisha for speedy trial of cases against top Maoist leader
2994,AI or not? Audio clip shakes Jharkhand assembly session
2995,‘Punish him so other girls don’t suffer’: National Sanskrit University student in ICC complaint against professor
2996,"What’s behind stalemate at Tezpur University? Months of simmering anger, then a spark in Zubeen’s death"
2997,"Govt received 201 proposals for Railway, highway projects in ESZs"
2998,Attack on judiciary: BJP MP hits out at Opp over notice to remove HC judge
2999,"Opposition says targeted financially; BJP: Congress only won in pre-ID, CCTV era"
3000,Vande Mataram should be given same status as national anthem: Nadda
3001,"Facing 2 rape cases, Kerala MLA Rahul Mamkootathil emerges for first time in 2 weeks to vote in local polls"
3002,UNEA outcomes must remain practical and implementable for all: India at UN environment meet
3003,"Now, Congress Govt in Karnataka warns of bulldozer action in drug cases"
3004,"PM Modi to visit Jordan, Ethiopia, Oman from Dec 15 to 18"
3005,‘Maoist movement comes to complete halt in Madhya Pradesh’ with surrender of last 2 cadres
3006,Raids in Sopore as J-K Police put Geelani-founded group under lens
3007,"PM Modi speaks with Trump amid trade talks, says India-US ‘will continue to work together’"
3008,"Incense sticks, lemons, and a deadly ritual — In Chhattisgarh, a ‘wealth rite’ ends in triple murder"
3009,How many Indians rescued from overseas jobs racket? Govt responds
3010,Delhi court grants Umar Khalid 2-week interim bail to attend sister’s wedding
3011,"IndiGo announces Rs 10,000 travel vouchers for some passengers hit by flight disruptions"
3012,Arunachal border tragedy: Survivor’s alert leads to discovery of 14 bodies in accident
3013,"Goa club blaze: Romeo Lane partner was in the state, left for Delhi soon after; Luthra brothers were at a wedding"
3014,Election Commission extends SIR deadline in five states and one UT
3015,"Nearly 3,000 Indians died waiting for organs in 5 years; over 82,000 still on transplant waitlist"
3016,"Govt report scathing on its role in campus violence, VIT Bhopal responds: ‘Fake news to blame’"
3017,SIR form fill-up last date 2025: Know state-wise deadline for Special Intensive Revision of electoral rolls
3018,‘Government is working hard to manipulate AQI numbers’: Congress MP Manickam Tagore on Delhi pollution
3019,"Silver Rate Today, December 11: Check silver price today in Delhi, Hyderabad, Bangalore, Chennai, Mumbai as metal rate hits record high"
3020,‘Is there a political motive behind calling Bangla speakers infiltrators’?: TMC’s Sagarika Ghose raises plight of Bengal migrants in Parliament
3021,"Thakur accuses TMC MP of using e-cigarette, Speaker says submit complaint"
3022,Goa club owners who fled hours after deadly blaze held in Thailand
3023,"Parliament Winter Session 2025 Day 10 Live Updates: Deregularisation of civil aviation was done to let market grow, says Rammohan Naidu"
3024,"Cold wave to persist in central, western pockets of India; foggy mornings for Northeast from Dec 12"
3025,"IndiGo Flight Status December 12 Highlights: DGCA suspends 4 safety, op compliance officials over IndiGo fiasco"
3026,Kerala Local Body Elections 2025 Phase 2 Highlights: Overall voter turnout at 57.75% as of 2 pm; polling continues across 7 districts
3027,Sexual assault of student at Tirupati’s National Sanskrit University by 2 teachers triggers political storm
3028,Pakistani national gets 10-year rigorous imprisonment for attempt to murder security officer in 2016
3029,"An ethanol plant becomes site of a farmer-police clash, Congress MLA injured"
3030,"As Jayant Chaudhary skips Rajasthan govt event, buzz that name missing from ad behind last-minute call"
3031,MEA looking at Goa govt request to revoke passports of Luthra brothers
3032,"5 months after 18-yr-old was put behind bars, High Court summons SP, 6 Madhya Pradesh cops suspended"
3033,"‘Even birds do not leave their nest easily’: Jammu family stays at demolished home, seeks ‘answers’"
3034,SIA seizes property of Hizbul Mujahideen militant Zahid Hussain
3035,"Modi meets Italy’s Deputy PM, discusses Joint Strategic Action Plan"
3036,Consider national policy on common utility ducts on highways: SC to Centre
3037,Vande Mataram debate | Aim is to malign Nehru: Congress; BJP flags ‘demographic invasion’
3038,Opposition questions EC sanctity; look into your shrinking votes: BJP
3039,"Behind ouster of five university Vice-Chancellors in Rajasthan, an ABVP nudge"
3040,"Citing federalism and rights of states, Sibal opposes simultaneous elections"
3041,Congress walks out after Nirbhaya Fund question withdrawn in RS
3042,"On Martyrs’ Day, Himanta’s call to Assamese people – ‘Don’t offer employment to unfamiliar people’"
3043,"Reopen Nathu La border trade, vital for livelihood: BJP MP"
3044,"US expands vetting of social media to H-1B applicants, dependents"
3045,"Amit Shah links vote chori to Nehru, Indira, Sonia; says Congress loss its leadership’s doing"
3046,"Key part to be fixed before Dhruvs with Navy, Coast Guard fly again"
3047,"7-10 yrs jail, collective punishment: Karnataka tables hate speech Bill"
3048,"J&K Lieutenant Governor Manoj Sinha hails Savarkar’s vision, calls for ‘countering false narratives’"
3049,"Congress SOS from Odisha: Responsibility in wrong hands, Priyanka Gandhi should take leadership role"
3050,"Congress SOS from Odisha: Responsibility in wrong hands, Priyanka Gandhi should take leadership role"
3051,"Modi gets a call from Netanyahu, reaffirms India’s support to Gaza Peace Plan"
3052,"Funds needed for Konkan Railway doubling, states asked to share costs: Vaishnaw in Lok Sabha"
3053,Rahul Gandhi-Amit Shah tiff to Opposition walkout: What all happened during HM’s address on election reforms
3054,11:45 pm: First fire call from Goa nightclub. 1:17 am: Luthra brothers booked flight to Thailand
3055,"Severed head of tribal woman, whose murder sparked violence, found in Odisha river"
3056,"Amit Shah, Rahul Gandhi face off in Lok Sabha over SIR, ‘vote chori’ charges"
3057,"Will the Dravidian wheel of fortune turn in AIADMK’s favour? As EPS is named party’s chief ministerial face, a 210-seat bet against Stalin"
3058,"New scandal at Tirupati: Polyester shawls passed off as silk, ordered at Rs 55 crore"
3059,‘Modi spends half his work time abroad’: Congress hits back after BJP questions Rahul Gandhi’s Germany visit
3060,"Shashi Tharoor, chosen for Veer Savarkar award, says won’t accept; NGO organisers claim he knew in advance"
3061,‘Concerts in India aren’t safe for women’: British travel influencer says she and her friend were ‘touched without consent’ at Post Malone event in Guwahati
3062,‘Deepavali soul of our civilisation’: PM Modi says Unesco tag to festival will contribute to its global popularity
3063,Diwali makes it to Unesco Intangible Cultural Heritage list; PM Modi says ‘people in India and around the world are thrilled’
3064,Deepavali festival on Unesco Representative List of Intangible Cultural Heritage of Humanity 2025: Here’s the full list
3065,"2 days before recruitment exam in Bihar, key figure in several leaks arrested"
3066,"Cardiac services halted at Jammu Super Speciality Hospital, High Court takes note"
3067,"As Ladakh L-G’s financial powers are curtailed, Centre’s move ruffles local BJP unit"
3068,"Protests, looting and another death as fertiliser crisis roils Madhya Pradesh farmers"
3069,"Goa nightclub fire: As anger grows, probe widens, officials are questioned"
3070,SIR will correct errors that Congress left in rolls: BJP MP
3071,"National song debate: Opp claims bid to divert attention, Treasury sees ‘appeasement politics’"
3072,Ramnath Goenka Lecture: ‘Bharat Impatient’
3073,"Congress members went to jail chanting Vande Mataram, you worked for British: Mallikarjun Kharge"
3074,"After 3 years, Centre resumes MGNREGA in Bengal, but with ‘special conditions’"
3075,"Exclusive | To fund hydel project, NHPC proposed forest land assets as collateral, Govt said no"
3076,"US team in Delhi for talks, Trump threatens tariffs on Indian rice"
3077,"Trade, defence, energy on table as top US official, Foreign Secretary hold talks"
3078,"‘Wanted to give his kids an education he never had’: In Goa club list of dead, new father from Assam who left tea gardens behind"
3079,"BJP, allies hit back: Stifled democracy, opposing EVM after people rejected them"
3080,Mehul Choksi’s appeal against extradition rejected by Belgium’s supreme court
3081,"4 Khajuraho hotel employees dead, 5 critical after meal at staff quarters; probe ordered"
3082,"‘Made Rs 20,000 a month, it was good money’: Among Goa fire dead, 5 from Uttarakhand"
3083,"FY26 end nears, Housing Ministry spends only 27% of budget for urban development schemes"
3084,"SIR aims to delete voters… trust in EC lost, doubts about EVMs: Opposition"
3085,"From Rs 1 lakh to over Rs 3 lakh: Odisha MLAs pass Bill for 3-fold hike to their salary, allowance"
3086,"At first Puducherry rally, Vijay praises ‘impartial govt’, warns DMK will ‘learn their lesson’ in 2026"
3087,"‘Muslims do not need anyone’s certificate to prove their patriotism,’ says Jamiat Ulama-i-Hind chief Arshad Madani amid Vande Mataram debate"
3088,"Microsoft CEO Satya Nadella meets PM Modi, to invest $17.5 billion for ‘India’s AI future’"
3089,"Drug bust becomes headache for Madhya Pradesh govt, Congress says accused is minister’s brother"
3090,"‘We will come looking for you’: In Lok Sabha, Rahul Gandhi says law pertaining to EC will be changed retrospectively"
3091,"Vande Mataram debate: Amit Shah’s ‘appeasement politics’ charge against Congress, Kharge says ‘don’t teach us patriotism’"
3092,Lok Sabha Winter Session: Rahul Gandhi’s 3 suggestions for reforms in election process & an ‘anti-national’ jibe at NDA
3093,‘IndiGo back on its feet; most of bags stuck at airports delivered’: CEO Peter Elbers
3094,"BJP’s Telangana social media in-charge detained over Revanth Reddy poster, party slams ‘Emergency mindset’"
3095,"Amit Shah links Vande Mataram’s origins to Islamic invasions, cultural imposition by British"
3096,"Goa nightclub fire: Luthra brothers in Thailand, police focus on tracking third owner, raid Gurgaon residence"
3097,"Dileep case, political echo: Pinarayi calls actor’s remarks on police his ‘feeling’; Congress MP puts party in a spot on polling day"
3098,Portion of second club owned by Luthra brothers in Goa razed down
3099,PM Modi calls for reforms in every sector to reduce hardships for common man
3100,Asia Pacific slips on corruption control: Key takeaways from Transparency International’s 2024 CPI
3101,‘Strict action will be taken’: Civil Aviation minister Naidu takes tough stand on IndiGo crisis
3102,Exclusive: CAQM seeks review of SC order pausing action against end-of-life vehicles; wants BS-III and those below excluded
3103,8th Pay Commission: When will CPC recommendations be implemented? What govt said in Lok Sabha
3104,"‘Vande Mataram’ row: Cong cites historian Sugata Bose’s remarks on Tagore’s advice, slams PM Modi"
3105,ED secured convictions in 53 out of 56 cases since 2014: Minister to House
3106,"IndiGo Flight Status Highlights | IndiGo to involve external technical experts, says Chairman"
3107,"Kerala Local Body Election 2025 Voting Highlights: Polls phase 1 crosses 50% voting; UDF, LDF claim confidence of major win"
3108,"The Brothers Luthra: Goa nightclub owners started from Delhi’s Hudson Lane, expanded footprint to 30 cities"
3109,Revanth eyes $3-trillion economy by 2047 as Telangana bags big investments at global summit
3110,Narrow escape for tourists as bus catches fire during safari in Nahargarh
3111,"2 villages clash in Odisha after headless body is found; internet ban, prohibitory orders imposed"
3112,More trouble for beleaguered Film and Television Institute in Arunachal: Students refuse to return for 2nd semester
3113,"Actors, directors, politicians: The cast of characters from Dileep case saga"
3114,What next for Dileep? Acquittal could pave way for return to film bodies that once shunned him
3115,"Goa club blaze: Coast protection body got 2 complaints about property, said it doesn’t have jurisdiction"
3116,"BJP MP: Bihar was just a glimpse, Bengal next"
3117,Give at least 3-5 hours for Manipur: Congress MP in in Lok Sabha
3118,"Vande Mataram not only against British, but also Muslims: Raja quotes experts"
3119,"Vande Mataram debate: Time for song’s unbiased evaluation, it was never anti-Islam, says Rajnath Singh"
3120,"PM tried to rewrite history, Vande Mataram not political tool: Opposition"
3121,"Minister in Rajya Sabha: Strict action against IndiGo, will set an example"
3122,J&K police station blast: Halogen lamp near explosives under lens
3123,Inside Rajasthan village’s three-year protest against UltraTech
3124,"Vande Mataram: PM alleges Congress betrayal, Opposition calls it bid to distract"
3125,Malayalam filmmaker P T Kunju Muhammad booked for ‘sexual harassment’
3126,"V-P donates one month’s salary to Armed Forces Flag Day Fund, asks MPs to contribute generously too"
3127,"Review of autonomous institutions presented in House: Delays, paper leaks, errors: NTA doesn’t inspire confidence, says House panel"
3128,Exercise discretion while travelling through China: MEA
3129,"Goa nightclub fire: Owners escape to Thailand, CBI to seek Interpol notice"
3130,EC asks parties to submit updated constitutions in 30 days
3131,"Free homes for 350 families hit by shelling, floods in Jammu"
3132,"Gomti Nagar-Saharanpur Vande Bharat train to commence regular run on Dec 9 – check route, travel time, stoppages, timings, ticket price"
3133,Odisha minor who set herself on fire over ‘harassment’ dies
3134,"In a first, Meitei MLA visits Kuki relief camp, says conflict shouldn’t hinder progress"
3135,"A long way from the language debate, Kashi Tamil Sangamam a blend of faith, companionship"
3136,How many cases ED and Income Tax Dept filed since 2014? check year-wise data
3137,"How mimicry artist Gopalakrishnan became Dileep, Malayalam superstar who held sway beyond just acting"
3138,Centre cites 5 reasons for rejection of Tamil Nadu’s Coimbatore and Madurai metro rail plans
3139,Suspected ‘galghontu’ outbreak kills 10 blackbucks in Jamshedpur zoo
3140,Top 10 public sector banks with highest unclaimed deposits transferred to DEA fund
3141,Goa nightclub fire: Here are 7 key revelations in the case
3142,‘It was after Manju’s statement…’: Why Dileep mentioned ex-wife Manju Warrier in his first comments after acquittal
3143,‘Vande Mataram gave power and inspiration to the entire country’: Top quotes from PM Modi’s speech in Lok Sabha today
3144,"After nine years, actor Dileep acquitted in sexual assault conspiracy case: A look at the timeline"
3145,"Senior Maoist leader and central committee member Ramder, wanted in 61 cases, surrenders in Chhattisgarh"
3146,"Day after Goa blaze, action, albeit late: Advisory for clubs, arrest from Delhi, and a sealing"
3147,Parliament Winter Session 2025 Highlights: Oppn walks out after Amit Shah’s ‘illegal immigrants’ jibe
3148,"Top News Headlines of December 8, 2025 | Donald Trump to announce $12 billion aid package for farmers hit by trade war"
3149,"Inside story of most-wanted Maoist commander’s surrender in Madhya Pradesh: Backchannel talks, a trusted forest guard"
3150,"Anatomy of a blaze: ‘Combustible interiors, flammable furniture’ contributed to Goa nightclub fire’s rapid spread"
3151,"Bijapur villager helps CRPF find explosives from Maoist area, later ‘dies by suicide’ out of fear rebels may target family"
3152,"‘I kept looking back… hoping they would come’: 5 from Delhi family were at Goa nightclub when tragedy struck, only 1 made it out"
3153,This Jharkhand family lost 2 brothers to Goa nightclub fire
3154,"Andhra man ‘fell in love with woman in Pakistan jail’, held in Bikaner while trying to cross border"
3155,"Goa nightclub where fire killed 25 came under scrutiny more than once, but evaded action"
3156,RSS-backed yatra to save trees near Gangotri stretch concludes
3157,Senior US official begins 5-day visit amid strain in ties
3158,"25 dead in Goa club fire; FIR flags lack of licences, exits"
3159,Director Vikram Bhatt arrested in ‘fraud’ case filed by Udaipur-based fertility doctor
3160,"Defence Minister inaugurates Shyok Tunnel in eastern Ladakh, 124 other strategic border infra projects"
3161,Parliament panel likely to summon top IndiGo officials
3162,"Migrant workers majority of dead in Goa club fire, families left with a question: Why did no one save them?"
3163,"Railways upgrades infrastructure at Kamakhya station for upcoming Vande Bharat, Amrit Bharat trains"
3164,"52 houses demolished in Nainital ‘anti-encroachment’ drive, residents claim they settled in area decades ago"
3165,"Killer Goa blaze a man-made tragedy, FIR spells it out: No fire safety equipment, no emergency exit, no licences"
3166,Mumbai suburban railway: ICF to develop 2 non-AC local trains equipped with automatic door closure system
3167,Railway projects in Kerala: DPR work begins for over 750 km new rail lines – check routes
3168,"Just before fire engulfed Goa nightclub, fireworks set off during belly dance performance: eyewitnesses"
3169,"Cheetah missing from Kuno hit by vehicle, found dead on highway"
3170,"IndiGo Flight Cancellations Live Updates: ‘All set to operate over 1800 flights; on time performance improved to 91%’, says airline"
3171,4 tourists among 25 killed in fire at Goa nightclub: What we know so far
3172,"Goa nightclub fire started on first floor, most victims were trapped in basement with nowhere to go"
3173,Goa Night Club Fire News Live Updates: Absconding Birch owner Saurabh Luthra issues first statement post-tragedy
3174,"Homes of men accused of ‘circulating girl’s obscene video’ razed in Madhya Pradesh, putting town on edge"
3175,J&K man who missed maintenance for a decade is set to lose buffalo to court auction
3176,"India third-largest driver of solar additions, Union Minister Pralhad Joshi says"
3177,A remote village in Maoist heartland that had no connectivity finally gets a mobile tower
3178,Researchers set out to study the snow leopard at a high altitude. What they found: A Bengal tiger
3179,Education Ministry team lands in crisis-hit Tezpur University – with a protest to welcome them
3180,"‘Deeply saddening’: PM Modi condoles Goa club blaze victims; announces Rs 2 lakh ex-gratia for deceased, 50,000 for injured"
3181,"Congress shares ‘original’ diary entry of Patel’s daughter, seeks Rajnath apology"
3182,Rahul India’s weakest link: BJP amid row over ‘no invite’ to LoP
3183,Call prisons correctional homes: CJI Surya Kant
3184,"Diplomatic tightrope: Red carpet for Putin, now Delhi works on dates for Zelenskyy visit"
3185,"India’s freedom of choice, Putin’s visit won’t affect  US ties, says Jaishankar"
3186,"‘Hindu rate of growth’ term maligned entire civilisation, says PM Modi"
3187,India-US-Quad pledge to expand cooperation to combat terrorism
3188,25 dead in midnight fire at Goa club
3189,"After HC order, Jharkhand CM Hemant Soren appears in court over ED summons in land ‘scam’ case"
3190,"‘Hindu rate of growth’ label was product of colonial mindset, says PM Modi"
3191,"Amid cancellations, IndiGo looks to operate over 1,500 flights today: ‘Managed to restore 95% network connectivity’"
3192,PM Modi says India’s 8% GDP growth ‘a reflection of new momentum of our progress’
3193,IndiGo flight disruptions set off fears amid Goa’s peak tourist season: ‘Guests are cancelling…’
3194,"IMD issues cold wave warning for parts of Punjab, Haryana, Madhya Pradesh and other states: Check details"
3195,IndiGo flights cancelled: Centre caps domestic ticket prices | Check maximum airfare
3196,‘Most of India’s problems with Pakistan stem from its Army’: S Jaishankar
3197,"Western Railway to run 13 special trains to meet travel demand – check routes, stoppages, timings"
3198,"Ahead of J&K PSC exam, Omar and  L-G trade charges over age relaxation"
3199,"ED files chargesheet against Reliance Power, subsidiaries in ‘fake’ bank guarantee case"
3200,IndiGo cancels ‘below 850 flights’ on Saturday: List of worst-affected airports
3201,"After SpiceJet adds flights, Air India Group looks to increase capacity amid IndiGo disruptions"
3202,"One month, two ‘assaults’: Another J&K cop booked after doctor beating caught on camera"
3203,"What Shashi Tharoor said after attending Putin dinner at Rashtrapati Bhavan as Rahul Gandhi, Kharge left out"
3204,"EWS women will get Rs 51,000 as wedding expenses in Odisha"
3205,IndiGo flights cancelled? Here’s how to book tickets on newly announced Special trains through IRCTC
3206,SIT to submit chargesheet in Zubeen’s death case on December 12: Assam Police
3207,IndiGo flight cancellation: Indian Railways announces over 75 special trains to clear extra rush – Full list
3208,IndiGo flight cancellations: South Central Railway to run special trains to clear passenger rush
3209,Murder she miswrote: A young schoolteacher’s murder in Bihar and a case of mistaken identity
3210,IndiGo crisis in India continues as over 400 flights remain grounded: Check latest updates
3211,Breather for rape-accused Kerala MLA Rahul Mamkootathil as HC prevents his arrest
3212,Wife repeatedly threatening suicide amounts to cruelty against husband: Chhattisgarh High Court upholds family court judgment
3213,IndiGo crisis continues with more flight cancellations but ticket fares show signs of easing
3214,‘Project to vilify Jawaharlal Nehru ruling establishment’s objective’: Sonia Gandhi
3215,No group has authority to issue decrees: Manipur govt draws red line after insurgents push to boycott those involved in tourism fest
3216,Decade-old case gets fresh life as woman at centre of India’s biggest wildlife trafficking operation is arrested
3217,Fresh raids in Kashmir as probe into Red Fort blast-linked terror module continues
3218,"As Tezpur University protest flares, its Finance Officer gets a new job – in Sikkim University"
3219,Congress MP Deepender Singh Hooda: ‘The government is in denial over sex ratio in Haryana’
3220,"After ‘not the era of war’, PM Modi frames Ukraine: India not neutral, on side of peace"
3221,"Modi, Putin chart roadmap: Labour mobility, n-energy, trade & defence"
3222,"5 media pacts signed, Putin launches RT India"
3223,"No defence deal, India and Russia agree to boost manufacture of spare parts"
3224,"Russia, India working together to establish fairer world order: Putin at Rashtrapati Bhavan banquet"
3225,"Pacts pave way for labour movement to Russia, curb illegal migration"
3226,"EOW notice to Karnataka Dy CM D K Shivakumar, brother in National Herald case"
3227,"India, Russia vow to work together for peaceful use of outer space"
3228,"On state request, EC extends Kerala SIR by one week"
3229,"TMC’s Gokhale seeks law to record judges’ oral observations in court, make them public"
3230,"Centre paying MSP as per Swaminathan Commission, has increased production, procurement: Chouhan"
3231,‘Need to raise resources to buffer defence requirements’: Lok Sabha passes Health Security se National Security Cess Bill
3232,"Amid IndiGo flight cancellations, Railways deploy 116 extra coaches across 37 trains to ease travel"
3233,"Indigo chaos: Newlywed couple unable to make it to their own wedding reception, attend it virtually"
3234,"IndiGo fiasco: Air ticket fares skyrocket, cancellations and CEO’s apology — what has happened so far"
3235,Northern Railway announces 21 special trains including Vande Bharat Express – Full list
3236,IndiGo flights chaos: These airports faced the most delays and cancellations | Check list
3237,"Uttar Pradesh’s 15th Vande Bharat train to commence commercial run next week – check route, stoppages"
3238,"Shashi Tharoor invited to Putin dinner at Rashtrapati Bhavan, Rahul Gandhi and Kharge not"
3239,Vande Bharat Sleeper train: Railway Minister Ashwini Vaishnaw shares latest update | check details
3240,"Uttarakhand’s bear, leopard attacks find a mention in Parliament, MP says parents have stopped sending kids out"
3241,Modi announces free 30-day tourist visa for Russians
3242,"IndiGo CEO says over 1,000 flights cancelled today, ‘will return to normal between Dec 10-15’"
3243,"5 stories you must read today, December 5: From SC dismissing PIL against Arundhati Roy’s book cover to another US boat strike in Pacific and more"
3244,"‘Young people drinking a lot, getting behind wheel’: Hyderabad police flag ‘alarming blood alcohol levels’ in breathalyser tests"
3245,India-US partnership: Lockheed Martin celebrates delivery of 250th C-130J tail component
3246,Centre orders high-level probe into IndiGo flight cancellations crisis
3247,"As IndiGo chaos hits air travel, Railways takes action on the ground"
3248,‘This is not an advertisement’: Supreme Court dismisses plea alleging Arundhati Roy’s book cover promoted smoking
3249,"Amid IndiGo flight chaos, Indian Railways announces fresh measures. Check full list"
3250,Flight cancellations drop below 850 as airline says ‘focused on stabilising schedules’
3251,Railways commissions Kavach 4.0 on 738 Route km to boost safety on Delhi-Mumbai & Delhi-Howrah lines
3252,"High drama at Tezpur University: Missing V-C calls online meeting, senior professor ‘assumes charge’ in his absence"
3253,Uproar in Lok Sabha as DMK members protest over lamp lighting row in Tamil Nadu
3254,"After Modi-Putin meet, India and Russia sign Economic Cooperation Agreement till 2030"
3255,Lower berth rules in train for senior citizens and differently-abled persons – Here’s what you should know
3256,"Modi-Putin talks: 2030 economic roadmap inked, 30-day free tourist visas for Russians announced"
3257,Railways prepares DPR for 164 km new rail line in Kashmir Valley after USBRL project completion
3258,"IndiGo disruption deepens: Scores of cancellations across airports on Friday, all IndiGo domestic flights from Delhi cancelled"
3259,"Legal tussle over Madurai lamp-lighting ritual: Madras HC adjourns appeal, contempt proceedings"
3260,"In Ukraine war, ‘India on side of peace’, PM Modi tells President Putin during bilateral talks"
3261,"ED attaches Reliance Anil Ambani Group assets worth Rs 1,120 crore in Yes Bank fraud case; total attachments cross Rs 10k crore"
3262,Singapore High Commissioner Simon Wong left ‘stranded’ in Delhi after IndiGo cancels flight: ‘Apologies to my young staff’
3263,"Year ago, Pushpa 2 stampede tore a family apart. Now, a 9-year-old survivor has regained consciousness – but not much else"
3264,"Exclusive: In Goa, a peculiar issue during SIR — Portuguese passport holders"
3265,"Wanted in Dubai, traced to Dehradun – how a food delivery order led police to absconding BlueChip Group founder’s doorstep"
3266,"Arunachal minister says ‘panchayats where BJP loses won’t get schemes’, Congress seeks resignation"
3267,‘How many deaths will it take?’: Residents seek rehabilitation after ‘toxic gas’ kills 2 women in Dhanbad basti
3268,"Case of missing Bengaluru man, who had memory loss and was deported from Kuwait, prompts High Court to ask some tough questions"
3269,"Odisha college lecturer ‘sought sexual favours’ in exchange for good grades, booked"
3270,‘Need tighter Ayushman Bharat norms for hospitals’: Darshan Singh Choudhary
3271,"Russia expresses interest in Indian fishery, meat products"
3272,US buys (reactor) fuel from us… why can’t India: Russian President Vladimir Putin
3273,Modi-Putin talks today: Strategic economic 2030 roadmap likely
3274,Controversy after BJP MLA remarks on Gandhi in Odisha Assembly
3275,Manipur govt resettles 257 displaced as rehabilitation process begins
3276,"Farm fires dip may be undercount, ISRO study flags shift in stubble-burning time"
3277,Four firms owned by Arunachal CM Pema Khandu’s family got 146 govt contracts in Tawang
3278,"National security cess not on essential goods, says FM Nirmala Sitharaman"
3279,"Duty on tobacco tool to protect health, says NDA; will hurt poor the most: Opposition"
3280,When will IndiGo flight operations stabilise? Airline gives update after over 550 flights cancelled in a day
3281,"3 Kuno cheetahs — Veera, 2 cubs — released into the wild by Madhya Pradesh CM"
3282,Bodies of 6 more Maoists recovered day after Chhattisgarh encounter
3283,PM Modi shares carpool selfie with Putin: ‘Delighted to welcome my friend’
3284,‘Worked with you twice… never again’: Nitish Kumar chides Bihar Opposition MLAs for not thanking PM
3285,Central Railway suspends platform ticket sales at 13 stations including Mumbai till December 7 – Full list
3286,"India misses road accident target again as crashes, fatalities creep up in 2024"
3287,"73-year-old Punjab woman maltreated in US detention, Jaishankar tells RS"
3288,Swaraj Kaushal dies: Bansuri Swaraj’s emotional post for father — ‘Reunited with mother’
3289,"5 stories you must read today, December 4: From Imran Khan dissolving PTI’s political committee to Congress expelling rape-accused Kerala MLA and more"
3290,IndiGo CEO admits airline ‘couldn’t live up to promise’ after nationwide delays
3291,Railways to build 400 km of new 3rd & 4th lines from Pt Deen Dayal Upadhyay Jn to Jhajha; train operations on Delhi-Howrah route to improve
3292,"Hug, handshake, carpool and dinner at 7, LKM: What Vladimir Putin did after landing in India"
3293,Who is Rahul Mamkootathil and why did Congress expel him?
3294,"Govt seeks to roll out Advanced Traffic Management System on National Highways, says Nitin Gadkari"
3295,IIM Indore student faces sexual harassment probe; steps down from placement cell
3296,Punjab has maximum cases of human trafficking: Jaishankar in RS
3297,Rubaiya Sayeed case ‘goof-up’: Court also quashes arrest warrants against 7
3298,Putin arrives in India with a mega megaphone: Russia TV opens India arm with 100-member team
3299,"At traffic stops in Hyderabad, police get help from unusual quarter: History-sheeters with criminal records"
3300,"Boy chained to bed in Odisha school hostel, headmaster claims it was father’s idea"
3301,"Mumbai bullion operator could be crucial link in Andhra liquor ‘scam’, investigators say"
3302,Modi govt doesn’t want Opposition to meet Putin because of its insecurity: Rahul Gandhi
3303,"Bihar is producing more milk, eggs and meat than ever before, but availability to its own residents remains low"
3304,"World Meteorological Organization says weak La Niña to prevail till March 2026, may trigger colder winter in India"
3305,Karthigai Deepam row: Chaos after Tamil Nadu officials fail to comply with HC order; here’s what has happened so far
3306,"Assam bans ‘radical, jihadi’ content peddled by Bangladeshi terror outfits"
3307,"‘Not a political issue,’ says Cong MP Priyanka Gandhi as Oppn protests over rising air pollution in North India"
3308,Putin in India Visit Highlights: Russian President Putin departs for Russia after concluding his India visit
3309,"Silver Today Rate, December 4: Silver price today in India, Delhi, Hyderabad, Bangalore, Chennai, Mumbai and other silver rate list"
3310,"Gold Today Rate, December 4: Check 18, 22 and 24 carat gold prices Chennai, Mumbai, Delhi, Kolkata and other cities"
3311,Train running status 2025: Indian Railways punctuality improves; Mail/Express trains record 80% on-time performance in Apr-Oct
3312,Indian Railways ticket booking: Over 87% of reserved train tickets now booked online
3313,"Srinagar’s black bears are on a campus tour, wildlife teams in pursuit"
3314,30 policemen injured in stone pelting by villagers protesting coal mining
3315,"Judges behind privacy verdict hail recall of Sanchar Saathi app order, flag issues"
3316,"Over a year of tenure left, Prasar Bharati Chairman Navneet Kumar Sehgal resigns"
3317,EC: 93% of SIR enumeration forms digitised
3318,5 QUESTIONS | Bhim Singh: ‘Minorities should be those below 2% of population’
3319,"Part of Bhanupalli-Leh line work affected as Himachal yet to pay share, says Vaishnaw"
3320,Rajya Sabha clears motion to extend water pollution law to Manipur
3321,FM: Tobacco excise duty will be shared with states
3322,Members share personal struggles to quit tobacco
3323,"Putin arrives today, Europe messages Delhi: Lean on him to end Ukraine war"
3324,CEC Gyanesh Kumar takes over as chair of international democracy body
3325,"Ahead of Putin’s visit, Nagaur MP urges Centre to bring back 61 Indians from Russia"
3326,IndiGo Flight Cancellations LIVE Updates: IndiGo CEO apologises for inconvenience caused to passengers; says flight situation may normalise between Dec 10-15
3327,Why were multiple IndiGo flights disrupted in India? Airline issues statement
3328,"3 DRG jawans, 12 Maoists killed in Bijapur encounter"
3329,"5 stories you must read today, December 3: From govt rolling back mandatory Sanchar Saathi installation to search to resume for MH 370 and more"
3330,"Students, teachers face off against ‘absentee’ V-C, Tezpur University comes to a standstill"
3331,"BJP’s Dinesh Sharma seeks to rename roads in Delhi bearing Mughal, British-era names: ‘Showcases colonial mindset’"
3332,"To quell unrest among general category youth, Omar Cabinet approves policy to rationalise reservation"
3333,"Pan masala packs must now display retail price, says govt"
3334,‘We are not fixated over it’: Jyotiraditya Scindia in Lok Sabha as govt withdraws order on Sanchar Saathi app
3335,Himachal caps road contracts at 2 per contractor; 5 PMGSY works terminated in Kagra for poor quality
3336,"70 IndiGo flights cancelled due to crew shortages, airline blames tech issue"
3337,Chennai reels under prolonged rains as Cyclone Ditwah stalls over Tamil Nadu coast
3338,"Salary stopped, struggled for food: Cameroon ordeal ends for 5 Jharkhand workers"
3339,NCR states to submit 2026 annual pollution action plans by year-end: Bhupender Yadav
3340,"Priyanka Gandhi slams Modi govt over Labour Codes, calls them ‘exploitative’"
3341,Congress’s ‘huglomacy in deep freeze’ dig at Modi govt after Marco Rubio repeats India-Pakistan claim
3342,Telangana CM Revanth faces heat over remarks on Hindu gods
3343,‘Mocking humble background’: Delhi minister slams Congress over PM Modi’s ‘chaiwala’ AI-video
3344,‘Snooping neither possible nor will happen’: Jyotiraditya Scindia rules out user data concerns over Sanchar Saathi app
3345,‘Complete lie’: Cong rubbishes Rajnath Singh’s remark on Nehru wanting to build Babri Masjid with public money
3346,"Gold Today Rate, December 3: Check 18, 22 and 24 carat gold prices Chennai, Mumbai, Delhi, Kolkata and other cities"
3347,"Silver Today Rate, December 3: Silver price today in India, Delhi, Hyderabad, Bangalore, Chennai, Mumbai and other silver rate list"
3348,"There is no language barrier, vested interests creating it: Pradhan at Kashi Tamil Sangamam"
3349,VIT Bhopal jaundice outbreak: 4 water distribution points on campus were contaminated
3350,"Claim of minister, IAS involvement in Goa cash-for-jobs scam baseless, police say: ‘No evidence against any official’"
3351,How 5 owl eggs were saved and a ‘miracle’ hatched at a Telangana quarry
3352,"‘Witchcraft’ claims in Jharkhand village, 65-year-old woman abducted from home, beheaded"
3353,Man succumbs to burns injuries after petrol attack by paramour’s family
3354,Uttarakhand BJP leader says not enough was done to save those trapped after Dharali landslide
3355,"Who spent what on air travel? In Andhra Pradesh, it’s Nara Lokesh versus Jagan over travel bills"
3356,"Bank Holiday Today: Are banks open or closed on Wednesday, December 3? Check city-wise operational status"
3357,Reworking modalities to resume NREGS in Bengal: Govt
3358,"Opp shedding crocodile tears, its  Manipur grievances drama: FM Nirmala Sitharaman"
3359,"Need social, political will to declare war on pollution, says YSRCP MP in Rajya Sabha"
3360,Amit Shah: Naming new PMO ‘Seva Teerth’ milestone in India’s journey
3361,From PM’s private dinner to President’s banquet: India all set for Putin’s state visit
3362,"No war, no peace: Navy’s new category in Indian Maritime Doctrine 2025"
3363,"Pressure on India, need to secure our trade, says Kremlin ahead of Putin visit"
3364,Four killed in rain-related incidents in northern Tamil Nadu; heavy showers expected Wednesday
3365,Air India warns of possible delays after check-in system glitch at airports
3366,"There is no language barrier, vested interests creating it: Pradhan at Kashi Tamil Sangamam"
3367,‘Need policy to make non-scheduled drugs affordable’: House panel
3368,‘Ridiculous’: India slams Pak’s claim of denial of overflight to send aid to Sri Lanka
3369,"India’s third n-sub soon, in final stages of trial: Navy chief"
3370,"BJP protests against Job Trainee Policy, calls it ‘anti-youth’"
3371,Asaduddin Owaisi’s ‘government snooping’ X post on Centre’s Sanchar Saathi app directive
3372,"Day after CBI arrested Kashmiri man in Rubaiya Sayeed’s abduction case, court rejects agency’s remand plea"
3373,"5 stories you must read today, December 2: From DKS and Siddaramaiah’s breakfast meeting to Rajasthan police warning about SIR misuse and more"
3374,"Haldwani on high alert as Supreme Court prepares order that will touch 50,000 residents"
3375,"Days after he was booked in rape case, Kerala MLA Rahul Mamkootathil faces another sexual assault allegation"
3376,"Pulwama MLA Waheed Para, released on bail in ‘terror funding’ case 3 years ago, now gets court nod to travel outside J&K"
3377,"‘Sanchar Saathi cannot read your messages, cannot listen to your calls’: BJP reacts to Opposition’s allegations of snooping"
3378,New PMO Complex to be named ‘Seva Teerth’
3379,"Govt ready to talk about electoral reforms in Parliament, but not before discussion on 150 years of Vande Mataram: Kiren Rijiju"
3380,‘Arre khade ho na bhai’: Scenes from Bihar assembly as new Speaker hopes to bridge the divide
3381,‘Big Brother cannot watch us’: Opposition hits back after Centre mandates Sanchar Saathi app on all smartphones
3382,"Winter Session Day 2: Amid repeated disruptions over SIR, Lok Sabha adjourned twice"
3383,"Chennai district on ‘red’ alert, as trail of Cyclone Ditwah dumps over 200 mm rainfall in 24 hours"
3384,"Sanchar Saathi cybersecurity app is optional, users may delete if they want: Jyotiraditya Scindia"
3385,"Gold Today Rate, December 2: Check 18, 22 and 24 carat gold prices Chennai, Mumbai, Delhi, Kolkata and other cities"
3386,"Parliament Winter Session Day 3 Highlights — ‘Pro-capitalist, anti-worker mindset’: Priyanka Gandhi slams Modi govt over new Labour Codes"
3387,"Silver Today Rate, December 2: Silver price today in India, Delhi, Hyderabad, Bangalore, Chennai, Mumbai and other silver rate list"
3388,"‘When facts ran thin, theatrics stepped in’: Kharge on new National Herald case by ED against Sonia, Rahul"
3389,Southern Command conducts successful long-range precision launch of BrahMos missile
3390,"35 years after ex-Home Minister’s daughter Rubaiya Sayeed was abducted, CBI arrests an ‘absconder’"
3391,"In Ranthambore, Tigress T-2307 is spotted with first litter of three cubs"
3392,"As Hornbill Festival begins in Nagaland, a State versus Centre row brews"
3393,Odisha says it has deported 49 ‘illegal Bangladeshis’ since May
3394,"Cyber criminals using SIR to defraud people, Rajasthan police warn"
3395,"Exclusive: VIT Bhopal tried to cover up jaundice outbreak, probe finds"
3396,Why ED fears the Sandesara case may open a can of worms
3397,"Working group proposes allowing use of customary weights, measures units"
3398,Exclusive | Poland’s Secretary of State Władysław Teofil Bartoszewski: ‘President Putin pays attention to what PM Modi tells him’
3399,"Winter Session begins: PM Modi targets Opposition, says Parliament for delivery, not drama"
3400,"Govt cleared school funds for Kerala after it signed PM-SHRI MoU, show answers in Lok Sabha"
3401,Real ‘drama’ is not allowing discussion on pressing issues: Opposition hits back at PM Modi
3402,"Vijay Mallya, Nirav Modi among 15 ‘fugitive economic offenders’ who owe Rs 58,000 cr: Govt"
3403,India’s creative economy to get new boost with white paper on policy reforms
3404,"Winter Session Day 1: Lok Sabha passes Manipur GST Bill, FM moves bills to repurpose levies on tobacco"
3405,"ED notices to Kerala CM Pinarayi Vijayan, former minister Thomas Isaac over masala bond probe"
3406,"Harsher winter awaits Central, Northwest India: IMD"
3407,"Members must not cross ‘Lakshman rekha’, will protect your rightful claims: Vice-President"
3408,Punjab man arrested for ‘leaking sensitive information’ to Pakistan’s ISI
3409,"Winter Session: Amid heated first day, BJP corners Congress over National Herald ‘loot’"
3410,"Cyclone Ditwah: Schools, colleges in Chennai, other districts closed tomorrow, exams deferred amid heavy rain"
3411,All probable causes leading to Air India plane crash being investigated: Govt
3412,"5 stories you must read today, December 1: From Sanchar Saathi to be pre-installed on all phones to son expressing concern over Imran Khan’s health and more"
3413,"Pakistan has rebuilt, reactivated 72 terror launchpads along Jammu frontier since Op Sindoor, BSF says"
3414,"Bihar Assembly Day 1: Camaraderie across the aisle, Samrat touches CM’s feet, BJP gets Speaker’s post"
3415,Congress’ ‘biggest dramabaaz’ retort to PM Modi’s ‘drama’ attack on Opposition
3416,"Parliamentary panel seeks ‘more stringent policies and guidelines’ to stop black-marketing, smuggling and pilferage of fertilisers"
3417,"Student from Chhattisgarh found dead in KIIT hostel, 3rd such case this year"
3418,"2 months ago, Bengaluru man deported from Kuwait to Kochi went missing. A body’s discovery confirms family’s worst fears"
3419,"Dy CMs Samrat Choudhary, Vijay Kumar Sinha, LoP Tejashwi Yadav take oath as 18th Bihar Assembly session begins"
3420,‘Drama’ is not allowing discussion on pressing issues: Priyanka Gandhi on PM Modi’s remark ahead of Parliament session
3421,8 locations simultaneously raided as Red Fort blast probe takes NIA investigators to Kashmir
3422,"PM Modi asks Oppn to move beyond bitterness of poll defeat; says ‘Parliament is for neeti, not naare’, ahead of Winter Session"
3423,"Silver Today Rate, December 1: Silver price today in India, Delhi, Hyderabad, Bangalore, Chennai, Mumbai and other silver rate list"
3424,"Gold Today Rate, December 1 : Check 18, 22 and 24 carat gold prices Chennai, Mumbai, Delhi, Kolkata and other cities"
3425,‘Need no drama but delivery’: PM Modi ahead of Winter Session of Parliament
3426,"Parliament Winter Session Day 1 Highlights: Both Houses adjourned for the day; Govt trampling Parliamentary decorum for 11 years, says Kharge"
3427,"SIR in Goa: 96.5% forms collected, 90,000 found to be ‘absent, shifted, dead or duplicate’, CEO says"
3428,Bank Holidays in December 2025: Full city-wise list of dates when banks will remain closed
3429,‘Not many girls were interested in playing kabaddi in Pali’: How Sanju Devi’s leap of faith earned her MVP title at World Cup
3430,Trouble brews in Assam: Scheduled Tribes warn of widespread agitation after report recommends ST status to 6 more communities
3431,An IPS officer is bringing order to Bihar’s notorious malkhanas
3432,"‘He was working till 1 am’: BLO dies of cardiac arrest in Rajasthan, family blames SIR work pressure"
3433,"Dispute over six bighas of land turns deadly in Madhya Pradesh, three killed"
3434,"Munambam agitation in Kerala, which made national headlines amid Waqf debate, called off after 414 days"
3435,Urgent need to transform people’s perception of police: PM Modi to officers
3436,"At mass wedding with 21 couples, a groom stands out – Madhya Pradesh CM’s son"
3437,"Still prefer to call Bangladesh a friend, hope situation there turns around: CNS Adm Tripathi"
3438,"Fresh FIR in National Herald case: BJP claims clear ‘loot’, Cong alleges vendetta"
3439,"BSF chief retires, ITBP DG Praveen Kumar given additional charge"
3440,"11 killed after 2 buses collide head on in Tamil Nadu, probe focuses on driver error, fatigue"
3441,"5 stories you must read today, November 30: From Rajasthan minister asking schools to celebrate Babri Masjid demolition day to California banquet hall shooting and more"
3442,‘Politics trumps economics:’ Jaishankar flags global risks in veiled reference to US
3443,"Ahead of Kashi-Tamil Sangamam, PM Modi hails cultural unity on Mann ki Baat"
3444,"Couple set on fire in Jaipur, two detained"
3445,Cyclone Ditwah: Three killed as Tamil Nadu  receives heavy rainfall
3446,Election Commission extends SIR form submission deadline to Dec 11
3447,"Days after Nehru Archive goes online, Prime Ministers’ Museum and Library launches digital archives"
3448,"As Cyclone Ditwah triggers heavy rain in Tamil Nadu, here 5 top updates"
3449,"Higher fence, more surveillance centres: Border infra ‘2-3 times better’ after rebuild following August floods in J-K, says BSF"
3450,"Cyclone Ditwah Tracker LIVE Updates: PM Modi condoles loss of lives in Sri Lanka in call with President Dissanayake, India evacuates last batch of stranded citizens from Sri Lanka"
3451,"‘Wherever there is oppression, there will be jihad’: Jamiat Ulema-e-Hind chief Mahmood Madani"
3452,"Video of ‘happy farmers’ shows ones in distress, Rajasthan CM takes down post on X after photographer’s fact check"
3453,"National Herald case: ED files fresh FIR with Delhi Police against Sonia Gandhi, Rahul Gandhi"
3454,"Top News Headlines of November 30, 2025 | Kyiv says US peace talks off to ‘good start’ in ‘warm atmosphere’"
3455,‘Fake AI videos still have a long way to go’: Sachin Pilot calls out fake clip on Oxford Union debate row
3456,"Odisha Administrative Service officer’s family ‘ostracised’ after he married outside caste, father claims; 9 booked"
3457,Jammu journalist’s home demolition ‘not ordered by elected govt’: Deputy CM calls for probe
3458,"Museum of Royal Kingdoms of India: 560 erstwhile princely states to showcase legacy, next to statue of man who led their integration into Indian union"
3459,Express journalist wins Dr Mangalam award
3460,Tamil Sangamam’s 4th edition focuses on ‘learning Tamil’ amid three-language row
3461,Death in a urea queue: Tribal woman’s case puts spotlight on a crisis in Madhya Pradesh
3462,Cyclone Ditwah: IAF delivers 21 tonnes of relief material in Sri Lanka as India plans evacuation
3463,Uttarakhand CM Dhami unveils 2027 Kumbh Mela schedule on the banks of Ganga. Check details
3464,"In first meeting since Bihar poll debacle, Mahagathbandhan MLAs pick Tejashwi as their leader in House"
3465,‘I was in prison for 218 days for questioning the central govt’: Assam MLA Aminul Islam returns to Assembly
3466,"5 stories you must read today, November 29: From West Bengal accepting Centre’s Waqf Law to Rajasthan HC’s order on women cab drivers and more"
3467,"Cyclone Ditwah nears Tamil Nadu after Sri Lanka toll hits 153, disrupting flights and shutting schools"
3468,India re-elected to International Maritime Organisation Council with highest vote
3469,Andaman to get India’s first coral reef research centre
3470,"SIR, SR, SSR: SIR, SR, and SSR: What are ECI’s different voter rolls revision procedures? Check which is applicable in your state and deadlines"
3471,"Amid Airbus alert, a look at unusual solar activity reported in November"
3472,"Top News Headlines of November 29, 2025 | ‘Clear encroachments within 3 days or face action’: Mohali MC warns ahead of major crackdown"
3473,"TN braces for heavy rain as cyclone Ditwah inches closer, CM Stalin takes stock of situation"
3474,Former Union minister Sriprakash Jaiswal passes away at 81
3475,Cyclone Ditwah likely to make landfall in India on November 30 morning: Check Red Alert zones in Tamil Nadu
3476,A dinner in Delhi paves way for Kerala-Tamil Nadu economic partnership plan
3477,"Unveiling 77-foot statue of Lord Ram in Goa, PM Modi says India is witnessing cultural reawakening"
3478,"Naxalism on last legs, Amit Shah tells top cops to focus on narcotics, organised crime next"
3479,College professor arrested in Uttarakhand recruitment exam paper leak case
3480,"5-day manhunt ends in shootout, police nab accused in Madhya Pradesh rape case that triggered communal tensions"
3481,"Jaipur on edge as leopard sightings surge; forest dept scrambles, experts flag lapses"
3482,"Drugs, guns and cash seized in Bihar as police crack down on traffickers"
3483,Bend it like Revanth: How Telangana CM is preparing for Messi visit
3484,"India believes in peace and dialogue, but does not compromise when it comes to sovereignty, security of nation: Rajnath Singh"
3485,"Consume efficiently, let water flow into Yamuna: Patil to riparian states"
3486,"Karnataka power tussle: After call from Congress high command, Siddaramaiah invites Shivakumar for breakfast"
3487,"2 lost in basketball court: One family recalls NBA dream, other those last moments"
3488,"India, US sign Rs 7,995-cr deal for MH60R Navy chopper support"
3489,"Follow J&K Reorganisation Act in letter  & spirit, restore statehood urgently: Omar Abdullah"
3490,Refer Higher Education Commission of India Bill to House panel: Digvijaya Singh
3491,‘Sky dining’ experience goes awry in Kerala’s Munnar after crane glitch
3492,"Emergency procurement for Armed Forces: Govt to foreclose contracts if no delivery in a year, says defence secretary"
3493,"Girl killed, 2 women injured after IED ‘planted by Maoists’ explodes in remote Jharkhand village"
3494,"VIDEO: Family of 4 stuck 150-feet above ground at Kerala ‘sky dining’ restaurant, rescue teams find out from news reports"
3495,New Bill puts Assam tea garden workers on path to get ownership of residential land
3496,"For sending notice to Shiv temple, Jaipur Development Authority official suspended"
3497,"As demolition of Jammu journalist’s home sends ripples across UT, BJP among others calls on affected family"
3498,"Hideout linked to JeM busted in Pulwama, terrorist associate held"
3499,"5 stories you must read today, November 28: From ‘Aadhaar not proof of DOB’ to Trump pausing immigration from ‘Third World Countries’ and more"
3500,"Red Fort blast case: Al Falah founder acquired land in South Delhi by forging documents in names of 5 deceased ex-owners, probe reveals"
3501,"India-Russia annual summit: Putin to visit India on Dec 4-5, defence ties, trade on table"
3502,"With 7 days to go, 74% of SIR forms digitised, says Election Commission; 100% in Lakshadweep, UP lags at 55%"
3503,"PM Modi unveils ‘tallest’ Ram statue in South Goa, says ‘path to Viksit Bharat through unity of people’"
3504,"Ex-ISRO chief’s message at ABVP conference: ‘Faith, facts go together, spiritual texts have insights into modern science’"
3505,"TMC delegation meets CEC Gyanesh Kumar, alleges ‘blood on his hands’ over SIR deaths"
3506,Assam Rifles post comes under attack in Manipur’s Tengnoupal district
3507,PM Modi hails Udupi’s role in Ram Janmabhoomi movement; offers tributes to 15th-century philosopher Kanakadasa
3508,Russian President Vladimir Putin to visit India on December 4-5: What’s on cards?
3509,Rahul Gandhi slams PM Modi’s ‘silence’ as Delhi battles severe air pollution
3510,Special Intensive Revision (SIR): Why is it important? Why ECI is doing it now and what you need to do
3511,Kerala MLA Rahul Mamkootathil booked for sexually abusing woman
3512,"After MPs flag misbehaviour, CISF revises Parliament posting policy"
3513,"Gold Today Rate, November 28: Check 18, 22 and 24 carat gold prices Chennai, Mumbai, Delhi, Kolkata and other cities"
3514,Cyclone Ditwah Highlights: Flight ops at Chennai airport hit amid heavy rainfall; death toll in Sri Lanka floods rises to 153
3515,"Union minister Nadda outlines govt’s health goals, says emphasis on disease prevention, better treatment"
3516,"Nepal issues Rs 100 currency notes with map comprising Kalapani, Lipulekh and Limpiyadhura"
3517,"Top News Headlines of November 28, 2025 | Hezbollah chief says group will decide timing of response to Israel’s killing of Tabtabai"
3518,"Cyclone ‘Ditwah’ update: Red, Orange Alerts issued as cyclonic storm approaches Tamil Nadu, Andhra coasts"
3519,"Small room, big connection: why President Murmu visited Room No. 11 in Odisha House"
3520,"After IAS officer’s remarks that sparked protest from Brahmins, Madhya Pradesh govt initiates action"
3521,"The Assam debate on Polygamy Bill, and what it contains"
3522,Tribal woman dies after sleeping outside fertiliser distribution centre amid 2-day wait for urea in Madhya Pradesh
3523,"MPs, MLAs can no longer recommend school teachers’ transfer in Odisha: HC strikes down govt order"
3524,Operation Sindoor defining moment in counter-terror strategy: President Draupadi Murmu
3525,India & Indonesia inch closer to BrahMos deal at defence dialogue
3526,"As J&K Police say will search ‘till every hospital locker is accounted for’, dismay among doctors grows"
3527,Governance demands collaboration: P K Mishra
3528,Ashish Kundra named new Ladakh Chief Secy
3529,"Fact, fiction and months of resentment: What led to violent protest at VIT Sehore campus"
3530,"Rahul narrative based on foreign social media support, says BJP; Congress hits back"
3531,"Museum dedicated to life, work and legacy of MF Husain opens to public"
3532,"Won’t consider parts of Great Nicobar report not brought on record, rules NGT"
3533,"Srinagar MP says not invited, J-K ruling party’s working committee meet off to stormy start"
3534,"Cyclone Ditwah Tracker: Cyclonic storm hovers near southeastern Chennai, orange alert in Puducherry; Andhra Pradesh on alert"
3535,"In UP, women’s panel member ‘inspects’ police station, gets letter from senior cop: ‘Do not have authority’"
3536,"Police raid Srinagar mosques, madrassas in crackdown on ‘terror-linked networks’ after Red Fort blast"
3537,"First, kids with thalassemia tested HIV positive at Jharkhand hospital. Now families say being made to sign forms ‘taking responsibility’"
3538,"5 stories you must read today, November 27: From Washington National Guard shooting to Karnataka power struggle and more"
3539,Assam Assembly passes anti-polygamy bill; CM Himanta Sarma says ‘not against Islam’
3540,Centre’s labour codes run into a Kerala hurdle
3541,"ED conducts raids at medical colleges, private premises in 10 states in bribery case"
3542,"Days after Hidma’s death, 84 Maoists with a bounty of Rs 2.56 crore surrender"
3543,9 Bengali-speaking migrant workers detained by Odisha police ‘to check Bangladeshi links’
3544,Central Labour Codes will not be implemented in Kerala: Minister Sivankutty
3545,"Cyclone Ditwah headed towards Tamil Nadu, coastal Andhra, Puducherry; IMD forecasts heavy rainfall till December 1"
3546,"After 50 years with AIADMK, Sengottaiyan joins Vijay’s TVK in first major defection to Tamil star’s party"
3547,"PM Modi inaugurates Skyroot’s Infinity Campus, unveils Vikram-I rocket"
3548,"What is the Skyroot Aerospace Vikram 1 rocket, which PM Modi has unveiled?"
3549,ED arrests WinZO founders Saumya Singh Rathore and Paavan Nanda on money laundering charges
3550,"Gold Today Rate, November 27: Check 18, 22 and 24 carat gold prices Chennai, Mumbai, Delhi, Kolkata and other cities"
3551,"‘Depression, stress, suicide’: Now, RSS-linked teachers’ body writes to Election Commission with SIR concerns"
3552,Punjab Police team chasing drug cartel in Jaisalmer intercept Haryana tourists by mistake
3553,"‘Laws exist, but no one listens’: Yatra seeking ‘Accountability Act’ reaches Jaipur"
3554,Assam moves a step closer to decision on ST status for 6 communities
3555,Lawyer kills himself after cyber criminals threaten to implicate him in Pahalgam terror attack
3556,Person’s life not below revenue: Rajasthan High Court tears into state govt for booze shops along highways
3557,Express Investigation: Forest Survey had red-flagged but Govt took green shield off 90% Aravalli Hills
3558,"BJP team meets EC over SIR in Bengal, says BLOs facing political coercion"
3559,CJI seeks national judicial policy to encourage coherence across jurisdictions
3560,148 from EWS quota land pricey private medical seats
3561,"Activist alleges assault by Uber cab driver, no response at ‘100’ helpline"
3562,"Entertainment on the go, mobile theatre at IFFI offers classics to children movies"
3563,"Cabinet clears two rail multitracking projects for Gujarat, Maharashtra"
3564,India’s strong reaction after China ‘detained’ Arunachal woman Pema Thongdok: ‘No amount of denial will change reality’
3565,India: Examining Bangladesh’s request to extradite Sheikh Hasina
3566,"5 stories you must read today, November 26: From Hong Kong building fire to Cyclone Senyar crossing Indonesia and more"
3567,Court steps in after 5 from Madhya Pradesh allege beating in police custody
3568,India slams Pakistan’s Ayodhya Ram Temple flag hoisting remarks: ‘No moral standing to lecture others’
3569,"Amid Karnataka power tussle, Congress chief Kharge says ‘will discuss with Sonia, Rahul Gandhi’"
3570,Whose land is it anyway? Complaint against liquor shop puts 2 Uttarakhand departments at odds
3571,AI-generated videos add fuel to the TDP versus YSCRP fire
3572,"Constitution Day: India’s hallmarks under threat; history bears witness RSS opposed it, says Congress"
3573,"Constitution, the guiding document to shun colonial mindset and adopt nationalistic outlook: President Murmu"
3574,President Murmu releases digital version of Constitution in 9 languages: 5 key points from her speech
3575,Cyclone Senyar Highlights: Cyclone to cross Indonesia today
3576,"6,000 km in six days: How WII tracked a trio of Amur falcons across continents"
3577,"VIT Protests: Vehicles set ablaze, Chancellor’s bungalow damaged: Student protests rock VIT Bhopal over jaundice outbreak"
3578,"In open letter on Constitution Day, PM Modi urges citizens to strengthen democracy by exercising right to vote"
3579,"SIR Voters List News: 26 lakh voters’ names in current Bengal electoral rolls not matching with 2002 list, says EC"
3580,"Constitution Day of India 2025 LIVE Updates: ‘Constitution India’s pride; helps shed colonial mindset,’ says Prez Murmu"
3581,"Cyclone Senyar to cross Indonesia by Wednesday noon, no threat to India"
3582,"Gold Today Rate, November 26: Check 18, 22 and 24 carat gold prices Chennai, Mumbai, Delhi, Kolkata and other cities"
3583,"SIR after Bihar: What changed for BLOs, electors"
3584,"NCST chairperson Antar Singh Arya: Can’t displace people from tiger reserves without due rehabilitation, relocation"
3585,"With a fresh ultimatum, Srinagar MP deepens rift with National Conference, his own party"
3586,"‘Unanimously elect BJP-backed candidates, get Rs 10 lakh’: Union minister Bandi Sanjay Kumar’s offer to villages in Karimnagar"
3587,Char Dham sees surge in visitors as preparations start for winter pilgrimage
3588,Police ‘failure to arrest’ accused in minor girl’s rape angers Madhya Pradesh CM
3589,Selling ‘Lawrence Bishnoi’ jackets lands 3 Rajasthan men in police net
3590,What’s in Assam’s new anti-polygamy Bill?
3591,"She accused her adoptive mother of torture and forced conversion in US. Back in India, Odisha woman says she lied"
3592,"Constitution Day of India 2025: Why is it celebrated on November 26? Know history, significance, and more about Samvidhan Diwas"
3593,IIT Kharagpur unveils ‘Impact RISE’ initiative for societal change
3594,CCTVs at police stations: Supreme Court sets deadline for compliance affidavits
3595,"1.8 lakh troop shortfall, Army looks to double its intake of Agniveers"
3596,EU leadership accepts invite for chief guests at Republic Day parade
3597,Private sector should put profit and national interest in tandem: Rajnath Singh
3598,"Arunachal an inalienable part of India, Govt rejects China claim"
3599,"After debut in Sept, Aizawl’s new railway link sees over 100% occupancy"
3600,Israel says full confidence in India’s security under PM Modi
3601,"‘He could build movements, mobilise people from river to mountain’: Uttarakhand ex-minister Diwakar Bhatt dies at 79"
3602,Night curfew clamped along Meghalaya’s border with Bangladesh over infiltration concerns
3603,‘Insult to India’: Congress slams Centre after China reacts to Arunachal woman’s ‘detention’ at Shanghai airport
3604,Kerala local body elections 2025: Polling on December 9 & 11; all you need to know before voting
3605,28 Naxalites surrender in Chhattisgarh’s Narayanpur; 22 of them carry Rs 89 lakh collective bounty
3606,"5 stories you must read today, November 25: From Assam CM’s claim of Zubeen Garg’s ‘murder’ to Pakistani airstrike in Afghanistan and more"
3607,"‘Must take action, spare no one’: After PM’ Modi’s directions on Jal Jeevan Mission irregularities, Centre imposes Rs 129 crore penalty/recovery"
3608,"‘Demeaning, humiliating’: BJD’s Rajya Sabha MP shoots off scathing letter to party chief Naveen Patnaik"
3609,China denies allegation of harassment of Arunachal woman at Shanghai airport
3610,"In unprecedented Assam assembly session, Himanta explains why he insists Zubeen Garg was ‘murdered’"
3611,Will Ethiopia’s Hayli Gubbi volcanic ash worsen Delhi AQI? Here’s what IMD says
3612,"Zubeen Garg’s death was a ‘murder’, not ‘accident’: Assam CM Himanta"
3613,"Tripura to regularise pensions of 13k employees who received ad hoc promotion in 2021, subject to outcome of plea before SC"
3614,"3 men, including one from Bihar, arrested with 2 pistols and 4 magazines in Tripura’s Agartala"
3615,PM hoists ‘Dharma Dhwaja’ at Ram Mandir: Here are top 5 quotes by Modi at Ayodhya event
3616,"Gold Today Rate, November 25: Check 18, 22 and 24 carat gold prices Chennai, Mumbai, Delhi, Kolkata and other cities"
3617,"Amid tussle with SEC, Himachal Pradesh Cabinet decides to reorganise panchayats"
3618,"Ethiopia volcano eruption: Air India, Akasa Air cancel flights; IMD says ash will pass India to China by evening"
3619,"Thailand coffin incident: Two days after ‘death’, Thailand woman starts moving in coffin moments before cremation"
3620,Bank Holiday Today: Are banks open or closed for Guru Tegh Bahadur Shahid Diwas?
3621,"Ayodhya Ram Mandir Flag Hoisting Highlights: ‘We must take pride in our heritage, break loose from mentality of slavery,’ says Modi at temple event"
3622,"After Nellie killings report, Assam CM Sarma says will table unofficial panel findings on 1983 violence"
3623,"Group accuses man of ‘lying about his religion’ to woman in Bhopal, ‘assaults’ him on camera; no FIR so far"
3624,State ‘virtually abdicated responsibility’ in land case: Madhya Pradesh HC after govt’s no-show at court
3625,"Day after minor girl’s suicide in Chhattisgarh school hostel, principal arrested as note mentions ‘bad touch’"
3626,‘Don’t want any of my children to go to US’: Mother of Hyderabad doctor who died by suicide ‘after visa rejection’
3627,"After 7 years, elephant safari to resume at Uttarakhand’s Rajaji Tiger Reserve"
3628,"DM says ‘mistake’ after names linked to BJP, RSS appointed as BLO assistants in Madhya Pradesh"
3629,"House panel to discuss women in combat roles, grievance redressal"
3630,"India, France to jointly manufacture HAMMER air-to-ground weapons"
3631,Afghanistan offers 5-year tax break for Indian investors
3632,Flight disruptions due to Hayli Gubbi volcano eruption in Ethiopia: All you need to know
3633,Suspected Bangladeshi man shot at by BSF while trying to scale border fence in Tripura
3634,Op Sindoor was in line with Lord Krishna’s message of righteous rule: Rajnath
3635,"India, Canada to resume trade pact talks"
3636,Congress must stop pretending to be protector of democracy: BJP
3637,No Bill for now but Centre footprint in running of Chandigarh has been increasing
3638,"Kerala BLO equates SIR work with ‘slave labour’, Chief Electoral Officer gives him option to quit"
3639,"5 stories you must read today, November 24: From Rajnath Singh’s Sindh comment to DOGE getting disbanded and more"
3640,India issues ‘strong demarche’ after woman ‘held up at Shanghai airport’ over Arunachal mention in passport
3641,"Bus carrying pilgrims falls into gorge in Uttarakhand while reversing, 5 dead"
3642,Why UP sugarcane fields are now reaping ground for rising man-animal conflicts
3643,"Amit Shah’s deadline to end Naxalism looming, Maoists make a request: Give time till Feb 15"
3644,‘He was proud of his work’: Agniveer’s death in Poonch leaves his family in Uttarakhand grappling with questions
3645,How to check if your name is in 2002-2003 electoral roll during SIR?
3646,"Top News Headlines of November 24, 2025 | ‘Accepted invite to visit China in April’: Donald Trump says after call with Xi Jinping"
3647,Afghan minister pitches for revived trade ties with India
3648,"South India Weather, Politics Highlights: Truck collision in Tamil Nadu kills 6, many injured"
3649,"Gold Today Rate, November 24: Check 18, 22 and 24 carat gold prices Chennai, Mumbai, Delhi, Kolkata and other cities"
3650,UIDAI brings ‘selective share’ feature on new Aadhaar app: All you need to know about ‘paperless way’ to share identity
3651,"Bangladeshi intruder arrested in Tripura, Indian currency notes seized"
3652,IIM student killed in hit-and-run incident in Nagpur
3653,"‘Delusional, expansionist’: Pakistan reacts to Rajnath Singh’s ‘Sindh may return to India’ remark"
3654,"With ‘Bastar Olympics’, region once at epicentre of Maoism lays out its changing aspirations"
3655,"Khurram Parvez’s 4-year detention ‘unlawful’, his ‘only crime giving voice to those world preferred not to see’: Srinagar MP"
3656,"In Goa, ‘Tales of Kamasutra’ event scheduled for Christmas cancelled after Catholic groups, NGOs object"
3657,Need global compact on AI to prevent its misuse: PM Modi at G20
3658,"‘Borders can change’: Citing Advani, Rajnath Singh says ‘Sindh may return to India’"
3659,Lakshmi Mittal leaving UK as Labour Party prepares major tax hit on wealthy: Report
3660,‘Shocking decision to continue’: US pilot who cancelled performance after Tejas crash at Dubai air show
3661,"India-Brazil-South Africa grouping: At IBSA meet, Modi calls for unified push on terror, UNSC reform"
3662,ITBP to establish 10 all-woman forward posts at India-China border
3663,"5 stories you must read today, November 23: From ‘Interstate’ terror module arrest in J&K to Kolkata hotel murder and more"
3664,"In first speech after Karur tragedy, Vijay equates DMK with ‘syndicate of dacoits’"
3665,"UNSC reforms no longer an option, but a necessity: PM Modi at IBSA meet"
3666,"After important gains at COP30, India tells developed world: Don’t expect us to fill in for your failures"
3667,"Rethink on Chandigarh Bill after Punjab protests, Govt says final decision not taken"
3668,BJP lashes out after Jamiat Ulama-i-Hind President Arshad Madani claims discrimination of Muslims in India
3669,"Cyclone Senyar: Landfall timing, path, possible impact, here’s all you need to know"
3670,Watch: Sambhar Lake turns pink as Flamingos arrive in thousands
3671,Home Ministry ‘actively considering’ CBI request for sanction to prosecute 8 IAS officers in J-K gun licence scam
3672,Racket harbouring Bangladeshi immigrants busted in Odisha
3673,First terror module arrest by JK probe agency – Srinagar man who ‘passed on rifle from Pak handler to doctor’
3674,Bill on civil nuclear sector among 10 listed for Winter Session
3675,Bengal CM against SIR as it doesn’t suit her appeasement politics: BJP
3676,"G20 declaration barely mentions Ukraine, terrorism, skips Gaza plan"
3677,PM Modi at G20 Leaders’ Summit: Trilateral tech alliance with Canada and Australia
3678,"IMF flags Pakistan’s corruption, eroding public trust, system favouring elite"
3679,"Exclusive: As cracks emerged in terror module, Umar Nabi skipped co-conspirator’s wedding but rushed to Kashmir later to mend bridges"
3680,"One handler behind Red Fort blast suspected to be in Osama fame Afghan district, another linked to ISI"
3681,"Indian Railways crosses 1-billion-tonne freight loading, records over 3% year-on-year growth"
3682,IFFI opening party moves to the streets as Goa aims to expand scale
3683,Tribeny Rai’s Shape of Momo competes for top IFFI awards
3684,"Tejas crash Dubai: IAF’s heartfelt tribute to Wing Commander Namansh Syal, shares video"
3685,New Labour Law: What changes in gratuity contribution and who stands to benefit?
3686,"PM Modi announces new trilateral technology and innovation partnership with Australia, Canada"
3687,Dubai airshow Tejas fighter jet crash: IAF’s Namansh Syal lauded for bravery as his Himachal village grieves
3688,"Drug-terror nexus a global threat, G20 needs to counter: PM at Johannesburg summit"
3689,"‘If he is in police custody, I want to know,’ brother of top Maoist leader"
3690,"5 stories you must read today, November 22: From the death of another BLO in West Bengal to Spotify’s new feature and more"
3691,‘White collar’ terror case: J&K Police’s SIA arrests man from Srinagar
3692,"‘Go to your country’: Foreign DJ claims Goa police officer misbehaved with her, probe initiated"
3693,Centre’s panel grants preliminary nod for pumped hydro project near Malshej Ghat in Maharashtra
3694,"Ahead of local body polls, Kerala gets EVM tracker — created by two BTech students"
3695,"G20 Summit: In Johannesburg, PM Modi proposes four initiatives, including one to counter drug-terror nexus"
3696,‘This is how democracy should work’: Congress MP Shashi Tharoor on Mamdani–Trump meet
3697,Didn’t get your SIR enumeration form from BLO? Here’s what you can do now
3698,"Kochi man ‘beats sex worker to death, dozes off while trying to dispose body’"
3699,"Congress questions effectiveness of ‘repackaged’ 4 labour codes, asks Centre to ‘learn from Karnataka’"
3700,‘Teachers must monitor and inform officials’: Chhattisgarh minister on order to remove dogs from schools
3701,Lost your Aadhaar Card? Here’s a step-by-step guide to retrieve your card
3702,Kerala cyber police file case over fake video of Chief Election Commissioner Gyanesh Kumar
3703,‘Not a big deal’: JDU’s Ashok Choudhary on Samrat Choudhary getting Bihar Home portfolio
3704,Centre appoints CISF as new safety regulator for 250 Indian seaports
3705,161 packets of ‘explosive material’ found near school in Uttarakhand: police
3706,"‘He neither ate dinner nor slept’: Family points to workload, pressure after suspended BLO’s death in Madhya Pradesh"
3707,"Demolition of ‘Maulana’s Building’, Al Falah chairman’s ancestral home, stayed by Madhya Pradesh High Court"
3708,"Uttarakhand grapples with a black bear problem: 5 people killed in attacks, authorities scramble for solutions"
3709,"3 months after death of 35 Vaishno Devi pilgrims, police in J-K say no evidence against shrine board officials"
3710,"J&K raids follow previous actions against The Kashmir Times, Editor; SIA says probe into ‘extremist links’"
3711,"First G20 summit in Africa: PM Modi in SA for G20, says will present ‘One Future’ vision"
3712,"Nehru archives launched, Rahul Gandhi says his words remain a powerful compass"
3713,NGT reserves order on petitons over Nicobar project clearances
3714,"Today’s world needs new UN and global order, says Rajnath Singh"
3715,Humans in the Loop director pitches another science-related feature
3716,"In first speech after resigning as VP, Jagdeep Dhankhar praises RSS and references his long absence from public spotlight"
3717,How India’s 4 labour codes aim to improve wages and worker safety
3718,"Sangai festival kicks off in Manipur amid IDP, COCOMI protests"
3719,"Tejas fighter crashes during air show in Dubai, IAF pilot killed"
3720,"Trump Jr as guest, Udaipur gears up for star-studded wedding of American billionaire’s daughter"
3721,Tejas jet crash: Defence Minister Rajnath Singh reacts after pilot dies at Dubai Air Show
3722,"M4 rifles, live rounds and more: Security forces seize arms and ammunition from J&K hideout along LoC"
3723,BJP youth wing leader arrested in Kerala for ‘assaulting live-in partner’
3724,"5 stories you must read today, November 21: From implementation of new labour code to Cyclone Senyar alert and more"
3725,"Nitish Kumar Cabinet Portfolio 2025: Samrat Choudhary given Bihar Home Ministry, CM keeps general administration"
3726,Prashant Kishor pledges 90% income to Jan Suraaj
3727,Dubai Air Show Crash: What is Tejas? 5 things about 4.5-generation Indian fighter jet
3728,IAF Tejas crashes at Dubai air show: What we know so far
3729,Tejas crash at Dubai air show: What IAF said on fighter jet crash and pilot
3730,IAF Tejas fighter jet crash LIVE Updates: Wg Cdr Namansh Syal identified as pilot killed in Tejas crash at Dubai airshow
3731,"VIDEO: Tejas crashes at Dubai air show, camera captures fatal moment it erupted into fireball"
3732,IAF’s Tejas fighter jet crash during Dubai air show leaves pilot dead; Defence Minister says ‘deeply anguished’
3733,SIR Form Online: Step-by-step guide to fill and submit your enumeration form online
3734,"Manipur’s Rajya Sabha MP claims IPS barged into Royal Palace, where he lives; police say his guards ‘hindered efforts’"
3735,"‘Several lapses, non-compliance of guidelines and Pocso Act’: CBSE issues show cause notice to private school in Jaipur after student’s death"
3736,‘No rest till Constitution is amended’: Tamil Nadu CM Stalin says Governor cannot pause assent to a Bill
3737,‘Doing so safely’: Cong targets PM Modi as he embarks on South Africa visit to attend G20 Summit amid US boycott
3738,India’s first private PSLV launch likely early 2026 as production nears completion
3739,"Cyclone Senyar: IMD issues high-wave, heavy rain alert for Andaman & Nicobar islands"
3740,"South India Weather, Politics Live Updates: Karnataka CM Siddaramaiah meets Congress president Mallikarjun Kharge amid impasse over Cabinet reshuffle"
3741,"Gold Today Rate, November 21: Check 18, 22 and 24 carat gold prices Chennai, Mumbai, Delhi, Kolkata and other cities"
3742,"Top News Headlines of November 21, 2025 | ‘Further delays unacceptable’: Bill and Hillary Clinton summoned by House Oversight Committee in Epstein probe"
3743,JNMF unveils Nehru Archive; 100-volume ‘Selected Works’ goes online in first phase
3744,"Tamil Nadu Weather Today, November 21: Tamil Nadu to receive light to moderate rain; heavy rain in isolated pockets"
3745,‘Particularly special summit’: PM Modi as he embarks on 3-day visit to South Africa to attend G20 Summit
3746,"National-level shooter sexually harassed on bus by drivers, conductor in Indore"
3747,In the works: Policy to make for Jammu and Kashmir ‘investment-ready’
3748,"‘Maulana’s Building’, Al Falah University chairman’s ancestral home in Madhya Pradesh, gets demolition notice"
3749,"As Goa sees uptick in crime, senior officers are transferred in police reshuffle"
3750,EXCLUSIVE | Red Fort blast module: Foreign handler ‘shared 42 bomb-making videos with doctor on encrypted apps’
3751,ED names Robert Vadra as accused in case against UK-based arms consultant
3752,Great Nicobar Project: Petitioner seeks full disclosure of key report
3753,Foodgrain production hits record high
3754,"7th Colombo Security Conclave: Doval, NSAs discuss ways to boost maritime safety, counter terrorism"
3755,1994-batch officer Atish Chandra appointed Agri Secretary
3756,"Fossil fuel phase-out can’t be uniform for all countries, says India at COP30"
3757,"BRICS Presidency: India to follow G20 model, take meetings, delegations to all states, UTs"
3758,"Tension simmering between allies BJP, Tipra Motha in Tripura; cases of arson, violence reported"
3759,"Passenger train rams into pickup truck in Tripura’s Dhalai district; truck driver, 1 other dead"
3760,J-K forms high-level panel to probe blast at Nowgam police station where explosives seized from Faridabad were stored
3761,We appreciate our partnership with India’s security agencies: US Embassy on Bishnoi’s arrest
3762,"Gun, bullets found in raids on Kashmir Times office, probe agency claims; owners call it bid to silence"
3763,"Sabarimala gold theft case: In further setback to Kerala’s ruling party, SIT arrests CPM leader Padmakumar"
3764,"Day before restart of Manipur’s biggest tourism fest, protesters clash with security forces: ‘Restore free movement first’"
3765,"US clears Excalibur artillery shells, Javelin anti-tank systems for India"
3766,"5 stories you must read today, November 20: From Gen Z protests in Nepal to SIR row in Bengal and more"
3767,West Bengal voter list 2025 | How to check your name in SIR list: Know whether your BLO has uploaded your enumeration form
3768,Asaduddin Owaisi’s sharp attack on CM Yogi Adityanath after UP govt moves to withdraw Akhlaq lynching case
3769,"IAF Unmanned Aerial Vehicle malfunctions, forced to land near India-Pak border in Jaisalmer"
3770,Delhi Red Fort blast: Umar Nabi’s 4 associates arrested by NIA
3771,"The cabinet of CM Nitish, round 10: Much old, some new, and a fine balancing act"
3772,"Congress questions PM Modi, EAM Jaishankar as US report claims ‘Pakistan’s military success’ against India"
3773,ISRO successfully performs engine restart test on CE-20 of Gaganyaan Mission’s launch vehicle
3774,"At Nitish Kumar’s Bihar Cabinet’s oath-taking ceremony, PM Modi waves Bihari ‘gamchha’ in signature style: WATCH"
3775,"Flipkart, Zomato, Blinkit among 26 leading e-commerce platforms to declare confirming compliance with dark patterns norms"
3776,"In first use of Act from 1950, Assam issues orders to 5 people: ‘Remove yourself from India within 24 hours’"
3777,"Delhi Trade Fair 2025: Dates, Ticket Prices, Entry Timings, Theme, How To Book, and Other Details"
3778,Kashmir Times office raided by investigators in Jammu
3779,"Abandoned at birth and looked after by humans, first Indian cheetah Mukhi becomes mother to 5 cubs"
3780,"India’s Longest CM List: Ten oaths, but Nitish Kumar still not the longest-serving Chief Minister"
3781,"‘I, Nitish Kumar, solemnly swear…’: Nitish Kumar takes oath as Bihar CM for record 10th time"
3782,Bihar Cabinet ministers list 2025: Who are the ministers in Nitish Kumar’s new Cabinet? Check the full list
3783,"Top News Headlines of November 20, 2025 | Watch: Massive fire breaks out at COP30 Summit venue in Brazil"
3784,"Gold Today Rate, November 20: Check 18, 22 and 24 carat gold prices Chennai, Mumbai, Delhi, Kolkata and other cities"
3785,"ED attaches Anil Ambani-linked assets worth Rs 1,452 crore in loan fraud probe; total seizures near Rs 9,000 crore"
3786,Bihar CM Oath Ceremony Highlights: Nitish Kumar sworn in as Bihar CM; PM Modi says ‘leaders will take Bihar to new heights’
3787,Red Fort blast echo in Jammu as key prisons are searched
3788,"MLA behind bars, AIUDF says will field him from jail in Assam polls"
3789,"Witchcraft rumours swirl, 3 adivasi schoolgirls are expelled from school in Jharkhand, relatives say"
3790,End of the road for Ghulam Nabi Azad’s party? Two ex-ministers rejoin Congress
3791,"‘Resources at breaking point’: Kerala HC caps Sabarimala pilgrims number at 75,000 a day"
3792,My morale badly dampened: Begusarai judge objects to Principal District Judge transferring case away from him
3793,"In Bihar, seats with most deletions, additions of voters see NDA dominate"
3794,"India could soon have Javelin missiles, Excalibur artillery in arsenal as US approves possible $93 million defence deal"
3795,"Now, desi gene editing technology to aid cheaper, commercial GE crop breeding"
3796,China ran disinformation campaign against Rafale after Operation Sindoor: US report
3797,"Afghan Commerce Minister visits India, likely to meet Piyush Goyal"
3798,"Days after Hasina conviction, Doval meets Bangladesh NSA"
3799,"Wong, Jaishankar to hold talks today"
3800,Former Chile President Michelle Bachelet gets Indira Gandhi Peace Prize
3801,"Seva central value of Indian civilisation, says Modi in Andhra Pradesh"
3802,"NCDC disbursed  Rs 95,200 cr in FY25 to coop societies: Amit Shah"
3803,Man injured as 2 groups clash in Tripura’s Kailashahar over government tenders; FIR registered
3804,"All Kashmiris being looked at with suspicion after Delhi Red Fort blast, Omar says"
3805,"Bihar wind has arrived in Tamil Nadu, Modi says during Coimbatore visit"
3806,PM Modi to attend G20 Summit in South Africa tomorrow
3807,"Panun Kashmir slams Centre, says investment invitation to Gulf nations radicalising youth"
3808,Tripura Govt announces plan to fill 400 vacancies and upgrade two colleges to universities
3809,"5 stories you must read today, November 19: From a BLO’s death by suicide due to ‘work pressure’ to 272 prominent citizens criticising Rahul Gandhi’s ‘vote chori’ attacks"
3810,Omar Abdullah on Red Fort blast: ‘I think twice before taking out my car with J&K registration in Delhi’
3811,"COP30: Draft of ‘political’ agreement on climate finance, trade measures released in Brazil"
3812,Nitish Kumar chosen leader of NDA in Bihar; set to take oath as CM for record 10th time
3813,MP’s elite Hawk Force loses decorated officer in encounter with armed Maoists
3814,Who is Anmol Bishnoi? 5 things about the gangster deported to India from US
3815,"‘Impotent rage’: 272 former judges, bureaucrats criticise Rahul Gandhi’s ‘vote chori’ attacks on Election Commission"
3816,Prashant Kishor calls decision to not contest Bihar polls ‘mistake’
3817,Caught on camera: Masked men with swords and baseball bats storm Bhopal cafe as customers flee
3818,Is this the end of Maoists? Telangana DGP offers perspective on what Madvi Hidma’s killing means
3819,"PM Kisan Yojana 21st Installment 2025 LIVE Updates: ‘Focus on one acre, one season’; PM Modi pushes TN farmers for natural farming"
3820,Let’s put an end to demolition and blast policy: BJP leader in Valley after Umar Nabi’s house razed
3821,"Gangster Anmol Bishnoi, accused in Baba Siddique murder case, lands in India; arrested by NIA"
3822,"Shown Islamic State videos, forced to join terror outfit: Kerala teen’s complaint against mother, stepfather"
3823,MHA approves premature repatriation of former Chandigarh DGP S S Yadav from BSF to Parent Cadre
3824,"Daily entries capped at 1 lakh, spot bookings at 20,000: Sabarimala tightens rules as crowds swell"
3825,"Nitish Kumar picked as leader of JD(U) legislature party in Bihar; BJP’s Samrat Chaudhary, Vijay Sinha likely to be deputy CMs"
3826,Red Fort Blast Case | ‘This is terrorism and nothing else’: Owaisi condemns Umar un Nabi’s claims on suicide bombing
3827,"‘Disgraceful approach’: Stalin hits out at Centre’s ‘revenge politics’ after Metro plans for Coimbatore, Madurai blocked"
3828,"Gold Today Rate, November 19: Check 18, 22 and 24 carat gold prices Chennai, Mumbai, Delhi, Kolkata and other cities"
3829,"With ‘brain-eating amoeba’ cases on the rise, Karnataka govt issues advisory on for Sabarimala pilgrims"
3830,"No let-up in offensive against Maoists: Day after Hidma encounter, 7 more killed in Andhra Pradesh"
3831,‘Her fearless leadership shaped a self-reliant nation’: Congress pays tributes to former PM Indira Gandhi on 108th birth anniversary
3832,"2 minors booked under UAPA by Chhattisgarh ATS for ‘ISIS link’s, ‘influencing’ youth on social media"
3833,"Tamil Nadu CM Stalin accuses Centre of ‘revenge politics’: What we know about Madurai, Coimbatore Metro proposals"
3834,"Top News Headlines of November 19, 2025 | Congress holds talks with NCP(SP) chief for Mumbai polls alliance"
3835,"Kerala Weather News: Thiruvananthapuram, Kollam on ‘yellow’ alert as IMD flags rain, thunderstorm risk"
3836,"Delhi Red Fort blast: Umar Nabi video found on phone that was to be dumped by brother, say investigators"
3837,"Doctor, wife detained for ‘misusing position, radicalising youth’"
3838,"Amid hectic SIR activity, Goa zilla panchayat polls deferred by a week"
3839,"He was lured with promise of high salary. Then, a Jharkhand techie landed in cyberfraud net in Myanmar"
3840,"Two minors detained for anti-India activities, booked under UAPA"
3841,Sheikh Hasina party leaders slam death term: ‘India must help our fight’
3842,"Express Exclusive: CBFC exemption pending, Peter Brook’s restored ‘The Mahabharata’ out of IFFI Goa"
3843,"Congress to protest in Delhi against SIR, directs state units to appoint booth agents"
3844,Notice to 43 Congress leaders for anti-party activities in Bihar
3845,"Amid Bihar Cabinet berth talks, JDU leaders meet Shah over Speaker choice"
3846,"Army invites commercial bids for fast patrol boats, landing craft assault: Focus on operations in Sir Creek, Brahmaputra river basin, eastern Ladakh"
3847,EAM meets President Putin ahead of his visit for India-Russia annual summit
3848,"Big announcement under PM Fasal Bima Yojana: Crop insurance to cover losses due to wild animal attacks, paddy inundation from 2026 kharif season"
3849,"‘Sacred, finite national resource’: President Droupadi Murmu calls for innovation in farm water use"
3850,"Red Fort blast echo: In Kashmir, a crackdown on potential ammonium nitrate misuse"
3851,"Ahead of December summit, Jaishankar meets Putin in Moscow"
3852,Congress to hold rally against SIR at Delhi’s Ramlila Maidan: ‘Election Commission working on behalf of BJP and Narendra Modi’
3853,"Tej Pratap’s warning to ‘Jaichands’ amid Rohini Acharya row; urges PM Modi, Amit Shah to order probe"
3854,"5 stories you must read today, November 18: From Prashant Kishor taking full responsibility for the poll debacle to X down for users worldwide"
3855,Elon Musk’s X down today: How Twitter users reacted to global outage
3856,From dismal Jan Suraaj show to retirement rumours: What Prashant Kishor said at first public address since Bihar poll drubbing
3857,Prashant Kishor says ‘will retire’ if Nitish Kumar fulfils promise to transfer Rs 2 lakh to women
3858,Shashi Tharoor lauds PM Narendra Modi’s Ramnath Goenka Lecture: ‘Glad to have been in audience’
3859,‘No justification for terrorism’: EAM Jaishankar days after Delhi’s Red Fort blast
3860,"After Hidma encounter, the Octopus raids – 31 Maoists and sympathisers hiding in Andhra as migrants are picked up"
3861,"On Zubeen Garg’s 53rd birth anniversary, Assam CM Himanta Sarma’s big announcement"
3862,"India, Russia hold high-level interagency consultations in Delhi"
3863,"‘People won’t sell their future for Rs 10,000’: Prashant Kishor weighs in on Bihar poll result outcome"
3864,"‘Came to change system, couldn’t even change government’: Prashant Kishor on Jan Suraaj’s poor show in Bihar polls"
3865,‘Lakhs of genuine electors face risk of exclusion’: Cong MP moves SC against SIR
3866,"Madvi Hidma, top surviving Maoist leader behind 26 lethal attacks, killed in encounter"
3867,18 members of same family among those wiped out in Saudi bus crash that killed 45 from India
3868,"Al Falah under lens, attention turns to once-renowned Siddiqui family from Madhya Pradesh"
3869,"Gold Today Rate, November 18: Check 18, 22 and 24 carat gold prices Chennai, Mumbai, Delhi, Kolkata and other cities"
3870,"Pressure mounting from farmers, Madhya Pradesh rolls back land pooling scheme at Simhastha"
3871,"An accident and a scuffle in Jammu pit two officials, protesters against each other"
3872,"44 workers from J&K on way to Arunachal detained by locals at Assam railway station, let go after police intervention"
3873,"Two suicides, BLO protests threaten to disrupt SIR in Tamil Nadu, Kerala, Rajasthan"
3874,"2 months after his face was smeared with cow dung, Goa police chargesheet says attack on activist had ‘no political link’"
3875,Video of school students doing manual labour lands headmaster in trouble in Jharkhand
3876,"India, Russia look to finalise new pacts during Putin visit"
3877,"Accused of ‘illegally transferring govt land’, former Satna collector gets clean chit from Madhya Pradesh govt"
3878,Iran cancels visa-free entry for Indians over trafficking cases
3879,Regional strength with national progress is Modi govt’s goal: Amit Shah
3880,PM Modi urges 10-year national pledge to shed colonial mindset rooted in Macaulay’s legacy
3881,EC orders special revision of electoral rolls in Assam
3882,"5 stories you must read today, November 17: From 45 pilgrims killed in Saudi Arabia bus accident to SC asking Centre to decide on ratifying UN cybercrime treaty"
3883,Mob vandalises shops in Nainital’s Haldwani amid tensions over cattle remains found near school
3884,Rs 5 lakh for ‘credible’ info: J-K Police’s latest effort to take public’s help in fight against terror
3885,"Red Fort Blast: NIA arrests Umar Nabi’s another aide who was involved in modifying drones, trying to make rockets"
3886,"Nitish meets Governor, recommends Assembly dissolution; swearing-in on Nov 20"
3887,"India will continue to treat terrorists and their sponsors alike, relations with China improved significantly: Army Chief General Upendra Dwivedi"
3888,Mumbai-Ahmedabad bullet train project: Surat-Bilimora section enters final construction phase | Latest update
3889,MEA reacts to Sheikh Hasina’s death sentence: ‘India remains committed to the best interests of people of Bangladesh’
3890,"Ramnath Goenka Lecture Live Updates: We win elections because we are committed to development and welfare 24/7, says PM Modi"
3891,"Terror module case: Dr Rather’s neighbour, who set himself on fire after being called to police station, dies"
3892,"‘Root of our existence’: Queen of the rainforest, the sacred Samaúma tree is key to what makes Amazon the planet’s lungs"
3893,Vande Bharat Sleeper train trial run: RDSO completes testing of second rake – what’s next?
3894,‘Democratic forces must unite’: Tripura Oppn leader Jitendra Chaudhury slams attacks on CPI(M) offices after Bihar poll results
3895,"PM Modi mourns death of 45 Indians in Saudi Arabia accident, says Embassy providing all possible assistance"
3896,"Saudi Arabia Bus Crash Live Updates: At least 45 Indian pilgrims feared dead near Medina, Hyderabad families in distress"
3897,"‘Media’s main job is to maintain integrity of legislative, executive and judicial institutions’: Tripura CM Manik Saha"
3898,"Gold Today Rate, November 17: Check 18, 22 and 24 carat gold prices Chennai, Mumbai, Delhi, Kolkata and other cities"
3899,"Bihar Govt Formation 2025: Nitish Kumar resigns as Bihar CM, BJP–JD(U) likely to split seats evenly"
3900,Alarming rise in African swine fever prompts pork sale ban in 7 Assam districts
3901,‘Said it in flow…’: Madhya Pradesh minister apologises for calling Raja Ram Mohan Roy ‘British agent’
3902,"‘Youth once keen to become doctors, engineers now ready to turn suicide bombers’: Mehbooba asks Centre to reflect"
3903,A new cafe in Bastar will bring ex-Maoists and victims of Naxal violence together
3904,"Moving to drop Dadri lynching case, UP govt cites family’s ‘changing statements, no enmity’"
3905,Prime Minister Narendra Modi to deliver Sixth Ramnath Goenka Lecture today
3906,"Terror module crackdown: Accused doctor’s neighbour sets himself on fire after Kulgam police detain his sons, call him to station"
3907,"5 stories you must read today, November 16: From BJP minister calling Raja Ram Mohan Roy ‘British agent’ to India’s defeat in 1st Test against South Africa and more"
3908,NIA’s first arrest in Delhi blast case: Aide of doctor who drove the car that blew up near Red Fort
3909,"Utah delegation in India, pitches rare earth collaboration"
3910,"‘Ease of living’: CAG to assess 101 major cities on infrastructure, environmental sustainability, local economic growth"
3911,‘No terror conspiracy or outside interference’ behind Nowgam blast: J-K Lt Governor Manoj Sinha
3912,Central Railway to roll out modern LHB coaches on 16 trains – Full list
3913,"Kerala BLO dies by suicide, unions announce SIR work boycott today"
3914,IRCTC No Food option: Is water bottle still free in Rajdhani Express for passengers opting ‘No Meals’?
3915,"‘Never, ever save your god-like father if …’: Rohini Acharya says ‘was cursed at’ for donating ‘dirty kidney’ to Lalu Prasad Yadav"
3916,"Kerala local body polls 2025: Two-phase polling, timeline and election process — here’s all you need to know"
3917,Nowgam police station blast: What we know so far
3918,‘Save your family from falling apart’: BJP’s message to Lalu-Rabri after daughter Rohini Acharya’s exit
3919,"EAM Jaishankar discusses bilateral partnership, regional developments with Bahraini counterpart"
3920,"Top News Headlines of November 16, 2025 | US House Speaker says there is ‘nothing to hide’ in Epstein files"
3921,"Madhya Pradesh minister calls Raja Ram Mohan Roy ‘British agent’, BJP distances itself from remarks"
3922,"‘Constant mental harassment by office seniors’ led 55-year-old J-K man to suicide, 3 govt officials held: Police"
3923,India’s third-largest cricket stadium has never hosted a Test. That could change soon
3924,Behind taxi turf wars that cast shadow on tourism in Goa
3925,"At CII partnership meet, Naidu hails Andhra as investment hub"
3926,"Our voters went with NDA out of jungle raj fear, says Jan Suraaj"
3927,Siddaramaiah meets Rahul Gandhi amid Karnataka Cabinet rejig buzz
3928,"JDU flags PM role in win, says Modi PM and Nitish CM is ‘Bihar dream’"
3929,"People of Bihar don’t need politics lessons, they teach world: PM Modi"
3930,Another glass ceiling breaks: Women soldiers soon in Territorial Army
3931,"Punjab woman who failed to return from Pakistan has converted to Islam, married in Lahore: Police"
3932,"After allies’ debacle in Bihar, JMM says Tejashwi should have sought Hemant Soren’s help"
3933,"Man arrested after ammunition, contraband items seized from Tripura house; his wife also under scanner"
3934,"Those killed when blast ripped through Nowgam police station: Cops, lab assistant, naib tehsildar, photographer, tailor"
3935,J-K govt announces Rs 10 lakh ex gratia for kin of each deceased in accidental blast
3936,"House, 5 commercial properties of ‘drug peddler’ demolished in J-K: Police"
3937,"Who is Rohini Acharya? Lalu’s daughter ‘quits politics, disowns family’"
3938,"After Congress’s Bihar loss, a message from ally Stalin: Clarity, welfare, and groundwork win elections"
3939,"Hours after suspension over ‘anti party activities’, former Union Minister RK Singh quits BJP"
3940,"Maruti Suzuki to recall 39,506 units of Grand Vitara: Here’s why"
3941,"5 stories you must read today, November 15: From J&K police station blast linked to Red Fort plot to Zohran Mamdani’s push for Starbucks boycott and more"
3942,"‘Sophisticated’ cross-border supply chain of arms, narcotics exposed as NIA chargesheets ‘mastermind’"
3943,"Indian Railways increases frequency of Gujarat’s 1st Amrit Bharat train; ticket booking opens on Nov 16 – check route, fare, stoppages"
3944,"Day after poll drubbing, RJD says ‘no sorrow in defeat…will continue to raise voice among poor’"
3945,"3 policemen dead, 1 missing after their car falls into dam in Ranchi"
3946,"In blow to Lalu after Bihar poll rout, daughter Rohini quits politics, ‘disowns’ family"
3947,"Disposal of train garbage: Railways enforces new OBHS, Pantry Car norms; non-compliance may lead to termination"
3948,Ex-Union minister among three leaders suspended by BJP for ‘anti-party activities’
3949,Indian Railways pet travel policy: Planning train journey with your dog? Know IRCTC rules and ticket booking process
3950,"Entire poll process questionable, will present concrete proof, says Congress"
3951,‘Accidental explosion’: Centre says Nowgam police station blast triggered during forensic sampling process
3952,"IndiGo, Akasa Air to launch new flight routes from Navi Mumbai on December 25"
3953,"Nowgam blast accidental, caused by ‘unstable’ material seized from Faridabad kept at open area of police station: J-K DGP"
3954,"J&K police station blast was accident, says DGP; 9 killed"
3955,‘Congress has become MMC — Muslim League-Maoist Congress’: PM Modi’s hits back after Rahul Gandhi’s ‘vote chori’ claims | WATCH
3956,"Dipankar Bhattacharya interview: ‘Inexplicable result, needs to be probed from all angles’"
3957,"Bungee jump goes wrong in Rishikesh, Gurgaon man critically injured"
3958,"Combined Left takes a big hit, tally down from 16 to three"
3959,"Bihar Opposition shrinks to 35, lowest in 15 years; PM hails massive win, says it paves way for Bengal 2026"
3960,"Behind collapse: RJD ‘weak narrative’, Opposition failure to expand base"
3961,"At Patna Ground Zero, a road separates victory and defeat: Celebrations in JD(U) & BJP offices, silence at RJD headquarters"
3962,Jan Suraaj fails to open account as bid to present alternative narrative finds no takers
3963,Mirwaiz Umar Farooq condemns Red Fort incident
3964,Centre allows 15 LMT sugar export in 2025-26
3965,Bihar Assembly Election Results 2025: Constituency-wise winners and runners-up
3966,9 killed in blast at Nowgam police station in J-K as team examines explosives linked to Red Fort module
3967,"Stone pelting at counting centre in Bihar’s Kaimur, security heightened"
3968,Bihar Elections Results 2025: Winners and losers in highest polling constituencies
3969,Bihar Assembly Election Results 2025: Winners and losers in lowest polling Assembly constituencies
3970,"Old M-Y formula shattered, now it is mahila and yuva, says PM Modi"
3971,"Rahul Gandhi calls Bihar verdict ‘truly surprising’, promises a review"
3972,Three held for smuggling cocaine from Ethiopia
3973,Bihar Election 2025: JD(U) Full List of Winning and Losing Candidates
3974,RJD’s wins and losses in Bihar Assembly elections 2025
3975,"Bihar mandate a ‘giant leap’ that will impact country, Mahayuti to sweep Maharashtra local polls too: BJP’s Vinod Tawde"
3976,"Bihar Election Results 2025: AIMIM punches above its weight, outperforms Congress, Prashant Kishor’s Jan Suraaj"
3977,"PM Modi says Bihar supported SIR, calls for ‘purification’ of voter rolls"
3978,"Tripura CM Saha hails NDA’s ‘big victory in Bihar’, predicts next big political change in West Bengal"
3979,"ED turns down Anil Ambani’s request for virtual appearance, asks him to report on Monday"
3980,"5 stories you must read today, November 14: From Centre notifying data protection rules to Red Fort bomber’s home razed and more"
3981,"Meet Maithili Thakur, who is set to become Bihar’s youngest MLA: 5 things about BJP’s Alinagar candidate"
3982,"On Mahua Moitra’s plea, National Green Tribunal directs CPCB to check allegations of GRAP-3 violations in Delhi"
3983,"Bihar Election Result 2025: Maithili Thakur, singer-turned-politician, set to become Bihar’s youngest MLA"
3984,"Bihar Assembly Election 2025: Anant Singh wins Mokama by 28,206 votes while contesting from jail"
3985,"In Rajasthan’s Anta, what Congress bypoll win means for key players – Gehlot, Raje, the CM, and a perpetual rebel"
3986,"In Mizoram, bypoll win for heavyweight who lost his crown"
3987,"Bihar Election Results: As NDA surges ahead, here’s what’s unfolding in 7 key constituencies"
3988,Mumbai-Ahmedabad bullet train project: PM Modi to visit under-construction Surat bullet train station on Nov 15
3989,Pulwama house of Red Fort blast accused Umar Nabi demolished
3990,LIVE | Bihar Assembly Election Result 2025 Reactions: NDA begins celebrations across Bihar as alliance crosses 200 mark
3991,BJP leader Shehzad Poonawalla says ‘people voted for Modi-Nitish good governance’ as NDA leads in early trend
3992,Chapra Election Results 2025: BJP’s Chhoti Kumari wins by 7600 votes
3993,"Gold Today Rate, November 14: Check 18, 22 and 24 carat gold prices Chennai, Mumbai, Delhi, Kolkata and other cities"
3994,"Bihar Election Results 2025: NDA crosses majority mark in early trends, Nitish Kumar’s JDU leads tally"
3995,PM Modi offers tributes to Jawaharlal Nehru on birth anniversary
3996,"Bihar Election Results 2025 Constituency-wise, Seat-wise: Check full list of winners"
3997,Sangh not formed to destroy anyone: RSS chief Mohan Bhagwat
3998,"Promised job in Thailand, kept as ‘cyber slaves’ in Myanmar: Uttarakhand men’s Southeast Asian ordeal leads to agent’s arrest"
3999,"LIVE | Today’s Latest News 14 November: Bihar Election Results, Breaking News, and India News Updates"
4000,Police bring engineering student to college in handcuffs days after arrest over Jharkhand protest; family demands action
4001,"Bihar Election Commission of India Results 2025 LIVE: check results on results.eci.gov.in | Chapra, Raghopur, Karakat, Chanpatia, Ramgarh"
4002,"Nellie massacre report highlights demographic change, says Himanta ahead of its tabling"
4003,Mahua Election Result 2025 Highlights: Tej Pratap Yadav loses Mahua seat to LJP(RV)’s Sanjay Kumar Singh
4004,Tarapur Vidhan Sabha Election Results 2025 LIVE: Sitting Dy CM Samrat Choudhary wins Tarapur by 1.22 lakh votes
4005,"Jan Suraaj Party Bihar Election Results 2025 Highlights: JSP to undertake ‘serious review’ of performance after poll setback, says spokesperson"
4006,"Jubilee Hills, Nuapada By-Election Results 2025 Highlights: Congress’ Naveen Yadav wins in Jubilee Hills bypoll; BJP’s Jay Dholakia in Nuapada"
4007,"Chapra, Raghopur Election Result 2025 Highlights: Tejashwi Yadav maintains stronghold in Raghopur with 14,532 votes; BJP’s Chhoti Kumari defeats Khesari Lal Yadav in Chapra"
4008,"Alinagar, Lakhisarai, Arrah Election Result 2025 Highlights: Debutant Maithili Thakur wins Alinagar seat, becomes youngest MLA in state"
4009,ECI Bihar Election Results 2025 LIVE: ‘No sorrow in defeat…ups and down inevitable’: RJD’s first reaction to poll rout
4010,"By-Election Results 2025 Highlights: Congress candidate wins Jubilee Hills bypoll, BJP’s Devyani Rana wins Nagrota bypoll"
4011,"In Aland voter deletion probe, SIT’s first arrest: 27-year-old from West Bengal"
4012,Growth of India’s CO2 emissions expected to slow down significantly in 2025: Study
4013,New museum in Chhattisgarh shines spotlight on tribal freedom fighters
4014,"Terror module, the beginning: Kashmir cleric’s chance visit to hospital, where accused doctor worked"
4015,"COP30: Framework, toolkit to rope in governance, tackle extreme heat released"
4016,"Sri Sri Ravi Shankar, Mirwaiz meet in Srinagar: ‘Dialogue essential to promote peace’"
4017,"Jaypee Infratech ex-MD arrested by ED, sent to 5-day custody"
4018,Assets worth Rs 61.20 crore of Bhupesh Baghel’s son Chaitanya attached by ED in Chhattisgarh ‘liquor scam’
4019,"2 doctors from UP’s Kanpur and Hapur, who ‘were in touch with terror module accused’, questioned"
4020,"Blast near Red Fort: Congress asks PM to hold all-party meet, says advance House session"
4021,Social media posts after Red Fort blast see Assam carry out a crackdown last witnessed in Pahalgam aftermath
4022,All eyes on Bihar Assembly election 2025 results tomorrow: NDA confident. Can Tejashwi Yadav defy exit polls?
4023,"Row in Kerala’s Left over PM SHRI deepens, CPM minister says ‘don’t hold me responsible if Centre doesn’t release funds’"
4024,"5 stories you must read today, November 13: From Al-Falah University under scanner to Trump signing funding bill to end US govt shutdown and more"
4025,‘Not every resident of Kashmir is a terrorist’: Omar’s word of caution after Red Fort blast
4026,"BJP, JDU, RJD Bihar Election Result 2025 LIVE Updates: As NDA heads for historic 200-plus victory, leaders thank voters & slam Oppn"
4027,"Rs 30 lakh fine, jail in draft Bill to curb sale of low-quality seeds"
4028,Madras High Court seeks state’s response to plea seeking ban on Desiya Thalaivar
4029,"CBI files FIR, takes over Odisha police recruitment scam case"
4030,"Bihar Assembly Election Results 2025: When and where to track counting, trends, and results online"
4031,"Goa cash-for-jobs scam: Scrutinising accused’s allegations, can’t take them at face value, say police"
4032,Delhi-Meerut RRTS corridor: Ghaziabad’s Duhai becomes second Indian city to get solar panels between tracks
4033,"Gold Today Rate, November 13: Check 18, 22 and 24 carat gold prices Chennai, Mumbai, Delhi, Kolkata and other cities"
4034,"Jubilee Hills and Nuapada By Election Results 2025: Know date, time, and where to watch the By-Election Results"
4035,"US Secretary of State Rubio calls Delhi blast ‘terrorist attack,’ praises India’s ‘measured’ response"
4036,"NIA raids in Gujarat, Bengal, and 3 other states in al-Qaida terror conspiracy case"
4037,"Byelection results 2025 date and time: Anta, Budgam, Dampa, Ghatsila, Nagrota, Tarn Taran, Jubilee Hills results to be out on November 14"
4038,"‘Take me to Odisha soon…’: Adopted by US-based woman 8 years ago, 21-year-old alleges torture, conversion bid"
4039,"‘Hit her on head with set-top box’: Kerala couple, popular for family counselling, in domestic violence row"
4040,"Woman detained in protest ‘suffers miscarriage’ in Jharkhand; Adivasi groups allege mistreatment, jail authorities dismiss pregnancy claims"
4041,"MBBS degree from China, partner in online food joint: Who is Hyderabad doctor at centre of ‘Ricin terror plot’?"
4042,"‘Left our two sons with me, never contacted us after divorce’: Ex-husband of Dr Shaheen, accused in terror module case"
4043,"Top News Headlines of November 13, 2025 | Sri Sri Ravi Shankar, Mirwaiz meet in Srinagar: ‘Dialogue essential to promote peace’"
4044,"Before and after Red Fort blast, the 2 clerics arrested, 800 kilometres apart"
4045,"Andhra Pradesh eyes $1 trillion investments in five years, job creation priority: Nara Lokesh"
4046,"Election Commission eases BLA appointment rules, TMC says it will benefit BJP in SIR"
4047,"As Jaishankar meets  Canada counterpart, its trade minister sets out to boost India ties"
4048,‘Bangladesh can’t and won’t remain in this state… will rise again’: Ousted PM Sheikh Hasina
4049,India 9th among countries worst hit by climate disasters in last 30 years: Report
4050,CJI Gavai: Progress in gender equality  is not due to judiciary alone
4051,"Amid Murmu state visit, Botswana announces translocation of eight cheetahs"
4052,"R&AW chief gets additional charge of security secretary, days after Delhi blast"
4053,"Week into SIR 2, EC says 72% voters have got enumeration forms"
4054,Chidambaram after Red Fort blast: Should ask what turns educated Indians into terrorists
4055,"‘Senseless act of violence’: Cabinet condemns Red Fort ‘terror incident,’ orders swift probe into Delhi blast"
4056,"House panel on Bills for removal of jailed ministers set up, 26 of 31 members from NDA"
4057,Red Fort blast | ‘Umar often spoke of spectacular attack’: Probe widens into terror module
4058,NIA and police conduct raids in Tripura’s Unakoti district in crackdown on human trafficking
4059,"Infosys Prize 2025 recognises research on Prakrit languages, DNA repair and renewable electricity"
4060,"5 stories you must read today, November 12: From Tejashwi predicting 160 seats for MGB to court rejecting CBI probe in IPS officer Y Puran Kumar’s death and more"
4061,Exit polls may give NDA the edge but Tejashwi has a different prediction: 160-plus for Mahagathbandhan in Bihar
4062,MP sarpanchs now have power implement projects worth Rs 25 lakh: CM Mohan Yadav
4063,"Police sweep across Kashmir sees raids on 200 locations, hundreds of detentions"
4064,"India to set up immigration check post in Assam, announces PM Modi during 2-day visit to Bhutan"
4065,"Top News Headlines of November 12, 2025 | ‘Fake narrative to smear Trump’: White House on ‘selective leak’ of Epstein emails"
4066,"Gold Today Rate, November 12: Check 18, 22 and 24 carat gold prices Chennai, Mumbai, Delhi, Kolkata and other cities"
4067,"‘If I hadn’t been forced to quit, I would have earned lakhs by now’: Trans woman petitioner Jane Kaushik"
4068,"Before Red Fort blast, who were the 7 arrested as part of ‘terror module’ bust?"
4069,Sabarimala ‘missing gold’: Former temple board chief latest to be arrested
4070,"Goa ‘cash-for-jobs scam’: Police expand probe after key accused claims minister, IAS officer involved"
4071,‘Where are you son? Please come home’: Mothers of senior Maoist leaders make video appeal after Chhattisgarh minister’s visit
4072,"Month after death of Kerala techie who alleged sexual abuse at RSS shakha, police book man named in video"
4073,"Blast outside Red Fort: Give report at earliest, Amit Shah directs officials"
4074,Can Gaganyaan remain stable if one of the parachutes fails to open on time? ISRO conducts test to find out
4075,"Day after it was taken off agenda, India raises contentious finance provision at COP30 meet"
4076,"States’ plea against SIR: EC entitled to protect privacy of voters’ list data, says Supreme Court"
4077,"With 5.2 lakh structures, Telangana tops in water conservation projects"
4078,"What’s Al Falah, where the doctors linked to terror module worked"
4079,"Man at the wheel in explosion near Red Fort: Umar Nabi, doctor who ‘motivated white-collar group’"
4080,"‘Connected not just by borders but also cultures’: Modi arrives in Bhutan, inaugurates 1,020 MW hydroelectric project"
4081,Bihar sees highest ever turnout at 67.14% in final phase; exit polls predict NDA win
4082,"Tripura can emerge as IT and data hub in Northeast, says MeitY Secretary S Krishnan"
4083,"As links emerge between Red Fort blast suspect and terror module busted by JK police, officials say bigger attack averted"
4084,"Minor girl abducted from South Tripura district rescued from Nepal, reunited with parents"
4085,"Retired principal in Assam makes ‘election’ comment on Facebook post about Red Fort blast, detained"
4086,6 Maoists gunned down in encounter at Indravati National Park
4087,"5 stories you must read today, November 11: From suicide blast in Pakistan to Surendra Koli’s acquittal in last Nithari killings case and more"
4088,Bihar Election 2025 Exit Polls: Surveys predict clean sweep for NDA in Bihar
4089,"Bihar Election 2025 Exit Polls: Axis My India predicts 121-141 seats for NDA, Today’s Chanakya gives it 160+"
4090,"Local polls won’t affect SIR in Kerala, 1 crore forms distributed in state in 1 week: Chief Electoral Officer"
4091,Delhi Red Fort blast: Delhi Airport issues passenger advisory; security screening may take more time
4092,‘Terror module’ bust: AK-47 recovery from Anantnag doctor’s locker prompts Valley hospitals to take urgent steps
4093,Red Fort blast: DNA from Umar Nabi’s mother could prove crucial link in confirming bomber’s identity
4094,Delhi air pollution: Delhi Metro introduces 60 additional trains as GRAP 3 kicks in
4095,"‘Hum ta apan tham rail nahiye dekh sakbai’: Two decades on, two Bihar districts still await their first train as state heads to final phase of polls"
4096,Govt brings Rajasthan Chief Secretary Sudhansh Pant back to Centre
4097,"After car blast near Delhi’s Red Fort, UK issues travel advisory against travel to parts of India"
4098,"Security stepped up at Vaishno Devi shrine, Jammu city after Red Fort blast"
4099,‘Our agencies will get to the bottom of this conspiracy’: PM Modi after Red Fort blast
4100,"Top News Headlines of November 11, 2025 | Singaporean moneylender who fatally stabbed debtor pleads guilty at the age of 80 after 33 years on the run"
4101,"Red Fort blast: Doctor who went missing after Jaish module bust in Faridabad likely the bomber, police say, as Pulwama becomes probe ground zero"
4102,"Angered by repeated ‘thief’ taunts from villagers, Chhattisgarh teen ‘throws 2 toddler cousins in well’"
4103,Elderly ‘faith healer’ arrested after pregnant teen’s body found in septic tank in Assam
4104,Gangster ‘involved in Disha Patani house shooting’ arrested in Rajasthan
4105,"1,500 picked up for questioning in Kashmir after police get tip-off on ‘bid to disrupt peace’"
4106,"Vast opportunities for India, Angola to deepen economic ties: Murmu"
4107,"Content team in place, Central Vista museum awaits a narrative"
4108,Priyank Kharge: RSS did not register to be out of tax ambit
4109,Modi begins 2-day Bhutan visit today; will inaugurate hydro project
4110,State sees highest-ever turnout since 1951 as 66.91% voters cast their ballots
4111,From cyberslave to conman: Man held in Rs 46 lakh fraud
4112,"Finance, trade key agenda items, climate meet likely to be stormy"
4113,Tejashwi press conference in silence period shows he has admitted defeat: Ravi Shankar Prasad
4114,BL Santhosh to visit Manipur amid pressure for popular govt
4115,Diplomats in Delhi condole loss of lives in explosion near Red Fort
4116,"Enforce global standards by January, launch inspections: DCGI to states"
4117,Red Fort blast: i20 was at nearby parking lot for over 3 hours
4118,"Red Fort blast ripples in Bihar, police fan out as state votes today"
4119,"Bihar Election 2025: How to Check Your Polling Booth, Voter List for 2nd Phase Voting"
4120,"Evil forces trying to weaken country, need to stay vigilant: Tripura CM Manik Saha"
4121,Tripura Board of Secondary Education Class 12 and Class 10 exams from February 25 and 26
4122,Delhi Red Fort car blast: Northern Railway tightens security at these 5 stations – Full list
4123,"Delhi Red Fort Blast: Exploring all possibilities, will conduct thorough probe, says Amit Shah"
4124,"Delhi Red Fort blast: Kejriwal calls for immediate investigation, Rahul Gandhi say, ‘extremely heartbreaking’"
4125,Timeline of major blasts in India
4126,"‘Imagine if one day it suddenly stops’: Ramping up financial assistance for families, Himanta makes pitch for 2026 Assam polls"
4127,"Months after Op Black Forest, sanctuary boundary in Chhattisgarh Naxal hotbed to be shifted for jungle warfare college"
4128,"Bihar Assembly Elections Exit Polls 2025: date, time, what are exit polls and how are they conducted"
4129,"5 stories you must read today, November 10: From US Senate passing funding bill to Delhi’s Nehru Stadium to be demolished and more"
4130,"Andhra girl in US to pursue Master’s dies in her sleep, loved ones set up GoFundMe to bring body back"
4131,"Bihar Assembly Elections 2025: Tejashwi Yadav questions poll body, asks why EC didn’t disclose gender-wise data for Phase I voting"
4132,"Firozpur-Delhi Vande Bharat train to commence commercial run on Nov 11 – check stoppage, time table, ticket price"
4133,"Behind explosives in Faridabad doctor’s house, ‘transnational terror module’ busted during J-K police probe into posters"
4134,Indian Railways child ticket policy: IRCTC ticket booking rules parents must know before travelling with kids
4135,"Dates set: Crucial test for CPM and Congress, Kerala local body polls to be held in December"
4136,Bihar Election 2025 Result Date: When will the votes be counted? Here’s all you need to know in 5 points
4137,"Top News Headlines of November 10, 2025 | Red Fort blast ripples in Bihar, police fan out as state votes today"
4138,"What’s in Assam’s anti-polygamy Bill? Jail terms for offenders, compensation for women"
4139,"In Kashmir, a crackdown to ‘dismantle’ terror support network sees 100 picked up for questioning"
4140,"‘Men come up for photo, as if I’m a prop’: Videos from Goa’s beaches put fresh spotlight on women’s safety"
4141,"‘How can we rush back like this’: Mumbai to Kochi, workers from Bengal worry over SIR"
4142,"Energy cooperation foundation of India-Angola trade ties, says President"
4143,"Jal Jeevan graft crackdown: Action against officials in 15 states & UTs, mainly from UP"
4144,"Weeks after they went missing during trek in Nepal, bodies of Surat man and teen daughter found"
4145,"‘Like always, Dr Shashi Tharoor speaks for himself’: Congress says after his birthday greetings to Advani drew ire online"
4146,Uttar Pradesh voter list: Step-by-step guide to check your name in the electoral roll of 2003 SIR
4147,"After students sing RSS song at Vande Bharat launch, Kerala minister warns school can lose NOC, orders probe"
4148,Bihar Election 2025 Phase 2: Lost your Voter ID card? Carry any of these 12 documents to cast your vote on Nov 11
4149,"J-K police pick up 2 Kashmiri doctors from Uttar Pradesh, ‘seize’ rifle from Anantnag hospital locker"
4150,"SEBI digital gold warning: Market regulator flags potential risks, issues advisory for investors"
4151,"5 stories you must read today, November 9: From eviction drive in Assam to Mohan Bhagwat’s jibe at Congress and more"
4152,"Documentary claims British spy call intercepts behind Canada alleging links between India, Nijjar killing"
4153,‘This is the era of Uttarakhand’s rise’: PM Modi hails ‘double-engine’ impact as state marks 25 years since formation
4154,West Bengal voter list: EPIC-mobile number link mandatory for online submission of SIR forms | Step-by-Step guide to link your EPIC and mobile number
4155,Watch: Rahul Gandhi embarks on a jungle safari in MP’s Panchmarhi
4156,Railways plans Mega Coaching Terminals to double train handling capacity in 20 cities
4157,‘Even Hindu Dharma is not registered’: Mohan Bhagwat hits back after Congress questions RSS’ legal status
4158,"SIR a bid to institutionalise ‘vote theft’, claims Rahul Gandhi"
4159,All 48 stranded workers brought back home from Tunisia to Jharkhand
4160,580 more families face eviction as Assam resumes demolition drive
4161,Misuse of SIM cards by terror operatives: Searches at various places in Kashmir valley
4162,‘Sacred land today accelerating progress in every field’: PM Modi extends greetings as Uttarakhand marks 25th Foundation Day
4163,"Top News Headlines of November 9, 2025 | 1 crew member killed, 2 critically injured in medical helicopter crash near Nashville"
4164,"In Goa, as crime spurt puts his govt on defensive, chief minister blames migrants"
4165,Ease of living and business possible only when there’s ease of justice: PM Modi
4166,Redeployment to surveillance: Army prepares for sixth winter in Ladakh
4167,"Deadline coming, govt moves to clear 214 legacy landfills in 202 cities by Oct next year"
4168,"Prof Vaidyeswaran Rajaraman (1933-2025): Pioneer in computer education, he defined India’s digital future"
4169,"Priyanka Gandhi Vadra: Congress battling Modi empire, like Mahatma fought against British"
4170,J&K probe agency arrests ‘kingpin’ of narco-terror module from Mumbai airport
4171,‘Hope issues flagged by Tiprasa Accord will be solved soon’: Tripura CM Manik Saha
4172,"2 BSF personnel injured by cattle smugglers, 1 suspect detained by Tripura Police"
4173,"‘Notice’ claiming students will get 50 marks for attending Modi event is fake, Dehradun university says"
4174,"3 students from NIT Silchar fall into waterfall in Dima Hasao, search ops underway"
4175,PM Modi meets BJP veteran Advani to extend wishes on his birthday
4176,PM Modi to visit Bhutan next week
4177,"Bihar phase-1 was a 65-volt jolt for jungle raj wallahs, says Modi as his campaigning comes to close"
4178,Schoolkids served mid-day meals on pieces of paper in Madhya Pradesh: Admin launches crackdown as Rahul calls out BJP’s ‘illusion of development’
4179,Railways preparing master plan to integrate development of Varanasi’s 3 key stations; targets 500 daily train departures
4180,From stench to stadium: How a Kerala civic body turned its garbage hill into a field of dreams
4181,"RSS song by school students at Vande Bharat launch stirs row in Kerala, principal says Railways had nothing to do with it"
4182,"5 stories you must read today, November 8: From US probe into H-1B visa ‘abuses’ to Rishabh Pant’s bruising day out and more"
4183,"Thiruvananthapuram Metro rail project: Kerala govt approves Phase 1 alignment – check route, length, station list"
4184,‘Khoon se tilak…’: Probe ordered after video shows schoolkids reciting ‘inappropriate’ prayer in Chenab school
4185,Kerala govt doctor slams poor conditions at medical college after patient’s death
4186,"If he’s really concerned, Rahul should have appointed SC, ST or minority person as LoP: Rajnath"
4187,VVPAT slips found dumped in Samastipur; official suspended
4188,Ernakulam-Bengaluru Vande Bharat train sees huge demand; tickets sold out within hours of launch
4189,"As Uttarakhand turns 25, what is the state doing for those who led agitation?"
4190,"PM Modi says RJD encouraging children to become ‘Rangdaar’, says high voter turnout gave ’65-volt shock’ to Oppn"
4191,Ernakulam-Bengaluru Vande Bharat: Here’s how Kerala’s 3rd semi-high-speed train could transform travel experience
4192,Parliament Winter Session to be held from December 1-19: Kiren Rijiju
4193,"Developed countries should become net-zero earlier than planned, aim for net-negative emissions: India at COP30"
4194,"TN Raj Bhavan denies delay in clearing Assembly Bills, says 81% assented by Governor"
4195,‘Cornered militants opened fire’: How Operation Pimple stopped infiltration bid in Kashmir
4196,"Bihar Assembly Elections 2025: BJP’s Amit Shah, Congress’ Rahul Gandhi to address rallies on final day of campaigning before phase 2 polls"
4197,"India joins Brazil-led forest fund as observer, calls for stronger ambition 10 yrs after Paris pact"
4198,"Narendra Modi Varanasi Visit: PM Modi flags off 4 new Vande Bharat trains – Full list, routes"
4199,Watch: PM Modi flags off 4 new Vande Bharat trains from Varanasi
4200,Operation Pimple: Two terrorists killed by Army in Jammu-Kashmir’s Kupwara
4201,"‘Politically motivated, deeply suspicious’: In Goa, Opposition takes issue with timing of SIR"
4202,Gateway of Guwahati: First-of-its-kind floating terminal inaugurated in Assam
4203,Panel seeks higher protection for Rhesus Macaque under Wildlife Act
4204,"HAL, GE ink deal for supply of engines to power Tejas"
4205,Wildlife board panel clears 12 key defence projects in Ladakh
4206,"PM Bhutan visit likely soon; energy, connectivity on table"
4207,"PM Modi targets Congress over Vande Mataram: Key stanzas dropped, still face divisive mindset"
4208,"BJP leaders who voted in Delhi also voted in Bihar, says Rahul"
4209,"FM visits upcoming OSAT project in Assam, highlights transformative potential of industrial units"
4210,"Karnataka HC allows state to go ahead with Bengaluru garbage tender, directs creation of tech-based platform to manage solid waste"
4211,Indian national captured by RSF militia in Sudan; New Delhi in touch with authorities to secure release
4212,"People trust Narendra, Nitish will deliver: PM after record turnout in Bihar"
4213,"Tipra Motha founder Pradyot Kishore meets Tripura CM Manik Saha, says talks to benefit everyone in state"
4214,"‘SIR must be monitored, vote theft must not be allowed in Tamil Nadu,’ says TN CM"
4215,"‘In govt system, if new experiment fails, officers order action, but my suggestion is…’: Gadkari’s pitch to researchers, engineers"
4216,"‘His parents sold land to send him there’: Rajasthan youth pursuing MBBS in Russia found dead inside dam, 19 days after he went missing"
4217,"Ernakulam-Bangalore Vande Bharat train begins inaugural run – check stoppages, timings"
4218,"5 stories you must read today, November 7: From SC ordering removal of strays from public premises to chaos at Delhi airport and more"
4219,"India brightest spot in world, NITI Aayog CEO says update on India-US trade deal likely by end of month"
4220,More than 300 flights delayed at Delhi Airport: What to do if your flight is delayed or cancelled
4221,Kotak Mahindra Bank SMS alert charges revised from December; check details
4222,"A call from Armenia, a threat from ‘Lawrence bhai’: How an extortion plot unravelled in Haridwar"
4223,Pak has history of clandestine nuclear activities: India
4224,"Varanasi-Khajuraho Vande Bharat train to run as ‘unreserved’ today – check inaugural run timing, stoppages"
4225,Prashant Kishor has two reasons why Bihar voting broke all records this time
4226,‘Sowed the seeds of partition’: PM Modi alleges Congress dropped important stanzas of ‘Vande Mataram’
4227,Indian Railways to install AI-based technology to enhance security in freight trains – Here’s how it will work
4228,"Omar hits bypoll trail – with guns blazing against PDP, but his own MP missing"
4229,Indian Railways new booking rules: IRCTC makes Aadhaar-based authentication mandatory for train reservation in morning hours
4230,"Rahul renews vote theft charge, attacks PM Modi"
4231,Reform or roadblock? Kerala’s proposed right to disconnect bill triggers debate on work-life balance
4232,"Lawyer breaks down after SC orders removal of stray dogs from schools, bus stands, public institutions: VIDEO"
4233,"Gold Today Rate, November 7: Check 18, 22 and 24 carat gold prices Chennai, Mumbai, Delhi, Kolkata and other cities"
4234,"Weeks after nabbing CFO of Reliance Power, ED makes another arrest in Rs 68 crore bank loan ‘fraud’ case"
4235,"PM Modi likely to visit Bhutan next week: Hydropower project inauguration, railway schemes’ review on agenda"
4236,"‘Unprecedented streak of high temperatures’: 2025 set to be among top three warmest years, says World Meteorological Organization"
4237,‘Divisive mindset still a challenge for India’: PM Modi at event commemorating 150 years of Vande Mataram
4238,"Wangala Bank Holiday Today: Are banks open or closed on Friday, November 7? Check city-wise list"
4239,CCTV in loco cabs soon: Railways after initial report in Bilaspur train crash blames crew
4240,"Kerala priest arrested in Madhya Pradesh over ‘conversion’, gets bail; CM Vijayan tells counterpart to ‘ensure no harassment’"
4241,"‘Players kept waiting for hours, organisers untraceable’: FIR in J&K cricket league debacle"
4242,"‘Hundred more will rise…’: 10 years after Father Bismarque’s ‘drowning’ death, Goa village remembers his activism, music"
4243,"In Goa room where businessman housed 2 employees, he and one worker found murdered, the other absconding"
4244,"‘Purest electoral rolls’, historic turnout, minor confusions: One phase down, one more to go in Bihar polls"
4245,"Congress, RJD dividing society, says Modi; Shah invokes Sita Temple"
4246,IAF enthrals spectators as Chhattisgarh marks 25 years of formation
4247,"President on 6-day visit to Angola, Botswana, defence, trade, energy talks on agenda: MEA"
4248,"CAG to audit Railways multi-modal transport, logistics initiatives, suburban train system"
4249,"President Murmu to undertake 6-day visit to Angola, Botswana"
4250,Kerala voter list 2025: Step-by-step guide to check your name in the electoral roll of 2002 SIR
4251,Tripura finance minister on ‘pension dues’ of retired TTAADC workers: ‘Govt has no responsibility for employees hired by tribal council’
4252,Chhattisgarh train collision: Loco pilots’ union alleges factual error in initial probe report
4253,"Day after Haryana allegations, Rahul says BJP will try to steal votes in Bihar"
4254,"Tripura CM Manik Saha distributes skill development toolkits for Bru migrants, stresses self-respect and dignity"
4255,"Development vital, so is Dev Parampara: Himachal Pradesh Cabinet Minister Vikramaditya on infra projects"
4256,"Bihar Assembly Election 2025 Phase 1: Both NDA, Mahagathbandhan claim victory as state sees ‘highest-ever’ voter turnout"
4257,Tamil Nadu Voters List 2025: Step-by-step guide to check your name in the electoral roll of 2002/2005 SIR
4258,‘Surprise nakas’ among J-K police chief’s directives at high-level security meet in Srinagar
4259,"Rape accused tutor who jumped bail 24 years ago in Kerala tracked down to Chennai, arrested"
4260,"5 stories you must read today, November 6: From ED attaching assets of Suresh Raina and Shikhar Dhawan to Assam CIC’s resignation and more"
4261,"ED raids jailed ex-minister’s Kathua house, five other locations in J&K over narco-terror funding probe"
4262,"Video of prisoners dancing in Ranchi jail goes viral, 2 officials suspended"
4263,Indian Railways liquor carrying rules: Can you travel with alcohol bottles in trains?
4264,"ED attaches Suresh Raina, Shikhar Dhawan’s Rs 11.14 crore assets in betting app money laundering probe"
4265,"PM Modi in Varanasi, to flag off 4 new Vande Bharat trains today – Full list, routes"
4266,"Lucknow-Saharanpur Vande Bharat train: check route, travel time, stoppages, timings"
4267,"‘Insta reels are 21st century drugs, Modi gave you addiction’: Rahul Gandhi slams PM’s ‘cheap data’ remark"
4268,Varanasi to Khajuraho Vande Bharat: Here’s what makes UP’s new semi-high-speed train special
4269,"DMs can invoke National Security Act for next 3 months, Goa govt says, citing ‘prevailing circumstances’"
4270,ED summons Anil Ambani for questioning on November 14 in connection with money laundering probe
4271,"Assam Chief Information Commissioner, whose brother is accused in Zubeen death case, steps down citing ‘moral grounds’"
4272,Bihar Election Voter List 2025: How to find your polling station and download voter list using voter ID online
4273,"Gold Today Rate, November 6: Check 18, 22 and 24 carat gold prices Chennai, Mumbai, Delhi, Kolkata and other cities"
4274,Indian Navy to commission INS Ikshak in Kochi today: All about the indigenous survey vessel in 5 points
4275,"Emerging from shadow of tragedy, Vijay throws down gauntlet to DMK: ‘2026 contest only between two parties’"
4276,"News Today Live Updates, 6 November: No theft here: Names Rahul flagged have voted, with valid address and ID card"
4277,"Bihar Assembly Elections 2025 Bank Holiday: Are banks open or closed today, on Thursday, November 6? Check city-wise list"
4278,"In Kashmir, officials seek details, salary slips of journalists to create ‘verified’ list"
4279,"‘Blood on coach wall, people falling on each other’: Scenes from Chhattisgarh train crash"
4280,Climate Finance Report ahead of COP30: Plans on funding sought from developed nations
4281,"Opp’s Bihar defeat certain, looking for excuses: Rajnath Singh"
4282,3rd home for cheetahs coming but there’s a challenge: 25 tigers there
4283,"Two US courts halt his deportation, sister of Indian-origin man acquitted in 43-year-old murder case expresses relief"
4284,West Bengal SIR 2025 | SIR 2025 begins: Here’s what voters and BLOs need to know
4285,‘Everyone has liberty to do what they like’: Tripura CM Saha refuses to comment on ally TIPRA Motha’s new Northeast front
4286,Crew ‘failed to control train at danger signal’: Initial report into Bilaspur crash that killed 11
4287,‘Pro-Pakistan’ slogans flash on LED boards of shops in Goa; 9 detained
4288,Former J&K Congress chief accuses NC of ‘collusion’ with BJP in Rajya Sabha polls
4289,"Tripura CM Manik Saha urges doctors to upgrade skills, defends decision to lease out land to hospital group"
4290,"Jan Suraaj Munger candidate drops out day before polling, joins BJP"
4291,"‘Won’t tolerate if a Khan is imposed on Mumbai’: Ahead of mayoral polls, BJP leader’s warning after Mamdani’s NYC victory"
4292,"FATF report lauds ED for role in asset recovery, highlights PMLA, Fugitive Economic Offenders Act"
4293,Vande Bharat Sleeper train: Second rake hits 180 kmph speed during trial run in Kota Division
4294,"5 stories you must read today, November 5: From Indian Heaven Premier League falling apart to Louisville Airport crash and more"
4295,"Ernakulam-Bengaluru Vande Bharat train to cut travel time to just 9 hours – check route, stoppages"
4296,"Centre’s panel recommends uniform penalty for violations of Van Adhiniyam, 1980"
4297,"Assam BJP’s most high-profile loss is regional party’s gain: Rajen Gohain, who belonged to faction at odds with Himanta’s, joins Asom Jatiya Parishad"
4298,‘Bid to divert attention from impending loss in Bihar polls’: BJP slams Rahul Gandhi’s Haryana voter fraud claims
4299,WhatsApp message helped identify toddler who survived Chhattisgarh train crash
4300,"Don’t drag armed forces into politics, it has only one religion of ‘sainya dharma’: Rajnath Singh hits back at Rahul Gandhi"
4301,"Behind claim that Haryana election ‘stolen’, Rahul points to 5 ‘methods’"
4302,"Mirzapur accident: Train operations normalised on Delhi-Howrah route, Railways issues safety advisory"
4303,"‘Brazilian model voted as Seema, Sweety, Saraswati in Haryana’: Rahul Gandhi’s ‘H-files exposé’"
4304,Northern Railway suspends platform ticket sales at 4 stations till November 11 – Full list
4305,"15 years after her husband went to Bahrain and broke contact with family, Telangana woman gets news of his death"
4306,"‘Narendra shown living in House No. 0’: Rahul Gandhi rubbishes EC’s claim, shares Congress ‘probe’ findings"
4307,Passengers became first responders in Bilaspur train crash; toll at 11
4308,"Rahul Gandhi press conference LIVE updates: EC, BJP hit back at LoP; ‘why were objections not raised’, asks poll official"
4309,"Gold Today Rate, November 5: Check 18, 22 and 24 carat gold prices Chennai, Mumbai, Delhi, Kolkata and other cities"
4310,"Hyderabad truck driver was not drunk, but caused accident: Police"
4311,Paratrooper injured in encounter with terrorists in Kishtwar
4312,"Over its 100 years, RSS created ‘divine stream’ of harmony, self-pride in India: CM Dhami in Uttarakhand Assembly"
4313,"Goa suspends registration of Ola Electric scooters after complaints about ‘service support, repair delays’"
4314,A five-foot-tall girl puts her INSAS rifle down. And history is made
4315,"Guru Nanak Jayanti 2025 Stock Market Holiday: Are NSE and BSE open or closed today, November 5 (Wednesday)?"
4316,Alarm bells as Meghalaya river known for its pristine waters turns murky
4317,‘He went to Sudan for better pay’: Family of abducted Odisha man seeks govt help
4318,"Guru Nanak Jayanti/Kartika Purnima Bank Holiday Today: Are banks open or closed on Wednesday, November 5? Check city-wise list"
4319,"Building strategic ties with India, terror a threat to both: Israel FM"
4320,Not opposed to creation of new structures: IAF Chief
4321,"India, Israel ink pact on defence cooperation"
4322,"Exclusive: After setback in Supreme Court, Rural Ministry tells PMO it may consider MGNREGS resumption in West Bengal"
4323,"Many states in difficulty due to freebies, high committed expenditure, says FM Sitharaman"
4324,"‘Ready for any kind of polls,’ Tripura CM Saha says after Supreme Court denies more time to hold TTAADC village committee elections"
4325,Wife of doctor who prescribed cough syrup linked to Madhya Pradesh deaths arrested — ‘took 27% commission’
4326,Upheaval seen in neighbouring countries ‘can never happen in India’: Kiren Rijiju
4327,"7 killed, several injured in Bilaspur train accident. All you need to know"
4328,"Sepak Takraw Federation chief, international referee killed after tanker hits their car in Goa"
4329,"NPP, Tipra Motha, People’s Party to form united Northeast party to ‘speak in one voice’"
4330,Stop wildlife imports to India until proper checks in place: CITES report
4331,"5 stories you must read today, November 04: From Mehli Mistry’s caveat against removal from Tata Trusts to PhysicsWallah’s ad controversy and more"
4332,"Bilaspur Train Accident News Live Updates: Trains cancelled, probe launched after derailment kills 8"
4333,Private schools can’t oppose govt just because of their status: Rajasthan education minister interview
4334,"8 killed as passenger train collides with goods train in Bilaspur, coach being cut to remove trapped"
4335,"‘Green bonus’ for Himalayan states, ecological value evaluation changes: Ex-bureaucrats’ proposal amid disasters"
4336,"Exclusive: Stretch of deadly collision near Hyderabad at centre of NGT case, expansion stuck for years"
4337,Central forces gun down 4 Kuki militants in Manipur’s Churachandpur
4338,"‘People from Mithila, Koshi need not go to Patna, Delhi for treatment’: Amit Shah’s promise in Bihar if NDA retains power"
4339,"TVS-50 trail, stolen iPhone tip-off and 36-hour manhunt: Police arrest Coimbatore rape accused after shootout"
4340,"Top News Headlines of November 4, 2025 | Trump says SNAP benefits to resume only after US government reopens"
4341,"Gold Today Rate, November 4: Check 18, 22 and 24 carat gold prices Chennai, Mumbai, Delhi, Kolkata and other cities"
4342,"‘For God’s sake, move the files’: Farooq Abdullah accuses L-G of delaying government work in J-K"
4343,"Physics Wallah ad showing 6 Scorpios driving through Gulmarg forest sparks outrage, FIR filed"
4344,"CM says Madhya Pradesh facing financial loss due to Centre’s ‘inadequate reimbursement’, seeks shift to centralised grain procurement"
4345,"Months after tunnel collapse killed 8 workers, Telangana CM Revanth Reddy says will complete project"
4346,"Day after meeting with 44 parties, Stalin’s DMK moves Supreme Court against SIR"
4347,Found myself waist-deep in gravel’: Woman’s narrow escape in deadly bus accident near Hyderabad
4348,Bengaluru’s Museum of Art and Photography shines a light on figures from the supporting cast of Indian myth
4349,"UAE to have India House, set to declare yoga a competitive sport"
4350,India and Bahrain to cooperate on fighting terrorism
4351,"Bihar Assembly Elections: Tejashwi trying to hide Lalu’s ‘sins’, says PM Modi"
4352,"Drums, flowers: Rousing welcome for Omar Abdullah in Jammu after first Darbar Move in 4 years"
4353,Israel’s Foreign Minister to meet Jaishankar today
4354,"As quake hits Afghanistan, India reaches out to Taliban govt, sends aid"
4355,Shivraj Singh Chouhan asks officials to probe ‘paltry payments’ under PM Fasal Bima Yojana
4356,"Karnataka HC relaxes rule allowing video testimony only from embassy or consulate, lets woman depose from US home"
4357,"Amid steep US tariffs, PM meets exporters: Labour-intensive sectors flag competitiveness concerns"
4358,"Women’s panel seeks report from Chamba SP after woman says BJP MLA harassing her, family"
4359,"Banned cough syrup worth Rs 2 crore seized from goods train in Tripura: 2 drug kingpins in police net, total arrest count reaches 3"
4360,West Bengal voter list: Step-by-step guide to check your name in electoral roll of 2002 SIR
4361,Fugitive Mehul Choksi challenges extradition in Belgium Supreme Court
4362,Telangana bus tragedy: Many passengers boarded bus after missing early morning trains
4363,"Mumbai to Kancheepuram, ED attaches Anil Ambani group properties worth Rs 3,000 crore"
4364,"Nehru-Gandhis ‘cemented idea of leadership as birthright’: Tharoor attacks dynasty politics, Congress mum"
4365,"CPI(M) breaks ranks with Congress, criticises Tripura Government for denying permission to Nov 7 Tipra Motha youth wing rally"
4366,"Ahead of Foundation Day, President Murmu hails Uttarakhand women’s progress, urges greater presence in Assembly"
4367,"Man kills mother in Jharkhand, blames her ‘witchcraft’ for daughter’s death"
4368,"As Delhi chokes, escape to these hill stations for clean air and starry nights"
4369,"5 stories you must read today, November 03: From Trump accusing Pakistan of nuclear tests to Delhi HC’s comment on college attendance norms and more"
4370,‘I will not call it a mishap’: Assam CM Himanta calls Zubeen Garg’s death a ‘murder’
4371,"13 dead in Jaipur truck crash, video captures fatal moment: What we know so far"
4372,"In maiden rally as LoP, Naveen Patnaik makes ‘vote chori’ charge against BJP"
4373,Hoardings to keep out pastors in Chhattsigarh villages: Kerala-based church calls it ‘most divisive boundary since Partition’
4374,Coimbatore college student raped near airport after being dragged from vehicle; boyfriend beaten and left unconscious
4375,"Three sisters returning from wedding, mother hugging her newborn: Victims of gruesome bus accident near Hyderabad"
4376,PM Modi announces Rs 2 lakh ex gratia for kin of Telangana road crash victims
4377,"Plans afoot to develop quantum tech-driven network to safeguard India’s digital assets, economy: DST secy Abhay Karandikar"
4378,"Gold Today Rate, November 3: Check 18, 22 and 24 carat gold prices Chennai, Mumbai, Delhi, Kolkata and other cities"
4379,"Bihar Assembly Elections: Two princes roaming in Bihar, including one from Delhi who has been insulting ‘Chhathi Maiya’, PM Modi’s jibe at Rahul Gandhi"
4380,10-month-old baby and 10 women among 19 killed as truck rams into government bus near Hyderabad
4381,"From Mumbai to Kancheepuram, ED attaches Anil Ambani Group properties worth Rs 3,000 crore"
4382,"‘We can finally step out again’: As pollution worsens in Delhi, meet the Delhiites who moved to Goa for cleaner air"
4383,"Players unpaid, hotel bills outstanding: Cricket league that brought international stars to Srinagar ends in chaos"
4384,Bank Holidays in November 2025: Full city-wise list of dates when banks will remain closed
4385,Tourist family from UP ‘assaulted’ at Goa restaurant by staff after ‘row over leftover drink’
4386,Govt to release NH black spot data based on real-time e-DAR
4387,"US and China take great leap of faith, decide to open military channels"
4388,15 devotees killed as mini bus rams into truck in Rajasthan
4389,ISRO launches heaviest comm satellite from India: Five things to know about LVM3-M5
4390,"Life Certificate for Pensioners 2025: Know how to submit online, check status, last date | Step-by-step guide"
4391,"Rahul jumps into muddy pond, interacts with fishermen in poll-bound Bihar"
4392,"5 stories you must read today, November 2: From Army chief’s ‘Trump’ remark to ISRO satellite launch and more"
4393,Indian Railways Vande Bharat expansion: Total count to hit 164 soon
4394,ISRO launches heaviest satellite from India in  a show of growing strategic autonomy
4395,"Railways approves third Vande Bharat train for Kerala – check route, travel time, stoppages, timings"
4396,"Indian Railways extends New Delhi-Moga Express up to Firozpur Cantt – check stoppages, timings"
4397,‘Even Trump doesn’t know what could happen tomorrow’: Army Chief Upendra Dwivedi says future threats unpredictable
4398,NHSRCL invites bids for final alignment design of Amritsar–Jammu High Speed Rail Corridor
4399,"‘Not a CPI-CPM tussle, but a test of conviction on ideology’: Binoy Viswam on Kerala’s PM-SHRI row"
4400,Centre plans developing genome-edited pulses varieties under Aatmanirbharta mission
4401,UP teenager who rented Thar in Goa killed on suspicion of trying to steal the vehicle: police
4402,India to hold tri-service exercise in Arunachal’s Mechuka: What is ‘Poorvi Prachand Prahar’?
4403,Odisha police recruitment scam ‘mastermind’ arrested on his way to cross Nepal border
4404,ISRO to launch its heaviest satellite CMS-03 today: 6 things you need to know
4405,"ISRO Rocket Launch Today Live Updates: Communication satellite CMS-03 successfully placed in intended orbit, mission successfully accomplished"
4406,Odisha takes maiden step in semiconductor manufacturing
4407,"Top News Headlines of November 2, 2025 | Man held for firing 2 bullets at neighbour in Malegaon"
4408,"In Zubeen’s film, glimpses of his life — and death"
4409,"It’s growth vs jungle raj in polls: Shah, Nadda dial up heat on RJD"
4410,Manipur to export white rice variety to Japan
4411,"JD(U) Mokama candidate, bahubali Anant Singh held after 1 killed in clash"
4412,"Himachal: Snow leopard falls into dam’s filter inlet in Kinnaur, rescued"
4413,No role of India in stopping Nepali citizen from travelling to Berlin: MHA
4414,Armed Forces carry out mega drills along Western border to test combat readiness
4415,"Indo-Pacific should remain open, free from coercion: Rajnath at ASEAN defence meet"
4416,"Maoists now down to just 3 districts, India will soon be rid of menace: PM Modi"
4417,"After Mokama clash, Election Commission orders transfer of Patna SP (Rural), action against 3 officers"
4418,NIA gets another 45-day extension to complete Pahalgam probe
4419,"5 stories you must read today, November 1: From Trump promise to Christians to Rohan Bopanna announcing retirement and more"
4420,CAG forms panel to look into ‘issues’ of Centrally Sponsored Schemes
4421,Southern Command conducts drone and counter-drone exercise Vayu Samanvay in desert sector
4422,"Firozpur Cantt-Delhi Vande Bharat Express train: Check route, travel time, stoppages, timings"
4423,"Hyderabad-bound IndiGo flight diverted to Mumbai after ‘human bomb’ threat, aircraft lands safely"
4424,"Severed head of newborn found in Jharkhand’s Palamu, possibility of human sacrifice not ruled out"
4425,"India-China direct flights: After Kolkata, IndiGo’s Delhi-Guangzhou flight service to begin from Nov 10 – check timing, ticket price, frequency"
4426,"Andhra Pradesh temple stampede: Focus on 3 apparent lapses – crowd control, entry and exit, makeshift construction"
4427,"Varanasi to Khajuraho Vande Bharat train: Check route, travel time, stoppages, timings"
4428,"‘India wiping out Maoist terror’: PM Modi addresses rally, inaugurates new building in Chhattisgarh assembly"
4429,"Indian Railways to launch 4 Vande Bharat trains soon – check routes, features"
4430,"Andhra temple stampede: Victims’ families to get Rs 2 lakh compensation, injured to receive Rs 50,000, says PM Modi"
4431,Andhra temple stampede: How the Srikakulam Venkateswara Temple stampede started
4432,"‘Extremely heartbreaking’: CM Naidu mourns deaths in Andhra temple stampede, orders relief & rescue for injured"
4433,Railways approves Vande Bharat train from Bengaluru to Ernakulam
4434,Andhra Venkateswara Temple Stampede Live Updates: PM Modi announces Rs 2 lakh ex-gratia for families of those who died in Kasibugga temple stampede
4435,"8 women, 1 child killed  in stampede at Andhra temple; third this year"
4436,‘Sheer hoax’: UDF rejects Kerala govt’s declaration of state being ‘free of extreme poverty’
4437,Kerala Piravi Day 2025: The story behind Kerala’s formation and its cultural legacy
4438,Himachal Pradesh gets highest October rain in two decades
4439,Congress asks Tripura govt to postpone TIPRA Motha mega rally on November 7
4440,"BJP MP and actor Ravi Kishan receives death threat, says he ‘won’t bow to threats’"
4441,What is the new Assembly complex that PM Modi will inaugurate in Chhattisgarh today?
4442,"Another cough syrup tragedy in Madhya Pradesh’s Chhindwara, 5-month-old baby dies"
4443,INX case: PMLA tribunal upholds ED order to attach Karti’s assets
4444,EC seeks report on Mokama clash
4445,Kharge calls for ban on RSS: ‘Most law & order issues because of them’
4446,"Patel wanted to merge all of Kashmir with India, Nehru didn’t let him: PM Modi"
4447,"India’s investment rate needs to rise to 34-35% to get 7% growth, says EAC-PM Chair"
4448,"India needs more decentralisation, use of tech in agriculture: EAC-PM chair S Mahendra Dev"
4449,"GST reforms power small car sales for Maruti Suzuki, outpace SUV demand"
4450,Karnataka HC restores bail to accused police officer in BJP worker Yogesh Gowda murder case
4451,"IMD forecast for November: Normal to above-normal rainfall, cooler days, warmer nights"
4452,"US, Russia among over 55 nations to be part of mega navy drill in Feb"
4453,Top 10 highest AQI cities in India now (October 31): Punjab’s Barnala tops the chart
4454,Aadhaar Vision 2032: UIDAI begins major strategic and tech review to ‘shape future of digital ID’
4455,"BJP MP ‘slaps’ crane operator after glitch while trying to garland statue in Madhya Pradesh, Congress slams ‘power intoxication’"
4456,EC asks Bihar DGP for report on Mokama violence
4457,God’s Own Country goes experiential this holiday season
4458,AI to be introduced in school curriculum from Class 3 under new education reform: Education Ministry
4459,"Onions at Rs 15 per kg: Here’s where to find them in Delhi, Himachal Pradesh, Uttar Pradesh  and Telangana; Check the full list here"
4460,Bangalore Metro Yellow Line: Namma Metro to increase train frequency from November 1
4461,"5 stories you must read today, October 31: From India-US defence pact to Karnataka BJP leader’s son assaulting toll booth staffer and more"
4462,"India, US seal 10-yr defence partnership framework, signal strategic convergence"
4463,"Ford to revive Chennai plant with Rs 3,250 crore investment, but that doesn’t mean its cars are making a comeback"
4464,"From nearby stations to fares: Soon, Delhi Metro passengers will get real-time info on Mappls app"
4465,"Aadhaar, bank rules, transaction charges: Here’s a list of changes to come into effect on November 1"
4466,PM Modi fulfilled Sardar Patel’s dream of truly unified India by abrogating Article 370: Amit Shah
4467,"From kin to killer: Nephew gets death penalty for decade-old murder of Chittoor’s first woman mayor, her husband"
4468,Indian Railways lower berth reservation rules 2025: From sleeping time to seat allocation – Here’s all you need to know
4469,From ticket price to speed: 5 things to know about longest Vande Bharat train route in India
4470,"‘He sent wife a voice note before dying’: Caught in crossfire during shootout, Jharkhand man working in Saudi Arabia shot"
4471,"With PMO set to move out, South Block conservation, retrofitting to begin soon"
4472,"Why is National Unity Day celebrated — History, significance, all you need to know"
4473,"On National Unity Day, PM Modi says Sardar Patel wanted Kashmir as part of India but ‘Nehru didn’t allow’"
4474,"Modi ‘fuelling regional hatred’ during Bihar campaign, forgetting dignity of PM’s office, CM Stalin says"
4475,"Watch: Paramilitary forces, IAF put up breathtaking display of strength at Statue of Unity"
4476,Bihar Election 2025 Highlights: PM Modi leads mega roadshow in Patna
4477,"Gold Today Rate, October 31: Check 18, 22 and 24 carat gold prices Chennai, Mumbai, Delhi, Kolkata and other cities"
4478,"Around 2,900 Indians living illegally in US, UK deported this year, says Centre"
4479,"Sardar Vallabhbhai Patel’s 150th birth anniversary: PM Modi unveils stamp, coin; Amit Shah flags off ‘Run for Unity’"
4480,‘In jail at time of drug seizure’: Why J-K High Court granted bail to man in 50-kg heroin haul case
4481,Kashmiri man who rescued BJP worker’s family during Pahalgam attack gets hero’s welcome in Chhattisgarh
4482,Lancet study finds 1 in 19 farm workers in Tamil Nadu has chronic kidney disease
4483,"Spirituality, conservation, and crocodiles – Madhya Pradesh CM’s ambitious plans"
4484,Aland ‘vote chori’: SIT cites CCTV footage from ex-BJP MLA’s home
4485,"Sardar Vallabhbhai Patel Jayanti 2025: Are banks open or closed today, October 31, for National Unity Day?"
4486,"Anti-fire cables, accessible emergency buttons: Board asks RDSO to look into CCRS recommendations for Vande Bharat sleeper train"
4487,Rahul Gandhi: PM lacks courage to take on Trump over ceasefire claim
4488,Govt to bring law against substandard pesticides and seeds: Shivraj Singh Chouhan
4489,"3-day RSS executive body meeting begins in Jabalpur: Centenary events, national issues on agenda"
4490,‘Baseless and anti-development’: ICAR slams GM-Free India’s claims on rice data
4491,‘Communists wouldn’t come back to power in Tripura even in 2088’: BJP MP Biplab Deb
4492,"‘Display of ignorance, political opportunism’: Pradhan slams Priyanka’s remarks on NEP, PM-SHRI"
4493,"Tripura woman killed over ‘suspicion of witchcraft’, police exhume body"
4494,"Centre to bring law against substandard seeds, pesticides: Agriculture Minister Shivraj Singh Chouhan"
4495,"Railways to run over 90 special trains from Bihar to clear post-Chhath puja rush – Full list, routes, timings"
4496,"India ‘studying implications’ of US sanctions on Russian oil firms, says guided by ‘needs of 1.4 billion people’"
4497,"Odisha boy dies after swallowing pin at school, family cries foul"
4498,From class with no furniture to top legal Bench: Journey of ‘Surya’ from Haryana village to CJI Surya Kant
4499,"In turnaround, US gives six-month relief from sanctions to Chabahar"
4500,Assam awaits as Zubeen Garg’s last film ‘Roi Roi Binale’ to hit screens on Friday
4501,"5 stories you must read today, October 30: From Bengaluru road rage horror to six-month sanctions waiver for Chabahar port and more"
4502,"India US relations 2025: Day after Trump hints at trade deal, India says talks ‘continuing’"
4503,"4 blood donors now test positive for HIV, setting off alarm bells in Jharkhand"
4504,"Amid Trump-Xi talks, India gives update on rare earths licences for imports from China"
4505,"Indian Railways ticket booking, cancellation among 8 services to remain shut for two hours on Nov 2 in Delhi-NCR – Know why"
4506,India asks for fresh details from US on 26/11 attack accused Tahawwur Rana
4507,Kerala man scalds wife with hot fish curry after she refuses occult ritual
4508,"India gets six-month US sanctions waiver for Chabahar port, says MEA"
4509,"After success in New Delhi, Railways to develop passenger holding areas at 76 stations by 2026 festival season"
4510,"Tense after BJP man’s murder, Madhya Pradesh town further rocked by ‘suicide’, shootout"
4511,Gaya-Shakur Basti Special makes history as India’s first passenger train to run on Dedicated Freight Corridor
4512,"2 J-K govt school teachers accused of ‘radicalising youth, working for LeT’, terminated from service"
4513,PM Modi says ‘insult to Chhathi Maiyya’ as Rahul Gandhi takes aim over ‘separate pond’
4514,"BJP demands discussion on J&K floods, walks out of Assembly"
4515,Grand parade in Gujarat’s Ekta Nagar every Oct 31 to mark Sardar Vallabhbhai Patel’s birth anniversary: Amit Shah
4516,"Gold Today Rate, October 30: Check 18, 22 and 24 carat gold prices Chennai, Mumbai, Delhi, Kolkata and other cities"
4517,Kerala weather forecast: Will it rain today in Kerala? Check IMD forecast
4518,"Indian cities take top 40 spots in worst-AQI rankings in the world, Delhi not even in top 10. Check list here"
4519,"Top News Headlines of October 30, 2025 | Two suspects arrested for Louvre Museum heist ‘partially admit’ involvement"
4520,"Meghalaya honeymoon murder: Charges framed, Sonam Raghuvanshi will face trial in state where crime took place"
4521,EXCLUSIVE | HIV in 5 children getting thalassemia treatment: First case emerged month before Jharkhand officials made lapse public
4522,"Under ED lens: 22 deaddiction centres run by Punjab doctor that ‘showed fake patients, got extra pills, sold them in open market’"
4523,"Before Xi meet, Trump says trade deal with India on, repeats ceasefire claim"
4524,"Amid steep Trump tariffs, major progress made in trade talks with EU, says Piyush Goyal"
4525,‘Stronger ties vital’: Modi speaks to new Japan counterpart Sanae Takaichi
4526,"Opposition ‘thug-bandhan’, wants return of jungle raj, says Amit Shah"
4527,"Montha leaves trail of destruction in Andhra, Telangana, Odisha; 3 dead"
4528,"Congress member hums Tagore’s ‘Amar Sonar Bangla’ in meeting, Assam CM orders action"
4529,"India Maritime Week 2025: India ready to play the role of a steady lighthouse, says PM Modi"
4530,"As Muivah wraps up Manipur visit, a massive reception, and a  call for ‘unified Naga homeland’"
4531,"Election Commission activates voter helpline ahead of SIR in 12 states, UTs – Key details"
4532,Railways cancels over 30 trains for yard remodeling work at Shalimar station in West Bengal – Full list
4533,"Delhi Metro timings: DMRC revises train schedule at New Delhi, Anand Vihar stations to manage post-Chhath puja rush"
4534,"Cyclone Montha weakens after claiming 2 lives in Andhra Pradesh, landslides in Odisha. What’s the forecast for rest of India"
4535,‘Rs 25-35 lakh for one post’: ED claims ‘scam’ in Tamil Nadu municipal administration department; seeks police FIR
4536,"Dawood aide, drug syndicate ‘kingpin’ Danish Merchant arrested in Goa"
4537,"5 stories you must read today, October 29: From President Murmu’s Rafale sortie to Amazon laying off 14,000 employees and more"
4538,"After days of impasse, Kerala’s CPM govt blinks, agrees to review PM SHRI agreement with Centre"
4539,"Amid pushback against SIR, Kerala govt calls all-party meeting"
4540,"Omar promises to start law university classes in Budgam, BJP alleges poll code breach"
4541,"BJP’s Sambit Patra meets party leaders in Tripura amid internal rift in state unit, trouble with TIPRA Motha"
4542,"India, China agree to maintain stability along LAC, continue existing border mechanisms"
4543,"My deepfakes being used in porn, affecting mental health: Chiranjeevi in police complaint"
4544,President Droupadi Murmu becomes first President to take sortie in Rafale jet | Watch
4545,"Cyclone Montha Tracker LIVE Updates: Montha leaves 2 dead, roads inundated, trees uprooted, crops damaged in Andhra"
4546,"Gold Today Rate, October 29: Check 18, 22 and 24 carat gold prices Chennai, Mumbai, Delhi, Kolkata and other cities"
4547,Cyclone Montha: Are schools closed today in Odisha and Andhra?
4548,"After Cyclone Montha, a trail of destruction in Andhra Pradesh"
4549,"Top News Headlines of October 29, 2025 | US Federal Reserve cuts key rate as government shutdown clouds economic outlook"
4550,"Uttarakhand’s massive Rs 3,300-crore Sharda Corridor project underway as CM Dhami launches 1st phase"
4551,"‘Officers involved in conducting SIR’: Congress objects to transfer of 34 civil servants in Goa, CEO takes note"
4552,"‘Territorial dispute’ over sand extraction leads to shooting in Goa, Opposition raises law and order concerns"
4553,Parliamentary diplomacy can help solve challenges facing UN: BJP MP
4554,Exclusive: EU’s top leadership to be chief guests at next year’s Republic Day
4555,"Maritime security can’t be confined to threat containment, says Navy Chief"
4556,"Cyclone Montha makes landfall in Andhra, rain pounds Odisha"
4557,Officiating appointments to top posts: Himachal Guv seeks explanation from chief secretary
4558,Tripura woman arrested for ‘spreading obscenity’ on Facebook against PM Modi and CM Saha
4559,"BJP trying to ‘win by deletion’: Tamil Nadu CM Stalin slams SIR, calls all-party meeting"
4560,"Tejashwi upfront, youth, women, jobs focus as Mahagathbandhan unveils manifesto"
4561,"Pinarayi, Stalin take hard line on SIR, target EC for ‘plot to disenfranchise voters’"
4562,"To mark centenary, RSS plans year-long outreach drive across country"
4563,"Cyclone Montha helpline numbers, affected areas: Know statewise IMD alerts, safety guidelines, and more"
4564,"5 stories you must read today, October 28: From Mehli Mistry’s removal from Tata Trusts to artificial rain in Delhi and more"
4565,Protests in Katra against proposed Vaishno Devi ropeway project
4566,President to fly sortie in Rafale from Ambala airbase today
4567,"Centre releases rates of nutrient-based subsidy on phosphatic and potassic fertilisers, check details here"
4568,"‘Watch your tone’: Bihar SHO suspended after CCTV footage shows him confronting brother, sister at eatery"
4569,10-year-old girl dies in IED blast in Jharkhand’s West Singhbhum
4570,Govt jobs to free electricity: Mahagathbandhan releases Bihar Election manifesto ‘Tejashwi Pran Patra’
4571,"7 states and UTs push to add breakfast to school meals, Centre still weighing costs"
4572,Security forces neutralise 40 kg IED planted by Naxalites in Chhattisgarh’s Sukma
4573,Cabinet approves terms of reference of 8th Pay Commission
4574,"Citing Express report on Prashant Kishor being enrolled as voter in 2 states, poll officer issues him notice"
4575,"EC shouldn’t become Centre’s puppet: On SIR, Kerala CM Pinarayi takes hard line"
4576,"Top News Headlines of October 28, 2025 | Officiating appointments to top posts: Himachal Guv seeks explanation from chief secretary"
4577,"Revisiting the 1999 Odisha super cyclone that claimed 10,000 lives as Montha approaches"
4578,"Assam’s semiconductor gain becomes Karnataka’s loss, Priyank Kharge and Himanta trade bitter barbs"
4579,"Hours to go for Cyclone Montha landfall, Andhra Pradesh sees 80 kmph winds, heavy rain; 10,000 moved to camps"
4580,HAL signs MoU with Russia for production of SJ-100 civil jet
4581,"Assaulted by armed men, chief of Manipur tribal village succumbs to injuries; probe on"
4582,"Cyclone Montha LIVE Map Tracker: Check live location, path and intensity as storm nears landfall in Andhra"
4583,"Gold Today Rate, October 28: Check 18, 22 and 24 carat gold prices Chennai, Mumbai, Delhi, Kolkata and other cities"
4584,Cyclone Montha: Railways cancels over 60 trains today — Check full list
4585,"Tamil Nadu Weather Today: IMD issues orange alert in Chennai as Cyclone Montha intensifies, schools closed"
4586,"Man who sexually harassed Australian players has a long criminal history – murder attempt, robbery, prison fight"
4587,Too little too late: Jharkhand tries to join the dots after 5 kids who went for thallasemia treatment were infected with HIV
4588,"Chhath Puja (Usha Arghya) Bank Holiday Today: Are banks open or closed on Tuesday, October 28? Check city-wise list"
4589,"Bengal, Tamil Nadu push back against EC’s SIR plan: DMK calls all-party meet, TMC targets poll body"
4590,CJI recommends Justice Surya Kant as successor
4591,"Montha landfall near Kakinada today: Alert in Andhra, Odisha, Tamil Nadu as cyclone closes in"
4592,Aligarh man booked for ‘illegal’ Centre for Narendra Modi Studies
4593,"IAS officer from Arunachal, posted in Delhi, arrested days after 19-year-old allegedly names him in ‘suicide note’"
4594,Chennai Metro Phase 1: CMRL to install Anti-Drag Passenger Door feature on 52 trains – Here’s why
4595,2 suspected Bangladeshi nationals held in Tripura
4596,"Vande Bharat Sleeper train: Second rake reaches Madhya Pradesh’s Khajuraho, RDSO begins trial run – check route"
4597,"Ambedkar statue ‘desecrated’ in J-K’s Kathua, 3 men detained for questioning"
4598,"5 stories you must read today, October 27: From CJI BR Gavai recommending his successor to Trump’s reaction on Russian nuclear missile test and more"
4599,"SIR in 12 states, UTs: All you need to know about process, required documents and more"
4600,Energy trade principles applied selectively: Jaishankar’s swipe at US after meeting Rubio
4601,"EC announces Special Intensive Revision of electoral rolls in 12 states, UTs"
4602,Karur stampede: Actor Vijay meets victims’ families at resort near Chennai
4603,"Farmer crushed under Thar, his daughters beaten and stripped over land dispute in Madhya Pradesh"
4604,"EC announces nationwide SIR of electoral rolls: See list of states, schedule"
4605,Cyclone Montha update: East Coast Railway cancels over 25 trains – Check full list
4606,"Election Commission SIR announcement: 12 including 2026 poll-bound states, UTs to be part of nationwide SIR; Assam exempted"
4607,BJP has kept nearly 15% of population out of representation in Centre: Omar
4608,"India’s first private train: check ticket price vis-a-vis Rajdhani, Shatabdi, Vande Bharat Express"
4609,"Odisha to evacuate 32,000 people amid heavy rainfall alert; 32 trains cancelled"
4610,"Cyclone Montha approaching, Andhra’s coastal districts hit by rain; senior citizens, pregnant women moved to camps"
4611,"Gold Today Rate, October 27: Check 18, 22 and 24 carat gold prices Chennai, Mumbai, Delhi, Kolkata and other cities"
4612,"Cyclone Montha makes landfall; Andhra, Odisha bore the brunt"
4613,"Top News Headlines of October 27, 2025 | ‘Best ad I ever ran’: Ontario Premier Doug Ford says after Trump cancels trade talk with Canada"
4614,"Chhath Puja (Sandhya Arghya) Bank Holiday Today: Are banks open or closed on Monday, October 27? Check city-wise list"
4615,"Exclusive: Mere presence of a few transient tigers no reason to declare reserve, Goa govt tells SC panel"
4616,Tensions in Madhya Pradesh’s Bhind after Dalit man beaten to death
4617,"After attack on Christian missionaries in J&K’s Kathua, FIR against unknown group for ‘promoting conversions’"
4618,"‘Holding Indian flag abroad gives you happiness, but it hasn’t gotten me a job’: Jharkhand Adivasi athlete who won Wushu bronze in China"
4619,First gallery of Yuge Yugeen Bharat Museum to open 2026-end
4620,Uttarakhand plans ‘green cess’ for vehicles from outside state
4621,"Another NC MP takes on Omar Abdullah, says no progress on political issues of J&K"
4622,PM Modi: Vande Mataram spirit linked to nation’s immortal consciousness
4623,"21 armed Maoists surrender in Bastar; region on path of stability, development: IG"
4624,V-P attends swearing-in ceremony of Seychelles President
4625,"On sexual harassment of Australian cricketers, BJP’s Kailash Vijayvargiya: ‘Lesson for all, including players… should inform security before stepping out’"
4626,"Agartala to get air connectivity to Bagdogra in West Bengal, travelling to Darjeeling set to get easier"
4627,"Indian envoy to US discusses trade deal, energy security with US Senator"
4628,"Man, accused of raping mentally challenged woman, paraded, beaten to death in Jharkhand"
4629,"Tiger kills man in Mysuru village, second case in a month"
4630,East coast braces for rough weather as Cyclone Montha develops today
4631,"Tipra Motha founder Pradyot Kishore condemns Oct 23 Dhalai clashes, says violence will not give results"
4632,"Over 2.5 crore passengers likely to travel by trains this festive season, says Railways"
4633,"Our ties a robust foundation for stability, development amid uncertainties: PM Modi to ASEAN"
4634,"Cyclone Montha to develop today; heavy rain over coastal Andhra, Tamil Nadu and Odisha till Tuesday: IMD"
4635,"‘Even if someone hates us, we love them’: Diljit Dosanjh’s Sydney concert strikes a chord, becomes talk of the town"
4636,"5 stories you must read today, October 26: From Trump brokering peace between Thailand, Cambodia to Louvre heist arrests and more"
4637,EC likely to announce SIR dates for at least 10 states on Monday
4638,Train to Goa: Indian Railways revises timetable of Mangaluru-Madgaon Vande Bharat Express
4639,"IRCTC ‘No Food’ option: Are meals now compulsory on Rajdhani, Shatabdi, Vande Bharat trains? check details"
4640,"In Mann Ki Baat, PM Modi urges everyone to commemorate 150 years of Vande Mataram"
4641,"‘Institutional murder’: Rahul Gandhi on Maharashtra doctor’s suicide, says ‘it exposes inhumane face of BJP govt’"
4642,Aurangabad railway station officially renamed as Chhatrapati Sambhajinagar | Know other names the city had
4643,"EXCLUSIVE: Kurnool bus accident that killed 20 caused by drunk biker, says forensic report"
4644,Probe after 5 thalassemia-affected minors ‘test HIV positive’ in Jharkhand’s West Singhbhum
4645,"Security forces arrest 4 militants in Manipur, arms recovered"
4646,Rajasthan: 67 administrative officers transferred
4647,"Top News Headlines of October 26, 2025 | Flights to Los Angeles International Airport halted due to air traffic controller shortage"
4648,"Tired of waiting for healthcare to reach them, scores of protesters are marching 300 kilometres to Dehradun"
4649,"Days after high-profile surrenders, Maoists kill jawan’s brother, police aspirant outside their homes in Bijapur"
4650,"Govt set to hike print media ad rates by 26%, reform TRP ratings"
4651,"Combat squadron strength dwindles, Govt looks at plan to upgrade Su-30MKIs"
4652,"Mehbooba Mufti moves HC, seeks transfer of UT undertrials to local prisons"
4653,Cabinet secretary reviews preparedness for cyclone
4654,"Month before mayoral polls in Shimla, Himachal Cabinet doubles mayor term to 5 years"
4655,"‘Please help me, I will die’: Video of Indian worker in Saudi Arabia prompts embassy intervention"
4656,Red alert in seven districts as Andhra Pradesh braces for Cyclone Montha
4657,"Local club members assault cop when told to stop loud music at DJ party in Tripura, 7 arrested"
4658,"Over 400 TSR jawans to be deployed to maintain security in Bihar elections, contingent heads for Patna in special train"
4659,Indian Railways opens ticket booking for Christmas holidays – Here’s how to book IRCTC e-ticket
4660,"5 stories you must read today, October 25: From Trump Jr-Clinton clashing over the White House ballroom to sources sharing likely date of Bengal SIR"
4661,"Missing kittens, ‘threats of violence’: FIR filed after Dehradun woman accuses uncle, aunt of abducting her pets"
4662,"Railways approves second direct Superfast train between Bengaluru and Mumbai – check route, stoppages"
4663,Suspect in Assam railway track blast gunned down in police encounter
4664,"Chhath Puja 2025: Patna district administration issues advisory, releases list of dangerous and unsuitable ghats"
4665,"Delhi Airport Terminal 2 reopening on October 26: IndiGo, Air India issue travel advisory for passengers – check latest guidelines"
4666,‘Severe’ cyclone headed to Andhra Pradesh; IMD issues extremely heavy rain alert for next week
4667,"Exclusive | Bike skidded, rider died on spot before bus ran over it in Kurnool tragedy: Pillion rider tells police"
4668,"Train to Kashmir: Indian Railways revises schedule of Katra-Srinagar Vande Bharat Express – check route, stoppages, timings"
4669,OCI cardholders can now submit e-arrival form online 72 hours before arrival
4670,"2 Australian women cricketers ‘stalked, sexually harassed’ in Madhya Pradesh, accused held"
4671,2 minors drown while taking bath in river after Chhath Puja ritual preparations in J’khand
4672,"Marginal improvement in AQI across most Metro cities, Bengaluru keeps top spot on clean-air chart"
4673,India slams Pakistan for ‘grave human rights violations’ in ‘illegally occupied’ areas of Jammu and Kashmir
4674,Odisha cyclone warning: Govt prepares after relief and supplies as IMD issues orange alert
4675,‘I’m a die-hard Ronaldo fan’: Kerala man booked in Goa after jumping fence for selfie with Portuguese superstar’s teammate
4676,"Invoking Karpoori, PM Modi hits campaign trail: Bihar will keep jungle raj at bay"
4677,EC asks parties not to use AI-generated masquerading content without consent
4678,Sujanpur made mistake in 2017 by not electing BJP’s Dhumal: Sukhu
4679,"Mobile blast triggers fire on Amritsar-Purnia Court Jan Sewa Express train, says Railways"
4680,Kerala HC declares Mohanlal’s certificates for possessing ivory tusks invalid
4681,"Chhath Puja 2025: Central Railway to run 24 special trains on October 26 – check routes, stoppages, timings"
4682,A warning from 2023 and a stretched system: Behind the carbide gun injuries that rocked Bhopal on Diwali
4683,V-P to attend swearing-in of Seychelles President
4684,"NC wins 3 seats, BJP gets 1 in J-K Rajya Sabha polls; Omar Abdullah says ‘let down at last moment’"
4685,"5 stories you must read today, October 24: From Trump ending trade negotiations with Canada to ad legend Piyush Pandey passing away and more"
4686,India does not do deals in hurry or with gun to head: Piyush Goyal on US trade talks
4687,Delhi Airport terminal 2 reopens on October 26: From upgraded features to nearest metro station – All you need to know
4688,"Terror victims, perpetrators being equated in name of global strategy: Jaishankar questions UN"
4689,Kerala govt signed an MoU with Centre. Junior partner CPI now says it wasn’t consulted
4690,Yatri Suvidha Kendra: Indian Railways to build permanent holding areas at 76 stations for crowd control – Full list
4691,"For the first time, Railways allows empty passenger trains to run on Dedicated Freight Corridor – Here’s why"
4692,"PM Modi: ‘Bihar will keep Jungle Raj away,’ praises Nitish Kumar, hints at him as NDA’s CM candidate"
4693,"Piyush Pandey, ad legend who wrote ‘Mile Sur Mera Tumhara’, passes away; PM pays tribute"
4694,"ED summons Tamil actors K Srikanth, Krishna Kumar in connection with money laundering probe linked to ‘cocaine’ case"
4695,2 booked for vandalising Algerian-French artist’s work at Kochi art gallery
4696,"Gold Today Rate, October 24: Check 18, 22 and 24 carat gold prices Chennai, Mumbai, Delhi, Kolkata and other cities"
4697,"Tripura strike: Shops set ablaze, govt officers injured as protest turns violent in Dhalai district"
4698,"Top News Headlines of October 24, 2025 | Pansare murder case | ‘Behind bars for 6-7 yrs, trial may take time to end’: HC on bail granted to accused"
4699,Advertising legend Piyush Pandey passes away at 70
4700,"‘Main door locked, passengers jumped out of broken windows’: Kurnool bus tragedy witness recounts nightmare"
4701,"Kurnool bus tragedy: PM Modi announces Rs 2 lakh ex gratia for families of victims, Rs 50,000 for injured"
4702,"Kurnool Bus Fire LIVE Updates: Death toll mounts to 20 in Andhra bus tragedy; President Murmu condoles, wishes speedy recovery for injured"
4703,‘This is beyond my imagination’: Kashmir’s first chrysanthemum garden is now in full bloom
4704,"42 years on, Assam Cabinet to table Nellie massacre report in Assembly"
4705,IPS officer faces inquiry after police officer’s wife accuses him of harassment in Chhattisgarh
4706,"Its former MLA arrested in murder case, BJD cries vendetta, hits the streets in protest"
4707,"70 teams, 30 locations and 30 arrests – massive cyber crime syndicate that conned govt scheme beneficiaries busted"
4708,Illegal Indian immigrant truck driver held as crash kills 3 in US
4709,Delhi High Court stays regulator’s curb on ORS branding in relief for J&J arm
4710,Manish Sharma appointed Indian Youth Congress in-charge
4711,‘Courts deepen democracy when they act to empower powerless’: Justice Surya Kant
4712,Judiciary both guardian & moral conscience of Constitution: CJI Gavai
4713,Report on proposal to raise Agniveer retention rate not correct: Army
4714,"Bihar will not forget Jungle Raj for 100 years, says PM Modi; dubs Oppn as ‘lathbandhan’"
4715,IED blast rips through train tracks in Assam’s Kokrajhar
4716,Hold booth-level meet with those who saw ‘jungle raj’: PM to workers
4717,First India-designed building on Vitra campus in Germany
4718,PDP announces support to ruling NC in J&K Rajya Sabha polls
4719,"Gangotri, Kedarnath and Yamunotri close for winter as Char Dham season winds down"
4720,"Defence ministry approves procurement proposals worth Rs 79,000 crore"
4721,Tambaram to Chengalpattu: Railways approves 4th line project in Tamil Nadu – Here’s how it will improve regional connectivity
4722,"5 stories you must read today, October 23: From Tejashwi Yadav as Mahagathbandhan CM face to India’s defeat in ODI and more"
4723,Mayawati expels Shamsuddin Rain citing indiscipline; BSP leader says missed call to blame
4724,"In J&K Assembly, NC, BJP spar over obituary reference to former governor Satyapal Malik"
4725,"Centre defends Forest Rights Act in Supreme Court, says law restores dignity and livelihoods of forest communities"
4726,Algerian-French artist’s work vandalised at Kochi art gallery over ‘obscenity’ allegations
4727,"Chhath Puja 2025: Indian Railways to run 1,500 special trains to clear festival rush – check routes"
4728,"5 from UAE-based Prince Khan’s gang arrested in Jharkhand, police say they sent weapons through drones via Pakistan"
4729,24-hour strike demanding implementation of Tiprasa Accord underway in Tripura
4730,"5 contract killings, 2 extortions, and unrest ahead of Bihar polls – what is Sigma & Company, whose 4 gang members police gunned down in Delhi"
4731,"PM Modi’s Bihar poll plan is official – Samastipur and onwards, multiple visits before first phase"
4732,Congress’ ‘bachke rehna re baba’ jibe at Modi after PM skips Malaysia visit for ASEAN Summit
4733,India News: PM Modi to join ASEAN-India Summit in Malaysia virtually
4734,"Violence in Tripura day before 24-hour bandh: BJP workers injured, 6 vehicles damaged"
4735,"Bihar Assembly Election 2025 Highlights: Nitish will not be made Bihar CM if NDA voted to power, claims Tejashwi Yadav"
4736,"Tamil Nadu Rains: Chennai, 4 other districts on ‘yellow’ alert for heavy rain; schools shut in parts of state"
4737,Srinagar-bound IndiGo flight diverted to Varanasi after mid-air fuel leak alert; all 166 passengers safe
4738,No meeting with Trump as PM Modi to attend ASEAN summit online
4739,"Top News Headlines of October 23, 2025 | King Charles III prays with pope in historic visit, a welcome respite from royal troubles at home"
4740,"Minor son of Rajasthan ex-minister ‘rams Audi into 3 other cars’, leaving 2 people injured"
4741,"Suffering from memory loss and deported after decades in Kuwait, Bengaluru man turns up in Kochi, then goes missing"
4742,"Old enmity, lingering case and 2 hired gunmen – how police cracked BJP leader’s murder that shook Odisha"
4743,"In chargesheets against Madhya Pradesh activist, police cite books on communism, fascism as evidence"
4744,Exclusive | On Army table: Proposal to raise Agniveer retention rate from 25% to 75%
4745,"Pan-India SIR set to be rolled out in phases in November, states headed for polls in 2026 first"
4746,"Time for India and Sri Lanka to champion regional environmental constitutionalism, says SC judge"
4747,"Ahead of J-K Assembly session, Farooq Abdullah dials Mehbooba Mufti for support in Rajya Sabha polls"
4748,"Authorities order disconnection of power, water supply to illegal Rohingya settlement in Jammu"
4749,Odisha govt orders CBI probe into police SI recruitment ‘scam’
4750,Jharkhand: Jail warden arrested for attempting to molest minor
4751,"Doctor ‘leaves gauze inside woman’s body’, probe ordered against Dehradun hospital after her death"
4752,PM urges people to have darshan of ‘Jore Sahib’ during Guru Charan Yatra
4753,"Dressed in ghagra choli to avoid detection, Rohit Godara gang shooter arrested after chase in Rajasthan: police"
4754,"5 stories you must read today, October 22: From former Punjab DGP booked for son’s murder to Belgian court clearing Mehul Choksi’s extradition and more"
4755,"Manipur holds fish fair ahead of Ningol Chakouba festival, targets to sell 1.5 lakh kg of various fish varieties"
4756,No risk that Mehul Choksi won’t get fair trial in India after extradition: Belgian court
4757,"Amid seat-sharing tensions, Tejashwi’s new promises — permanent jobs for jeevikas, women’s welfare schemes"
4758,"Transgender dispute: Kinnar Akhara chief seeks police protection for members, cites ‘threat to life’"
4759,Air India’s Newark-bound plane returns to Mumbai following technical issue
4760,Former BJD MLA Bikram Panda arrested for BJP leader’s ‘murder’ in Odisha
4761,"After Sabarimala, Guruvayur temple at the centre of ‘gold theft’ row as BJP demands central agency probe"
4762,No evidence of unfair trial in India: Belgian court on Mehul Choksi’s plea
4763,"Prof Eknath Chitnis, veteran scientist who pioneered India’s space programme, dies at 100"
4764,Kerala Rains & Weather Forecast Today Highlights: Orange alerts in multiple districts as Kerala braces for ‘heavy’ rainfall
4765,"Jawan dies by suicide at Air Force station near Coimbatore, wife says he was stressed"
4766,"‘Tragic irony’: Congress slams Lokpal for BMW tender, questions public spending"
4767,President Droupadi Murmu in Kerala for 4-day visit; chopper faces snag during landing
4768,"NSE, BSE Holidays: Indian stock markets closed today for Bali Pratipada festival, trading to resume on Thursday"
4769,"Trump dials Modi, says discussed trade, Russia oil; PM flags terror fight"
4770,"PM Modi thanks Trump for Diwali wishes; leaders talk trade, Russian oil"
4771,Preparations for nationwide SIR in final stage: EC to decide rollout dates after key meet with state CEOs today
4772,"7-member Lokpal floats tender for 7 BMW cars, raises eyebrows"
4773,"Delhi upgrades mission in Kabul: Will strengthen ties with India, says Taliban Defence Minister Yaqoob"
4774,"Indian MBBS student suffers brain stroke in Russia, airlifted to Jaipur"
4775,"Dalit man ‘assaulted, forced to drink urine’ in 2nd such incident this month in Madhya Pradesh"
4776,"Cash, liquor, freebies worth Rs 71 crore seized in Bihar, bypoll states: Election Commission"
4777,India denies entry to top SOAS Hindi scholar — who is Francesca Orsini?
4778,"Heavy rain in Kerala: Tourists warned to avoid hilly areas, schools and colleges shut in 3 districts put on red alert"
4779,‘Strange man indeed’: Tejashwi Yadav mocks Nitish Kumar over his viral video garlanding BJP candidate
4780,"2 brothers chase woman into house for objecting to firecrackers, stab her father-in-law to death in Chhattisgarh"
4781,India formally upgrades ‘technical mission’ in Kabul to embassy
4782,"Mamata Banerjee has turned into a ‘demon’ and ‘Mir Jafar’, says BJP MP Biplab Deb"
4783,Heavy rainfall sets off flood warning in Tamil Nadu coastal areas
4784,"5 stories you must read today, October 21: From Prashant Kishor claiming intimidation of candidates to Japan’s first female PM and more"
4785,‘Significant development’ in probe into Odisha BJP leader’s murder: Police
4786,Prashant Kishor claims top BJP leadership intimidated his candidates into withdrawing
4787,"Bihar Assembly Election 2025: ‘Lathbandhan’ does not care about the youth of Bihar, PM Modi’s swipe at Oppn alliance"
4788,"‘Truth is not what they showed’: Akhilesh Yadav, AAP target BJP after Ayodhya Deepotsav record"
4789,"Top News Headlines of October 21, 2025 | Catastrophic Diwali celebrations: Bystanders too pay a heavy price as Chandigarh hospitals see over 300 cracker-related injuries"
4790,Diwali Muhurat Trading today: Check time and session details for National Stock Exchange and Bombay Stock Exchange
4791,"Techie falls into Ganga from under-construction Bajrang bridge in Rishikesh, rescue ops enter day 5"
4792,"Purnea MP Pappu Yadav bats for Congress again, says BJP and Chirag Paswan plotting to oust Nitish Kumar"
4793,"Exclusive: Spate of surrenders later, Maoists get new public liaison who vouches for ‘armed struggle’"
4794,"In letter to citizens, PM Modi says Bharat a ‘symbol of stability’ in a world with ‘multiple crises’"
4795,"Post-Diwali AQI shoots up in four Metro cities, Bengaluru records ‘good’ air quality"
4796,"‘Police opened fire to secure doctors, nurses’: Drama at Telangana hospital after man accused of killing constable is shot dead"
4797,"‘Congress, RJD failed to uphold coalition dharma’: JMM says won’t contest Bihar polls, will review ties with INDIA bloc"
4798,From grazing cattle to training AI: How a Ho scholar is digitally reviving his mother tongue
4799,"Centre plans play on Sardar Patel’s life, NSD to stage it in cities across the country"
4800,"JMM says it won’t contest Bihar polls, blames ‘political conspiracy’ by Congress-RJD for decision"
4801,"Rahul Gandhi makes ‘imarti’, ‘besan laddoo’ on Diwali. Shop owner wants to deliver sweets for his marriage"
4802,‘No such thing as a friendly fight’: Chirag Paswan predicts NDA’s clean sweep in Bihar Assembly Elections
4803,"5 stories you must read today, October 20: From Ola CEO booked after employee suicide to Banke Bihari temple’s treasury chamber opened and more"
4804,"For ‘larger goal’ of beating BJP, Congress leaves J-K’s Nagrota Assembly seat to National Conference"
4805,NFR installs Intrusion Detection System to prevent elephant deaths by trains – Here’s how it works
4806,"Underlining India’s military might, need for self-reliance: Takeaways from PM’s Diwali speech on board INS Vikrant"
4807,"Few takers for UPS, employees plan Jantar Mantar protest to press for Old Pension Scheme"
4808,Self-styled godman arrested in Cuttack for allegedly sexually assaulting 7-year-old girl
4809,"Top 10 railway zones operating maximum festival special trains 2025 for Puja, Diwali & Chhath – Full list"
4810,RJD Candidates List for Bihar Assembly Elections 2025: Full list of Rashtriya Janata Dal candidates for Bihar polls
4811,"RJD releases list of 143 candidates for Bihar polls, 5 of them to fight against INDIA bloc partners"
4812,Congress announces 7 more candidates; 61 names declared by party so far
4813,Chandrayaan-2 detects first proof of solar storms stirring Moon’s atmosphere
4814,‘Our goal is to make India one of world’s top defence exporters’: Top quotes from PM Modi’s 2025 Diwali speech
4815,Coordination of three services brought Pak to its knees during Op Sindoor: PM
4816,Congress fields 6 more candidates in Bihar; Mahagathbandhan seat deal with RJD remains uncertain
4817,"Months after Lawrence Bishnoi-Goldy Brar split, gang war plays out in US: Harry Boxer attacked, 1 dead"
4818,"After poll rally speech faux pas over IPFT, Tripura CM Manik Saha expresses apology, reaches out to ally chief"
4819,"Top News Headlines of October 20, 2025 | Colombia recalls US ambassador after Trump threatens tariffs, calls Petro ‘drug leader’"
4820,"Goa’s unique Diwali tradition now sees massive crowds, DJs, drones and hydraulics-powered effigies of a demon king"
4821,"Served chicken biryani instead of veg, customer ‘guns down’ Ranchi restaurant owner"
4822,"‘Need funds to pay teachers, give grants to students’: Kerala joins Centre’s scheme for schools after holding out for long"
4823,ICAR data breach: Head of institute replaced 3 days before end of term
4824,"After violence, Ladakh talks back on track, resume Oct 22"
4825,"After violence, Ladakh talks back on track, resume Oct 22"
4826,"After top-level review, Centre asks states to detail corruption probes, action against officials in Jal Jeevan Mission"
4827,"Karnataka again extends deadline for caste survey, exercise to conclude on October 31 now"
4828,"BJP leaders slam Akhilesh Yadav over ‘learn from Christmas’ remark, call it ‘anti-Sanatan’"
4829,"PM Modi set to address a dozen events in Bihar after Diwali, to begin with rally in Samastipur on October 24"
4830,Diwali 2025: Chennai metro revises train timings on October 20-21
4831,"Ranchi restaurant owner shot for serving chicken biryani, Cong Kanke MLA S K Baitha hints at property angle"
4832,"5 stories you must read today, October 19: From Louvre museum robbery, India’s defeat in ODI to Trump’s AI video and more"
4833,Ladakh representatives to hold talks with MHA in Delhi on Oct 22
4834,"Diwali 2025: Northern Railway announces 10 additional Special trains for Bihar – check route, stoppages"
4835,"Congress Candidates List for Bihar Elections 2025: Congress finalises 59 candidates, state party chief Rajesh Ram to contest from Kutumba"
4836,"Tripura intensifies anti-narcotics operation after massive drug bust, Opposition leader alleges involvement of ruling party and administration"
4837,"In Photos | Ayodhya readies for grand Diwali, eyes Guinness record with 26 lakh diyas"
4838,Banjara activist launches indefinite fast on charpoy in Jalna for ST status demand
4839,"3 Indians killed, one injured, 5 rescued in Mozambique boat accident"
4840,Bihar Assembly polls: AIMIM releases list of 25 candidates
4841,"Gold Today Rate, 19 October: Check 18, 22 and 24 carat gold prices for Dhanteras 2025 in Chennai, Mumbai, Delhi, Kolkata and other cities"
4842,"Silver Today Rate, 19 October: Silver price today in Delhi, Hyderabad, Bangalore, Chennai, Mumbai; check city-wise silver rate list"
4843,"Bihar Assembly Election 2025 Highlights: JMM says it won’t contest Bihar polls, blames ‘political conspiracy’ by Congress-RJD for decision"
4844,"Diwali 2025 News Live Updates: PM Modi celebrates Diwali aboard INS Vikrant, calls Navy personnel ‘family’"
4845,"Top News Headlines of October 19, 2025 | BJP MP Medha Kulkarni ‘purifies’ spot in Shaniwadwada where ‘namaz’ was offered"
4846,Bhubaneswar minor rape case: Probe into minor’s sexual assault busts open inter-state sex racket
4847,"In Nagaland, two major players are now one"
4848,"Allow jailed J&K legislator Mehraj Malik to cast vote in Rajya Sabha polls, High Court says"
4849,"‘Yaanam 2025’: From the seaside in Varkala, a call for stories to set sail"
4850,"‘Everyone regardless of faith or heritage, has the right to feel safe’: Australian Minister Anne Aly after anti-India protests"
4851,Munir’s second n-threat to India in two months: ‘Response will be catastrophic’
4852,"Congress releases second list for Bihar elections, fields 5 candidates"
4853,Uttarakhand govt files affidavit in HC on proposed amendments to UCC live-in relationship rules
4854,"5 stories you must read today, October 18: From Omar Abdullah mulling joining J-K statehood case to Trump’s remarks on Pak-Afghan conflict and more"
4855,Sikkim pollution control board urges people to refrain from bursting firecrackers on Diwali
4856,"JMM to contest six Bihar seats, hints at ‘reviewing alliance’ in Jharkhand"
4857,Indian film ‘Dupki’ premieres at Beijing festival without its cast; director says denied visa
4858,"Shops shut, transport hit during Telangana bandh for backward classes reservation"
4859,‘I’ve had conversations with lawyers…’: Omar says he is considering becoming a party to JK statehood case in SC
4860,"Himanta’s BJP gets a new ally, churning Assam’s political landscape months ahead of Assembly polls"
4861,"Operation Sindoor was just a trailer, now BrahMos can reach all of Pakistan: Rajnath"
4862,"Ahead of Diwali, Railways increases coach count of 58th Vande Bharat train to 16 – check route, stoppages, ticket price"
4863,Railways approves Final Location Survey for Devgarh Madaria-Marwar rail line in Rajasthan
4864,"Central Railway Mega Block on Sunday: Vande Bharat, Suburban trains among services to be affected on October 19 – Full list"
4865,‘Mahagathbandhan seat-sharing finalised’: RJD leader says ‘confusion over a few seats remains’
4866,"Rajnath, Yogi flag off first batch of Lucknow-made BrahMos missiles"
4867,Dams in south get copious inflows as heavy rain lashes TN; Chennai continues to receive downpour
4868,Air quality dips across north India as winter nears; Delhi among most polluted cities
4869,‘Nitish Kumar a remote-controlled Chief Minister’: Congress hits back at NDA jibes against Mahagathbandhan ahead of Bihar elections
4870,"PM Modi shares Dhanteras greetings on X; gold, silver prices see sharp correction"
4871,International Bird Watching programme held at Rakchham-Chitkul wildlife sanctuary; 35 species spotted
4872,"Silver Today Rate, 18 October: Silver price today in India for Dhanteras 2025, check city-wise silver rate list"
4873,"‘BCCI, Govt of India can take tips on prioritising nation’: Opposition on Afghanistan calling off T20 series with Pakistan after attack"
4874,"On Dhanteras, PM Modi, LoP Rahul Gandhi extend greetings wishing citizens prosperity, good health"
4875,Fire noticed in coach of Amritsar–Saharsa Garib Rath Express train – check latest update
4876,"Gold Today Rate, 18 October: Check 18, 22 and 24 carat gold prices for Dhanteras 2025 in Chennai, Mumbai, Delhi, Kolkata and other cities"
4877,"Yusuf Pathan posts photo of West Bengal’s Adina Mosque on X, state BJP says it’s a temple"
4878,‘Will Cristiano Ronaldo come to Goa?’: Portugal football star’s potential visit creates buzz for club match in Goa
4879,"‘If caste assertion continues, people who call themselves Hindus will cease to exist…’: Madhya Pradesh High Court"
4880,CRPF widow who waged 25-year fight for fair pension has her day in court
4881,Rajasthan police detain 2 journalists from Madhya Pradesh for ‘illegal demand of Rs 5 crore’
4882,"MHA orders judicial probe into Leh violence, stakeholders welcome move"
4883,"Exclusive: After Finance cut funds to near zero, Shivraj-led Ministry pushes back, seeks Rs 992 Cr for rural training body"
4884,India’s economy has moved from fragile 5 to top 5 in the world: PM
4885,India-Sri Lanka cooperation holds immense importance for region: PM
4886,"‘Only game in town’: Abdelatty calls for making Gaza peace pact a success, meets PM"
4887,Money laundering tribunal cannot send back property attachment order for reconsideration: Karnataka High Court
4888,"2 dead, 5 injured after explosion at private shipyard in Goa"
4889,Death of 3 Bangladeshis national in clash with Tripura villagers underscores need for border fencing: MEA
4890,"Grassroots worker with RSS connections – who is Morpal Suman, BJP’s candidate for Rajasthan’s Anta"
4891,"3 students, including local ABVP office bearer, arrested for ‘recording’ women changing clothes in Madhya Pradesh college"
4892,"Court in Belgium clears Choksi extradition, he has 15 days to appeal"
4893,India one of the biggest contributors to the deadly global ‘superbug’ crisis
4894,Mehul Choksi’s extradition to India cleared by Belgian court: All you need to know
4895,"‘Zubeen was like the Kanchenjunga’ – In Assam, Rahul Gandhi pays homage to late singer"
4896,"We plan to export power to Nepal, final decision to be taken by Centre: Tripura Power Minister R L Nath"
4897,"Roses, the Constitution, and posing for cameras: As 210 Naxals lay down arms in Abujhmad, why it’s a big deal"
4898,"MHA orders judicial probe into Sept 24 Leh violence, stakeholders welcome move"
4899,"5 stories you must read today, October 17: From Gujarat Cabinet reshuffle to Kerala school hijab controversy and more"
4900,Indian Railways: Kashmir receives its first freight train carrying industrial salt from Gujarat
4901,Sabarimala ‘missing gold’ case: Key accused Unnikrishnan Potty claims he was ‘trapped’
4902,"LCA Tejas Mk 1 A undertakes inaugural flight: ‘Shining symbol of atmanirbharta,’ says Rajnath Singh"
4903,Three soldiers injured after ‘unidentified terrorists’ open fire at Assam Army camp
4904,Railways conducts Kavach loco trial at 160 kmph speed in Prayagraj Division; train safety to improve on Delhi-Howrah route
4905,More skeletons tumble out in Odisha SI paper leak: Rooms booked for 110 aspirants in Bengal while 114 were taken to Andhra
4906,"‘Fake, patched up edit of an ad’: Actor Manoj Bajpayee issues clarification over video endorsing RJD"
4907,Diwali 2025: Can a passenger travel if one train ticket in a PNR remains on waiting list?
4908,Singapore police say they don’t suspect foul play in Zubeen Garg’s death
4909,Railways launches pilot scheme to provide covered blankets in trains for better hygiene
4910,Nitish Kumar has freed Bihar from ‘jungle raj’ in past 20 years: Amit Shah at poll rally in Saran
4911,"Gujarat Cabinet reshuffle: Harsh Sanghavi returns, Rivaba Jadeja opens innings in state ministry"
4912,"Student at centre of Kerala hijab row decides to pull out of school, father says institute’s stand ‘pained her’"
4913,Bru organisation objects to Tripura CM Saha’s remarks against community: caused ‘deep emotional concern and misunderstanding’
4914,"Silver Today Rate, 17 October: Silver price today in Delhi, Hyderabad, Bangalore, Chennai, Mumbai; check city-wise silver rate list"
4915,"Gold Today Rate, October 17: Check 18, 22 and 24 carat gold prices Chennai, Mumbai, Delhi, Kolkata and other cities"
4916,Top 8 Metro cities AQI today: Delhi logs worst air quality; Chennai leads with ‘good’ AQI
4917,Bihar Election 2025: Congress announces second list of candidates as Mahagathbandhan finalize seat sharing
4918,"Indian Air Force, Coast Guard complete first joint scuba diving expedition off Maharashtra coast in Vijaydurg: WATCH"
4919,Allegations swirl as 24 transgender residents of Indore attempt mass suicide
4920,"Questions over his health and succession plan become louder, Naveen Patnaik defiant: ‘Will serve till the end’"
4921,‘Hopeful that statehood promise will be met before situation worsens in J&K’: Omar Abdullah to Centre
4922,"It went locally extinct for 50 years. Then, the blackbuck made a miraculous comeback in Chhattisgarh’s Barnawapara sanctuary"
4923,"More dominoes fall in Maoist ranks, key ‘bombmaker’ behind 2000 attack on Chandrababu Naidu among 170 who will surrender today"
4924,"Govt to Delhi HC: CHRI diverted funds to benefit Bangladesh, Pakistan, Afghanistan"
4925,258 Maoists surrendered in two days: Amit Shah
4926,SC stays HC order upholding police custody of two woman journalists
4927,EXCLUSIVE: Centre approves Adani Power’s plan to link Godda plant — till now supplying only Bangladesh — to Indian grid
4928,"Opposition parties question PM’s ‘silence’, say key decisions outsourced to US"
4929,India’s T20 captain Suryakumar Yadav is guest at Adda today
4930,SC sets aside HC order for CBI probe into UP Assembly Secretariat recruitment ‘irregularities’
4931,Southwest monsoon has withdrawn as per schedule: IMD
4932,‘We stand by you. You belong here’: Australian minister’s message to Indians amid anti-immigrant protests
4933,"Dalit man ‘assaulted, urinated on’ in Madhya Pradesh after ‘objecting to illegal mining’"
4934,‘There should be no double standards’: India responds to UK sanctions over Russian oil trade
4935,Tipra Motha founder Pradyot Kishore to move Supreme Court over ‘denial’ of customary laws and land rights to tribals
4936,Majority utilising Ayushman Bharat to seek care in private-sector hospitals at higher costs: Report
4937,"Darbar Move: 150-year-old practice of shifting govt offices from Srinagar to Jammu, and vice versa to make comeback after four years"
4938,Nagma Mohamed Mallick to be India’s new envoy in Tokyo
4939,Those who defamed Zubeen when he was alive now worship him: CM Sarma
4940,Two Indore collegians booked for social media letter falsely announcing principal’s death
4941,"‘Old practice to blame neighbours’: India rebukes Pakistan over Afghan clashes, calls Islamabad a ‘sponsor of terror’"
4942,India’s technical mission in Kabul will transition into embassy in next few days: MEA spokesperson
4943,"Must adopt a zero-tolerance approach towards economic offenders, cyber criminals and fugitives: Amit Shah"
4944,"Journey of sacred footwear of Guru Gobind Singh, wife to kick off on October 23, to conclude with enshrinement in Patna"
4945,Key accused held in Sabarimala gold misappropriation case
4946,"5 stories you must read today, October 16: From EC rejecting Muslim exclusion in Bihar to Kohli’s cryptic message ahead of ODI return and more"
4947,‘Based purely on apprehension’: Chhattisgarh HC dismisses plea seeking probe into senior Maoist leader’s ‘encounter’
4948,Top 10 highest AQI cities in India at 5.30 pm today (October 16): MP’s Sagar tops chart
4949,Two arrested over Zubeen protests in Assam’s Baksa
4950,India responds to Trump’s claim on Russian oil: No conversation between PM Modi and US President yesterday
4951,"From special trains to holding areas: Northern Railway steps up preparations for Diwali, Chhath puja"
4952,"Amid Google investment in Andhra and bumpy roads in Bengaluru, a ‘spicy’ jibe from Nara Lokesh"
4953,"Vande Bharat Sleeper train: Second rake arrives at ICF, trial run to begin soon – Check what’s new"
4954,"Public servant caught ‘taking Rs 10 lakh bribe’, CBI searches reveal Rs 2.62 crore cash, dozens of properties"
4955,Watch | PM Modi offer prayers at Srisailam temple before inaugurating infra projects in Andhra Pradesh
4956,"Top 10 highest AQI cities in India today (October 16): Kapurthala, Ghaziabad record highest morning pollution"
4957,"Days after death of Kerala techie who alleged abuse at RSS shakha, video found in his laptop names ‘sexual abuser’"
4958,"After cough syrup tragedy, MP hospital under lens over ‘worms’ in medicine"
4959,"CJI Gavai shoe row: Attorney General nod for contempt against Rakesh Kishore, SC says ‘let it die a natural death’"
4960,"Silver Today Rate, 16 October: Silver price today in Delhi, Hyderabad, Bangalore, Chennai, Mumbai; check city-wise silver rate list"
4961,JD(U) releases second list of 44 candidates for Bihar polls
4962,"After Trump’s claim on Russian oil, India responds: ‘Priority is to safeguard interests of consumers’"
4963,"Gold Today Rate, October 16: Check 18, 22 and 24 carat gold prices Chennai, Mumbai, Delhi, Kolkata and other cities"
4964,"Goa’s tourist roadmap: Lord Parshuram statue, arena for international concerts"
4965,‘PM Modi scared of Trump’: Rahul Gandhi after US Prez says India will stop buying Russian oil
4966,"Modi assured me won’t buy Russian oil, claims Trump; MEA says not aware"
4967,"Battle of Ghatshila: Next gen of two key Santhali political families to slug it out as BJP, JMM announce bypoll faces"
4968,From WhatsApp to lanes of Dharavi: How Kerala cops tracked fraudster who made fake PM-Kisan app
4969,"Top News Headlines of October 16, 2025 | Italian news publishers demand probe into Google AI overviews, calling it a ‘traffic killer’"
4970,"‘At first, thought someone was smoking’: Tales of horror from Jaisalmer bus fire"
4971,"After surprise setback ahead of bypoll, BJD bets on ‘outsider’ ex-minister"
4972,"Sonu’s surrender in Maharashtra has ripples in Chhattisgarh, 50 Maoists from Abujhmad lay down arms"
4973,Bihar Polls: BJP names all 101 candidates as it releases second and third lists
4974,Supreme Court Collegium admits its decision on judge changed after Govt ‘sought’ it
4975,WTI founder Menon becomes first Asian to chair key IUCN panel
4976,Madhya Pradesh govt: Caste system founded on principles of social harmony
4977,"Congress panel puts 9 seats in pending list, 7 names announced"
4978,"Bihar Polls: Boost booth-level coordination for NDA, PM Modi tells BJP workers"
4979,"Sri Lanka PM Harini Amarasuriya’s 3-day visit begins today, key bilaterals on the table"
4980,"Bihar polls: BJP drops 3 MLAs, fields singer Maithili Thakur in second list of 12"
4981,Another Operation Sindoor would be ‘deadlier’: Military exercise to simulate futuristic conflict scenarios concludes
4982,Lok Janshakti Party candidates list for Bihar elections 2025: Chirag Paswan’s LJP (Ram Vilas) announces list of 43 candidates
4983,Railways to launch Vande Bharat 4.0 train in next 18 months – check key features
4984,3 suspected Bangladeshi cattle thieves killed in clash with border villagers in Tripura: police
4985,"China files WTO complaint against India over EV subsidies, commerce ministry to examine"
4986,Bihar polls: Chirag Paswan’s LJP names 14 of 29 candidates
4987,"Businesswoman Devyani Rana, daughter of late MLA Devender Rana, is BJP’s pick for Nagrota bypoll"
4988,"Next phase of BRICS cooperation will be defined by how effectively it integrates technology, trade policies: MEA Secretary"
4989,Naveen Patnaik names Snehangini Chhuria as BJD candidate for Nupada by-poll
4990,"India to host Commonwealth Games 2030, Ahmedabad recommended as host city"
4991,"Internet snapped, police vehicles set on fire as Zubeen protests flare in Assam district where accused are jailed"
4992,"5 stories you must read today, October 15: From SC allowing green firecrackers in Delhi-NCR to Kerala school hijab controversy and more"
4993,"BJP releases 2nd list of candidates for Bihar polls, fields folk singer Maithili Thakur from Mithilanchal seat"
4994,"Indian Railways to develop 7,000 km of Dedicated Passenger Corridors by 2047; designed for 350 kmph speed"
4995,"Meet Hina Khan, the Madhya Pradesh cop who used ‘Jai Shri Ram’ slogan to stun agitating lawyers into silence"
4996,"Diwali 2025: Railways suspends Platform Ticket sales at 15 stations including Delhi, Mumbai – Full list"
4997,"Amid hijab row in Kerala, church pushback, minister climbdown and a CPM balancing act"
4998,Convoy taking accused in Zubeen Garg case to newly opened prison pelted with stones
4999,"RJD leader Tejashwi Yadav files nomination with Lalu, Rabri Devi by his side"
